paper_id,chunk_id,chunk_index,chunk_text,section_title,section_path,page_start,page_end,char_start,char_end,title,authors,category,published,url,arxiv_id,topic_cluster,token_count,word_count,contains_citation_marker,contains_equation_like_text,source_word_start,source_word_end,preferred_section,chunk_quality_score
astrobench_cc18f51e25,astrobench_cc18f51e25_chunk_000,0,"Laplace-Legendre expansion of the planar planetary Hamiltonian 5 Conclusion In this work, we explored an alternative expansion of the disturbing function for the planar planetary 3-body problem. This formulation, referred to as the Laplace–Legendre expansion, combines elements from both the classical Laplace and Legendre series. It uses the same series structure as the Laplace formulation, but differs in that each term of the expansion retains its full dependence in both the semi-major axis ratio and eccentricity. The method provides, for example, an alternative means to construct the secular Hamiltonian suitable for modeling the long-term evolution of planetary systems. We evaluated the convergence of this expansion across several choices of eccentricities e and semi-major axis ratios α, and compared its performance with that of the Laplace and Legendre series. We explored configurations characterized by e, α ∈ [0, 0.2], as well as two limiting regimes: nearly circular, compact systems with e = 0.01 and α ∈{0.4, 0.5}, and hierarchical, highly eccentric systems with e = 0.6 and α ∈{0.001, 0.01}. The results show that the Laplace–Legendre expansion performs best in regimes",5 Conclusion,5 Conclusion,,,,,Laplace-Legendre expansion of the planar planetary Hamiltonian,"Aya Alnajjarine, Jacques Laskar, Federico Mogavero",astro-ph.EP,2026-03-17T13:51:12Z,http://arxiv.org/abs/2603.16528v1,2603.16528,action_angle_methods,234,180,False,True,0,180,True,5.0
astrobench_cc18f51e25,astrobench_cc18f51e25_chunk_001,1,"of the Laplace expansion. In the last two regimes, combining the Laplace and Legendre approaches does not necessarily lead to an expansion that outperforms both classical methods at the same time. Instead, the Laplace–Legendre expansion tends to match the method that is best suited to each limit. In the extremes of these limits (namely, when α ≪ 1 and e is large, or when e ∼ 0 while α is large), the new expansion may exhibit slightly reduced accuracy compared to the classical method most appropriate for that regime. Nevertheless, its clear advantage is to span in a single formulation both the Laplace and Legendre expansions. It may therefore 15 be useful when the system transitions between different dynamical regimes, or when the prevailing regime cannot be determined a priori. Overall, the Laplace–Legendre expansion provides consistent performance across a wide range of orbital parameters which includes the doma in of applicability of both the Laplace and Legendre expansions, making it an interesting option for secular studies. The price to pay for this broader applicability is an increasing complexity of the",5 Conclusion,5 Conclusion,,,,,Laplace-Legendre expansion of the planar planetary Hamiltonian,"Aya Alnajjarine, Jacques Laskar, Federico Mogavero",astro-ph.EP,2026-03-17T13:51:12Z,http://arxiv.org/abs/2603.16528v1,2603.16528,action_angle_methods,234,180,False,False,280,460,True,5.0
astrobench_cc18f51e25,astrobench_cc18f51e25_chunk_002,2,"as two limiting regimes: nearly circular, compact systems with e = 0.01 and α ∈{0.4, 0.5}, and hierarchical, highly eccentric systems with e = 0.6 and α ∈{0.001, 0.01}. The results show that the Laplace–Legendre expansion performs best in regimes where both e and α are small (e.g., e = 0.01, α = 0.01). It can also outperform both classical methods in an intermediate regime, where neither parameter is particularly small but their product remains small (e.g., e = 0.1, α = 0.1). In the hierarchical limit (α < 0.1), the Laplace–Legendre expansion improves upon the Legendre expansion at low eccentricities (e < 0.1), while at higher eccentricities (e ≥ 0.2) it closely reproduces the performance of the Legendre expansion. In the nearly circular regime (e ≲ 0.01), and as long as α remains moderate, its behavior closely matches that of the Laplace expansion. In the last two regimes, combining the Laplace and Legendre approaches does not necessarily lead to an expansion that outperforms both classical methods at the same time. Instead, the Laplace–Legendre expansion tends to match the method",5 Conclusion,5 Conclusion,,,,,Laplace-Legendre expansion of the planar planetary Hamiltonian,"Aya Alnajjarine, Jacques Laskar, Federico Mogavero",astro-ph.EP,2026-03-17T13:51:12Z,http://arxiv.org/abs/2603.16528v1,2603.16528,action_angle_methods,234,180,False,True,140,320,True,4.5
astrobench_cc18f51e25,astrobench_cc18f51e25_chunk_003,3,"Laplace-Legendre expansion of the planar planetary Hamiltonian 1 Introduction In planetary systems, the disturbing function plays a central role in understanding the long-term dynamical evolution of planetary orbits. It encodes the gravitational interactions between planets and provides the foundation for studying both secular 1 and resonant dynamics. Expanding the disturbing function as a power series in the orbital elements has long been a key focus in celestial mechanics and fundamental to constructing perturbative models of planetary motion. In the context of the 3-body problem, two classical approaches are commonly used for this purpose. The first approach expands the disturbing function as a power series in eccentricity and inclination, with coefficients that are exact in semi-major axes ratio and are expressed in terms of Laplace coefficients. This formulation, developed by Laplace (1773) and Lagrange (1781; 1782), forms the basis of what is now known as the Laplace–Lagrange secular theory (see Laskar 2013, for a detailed historical account). This theory has been a cornerstone for studying the long-term evolution of planetary systems, particularly in the solar system, where orbits are nearly circular",1 Introduction,1 Introduction,,,,,Laplace-Legendre expansion of the planar planetary Hamiltonian,"Aya Alnajjarine, Jacques Laskar, Federico Mogavero",astro-ph.EP,2026-03-17T13:51:12Z,http://arxiv.org/abs/2603.16528v1,2603.16528,action_angle_methods,234,180,False,False,0,180,True,4.0
astrobench_cc18f51e25,astrobench_cc18f51e25_chunk_004,4,"is now known as the Laplace–Lagrange secular theory (see Laskar 2013, for a detailed historical account). This theory has been a cornerstone for studying the long-term evolution of planetary systems, particularly in the solar system, where orbits are nearly circular and coplanar. Peirce (1849) and Le Verrier (1855) extended the expansion to higher degrees in eccentricities and inclinations, aiming for a more accurate description of the solar system’s evolution, followed by further similar developments (Boquet 1889; Newcomb 1895; Brouwer and Clemence 1961; Murray and Dermott 1999). This expansion was later reformulated with in a Hamiltonian framework using heliocentric canonical variables introduced by Poincar´e (Poincar´e 1896; Laskar 1991; Laskar and Robutel 1995). The second approach develops the disturbing function in powers of the semi-major axes ratio of the two planets, using Legendre polynomials. This expansion, known as Legendre expansion, has been widely applied to a variety of triple systems with hierarchical configurations (Hansen 1852; Hill 1875; Tisser and 1894; Kaula 1962; Kozai 1962; Lidov 1962; Brumberg 1967; Ford et al. 2000; Lee and Peale 2003; Laskar and Bou´e 2010; Naoz et",1 Introduction,1 Introduction,,,,,Laplace-Legendre expansion of the planar planetary Hamiltonian,"Aya Alnajjarine, Jacques Laskar, Federico Mogavero",astro-ph.EP,2026-03-17T13:51:12Z,http://arxiv.org/abs/2603.16528v1,2603.16528,action_angle_methods,234,180,False,False,140,320,True,4.0
astrobench_cc18f51e25,astrobench_cc18f51e25_chunk_005,5,"widely applied to a variety of triple systems with hierarchical configurations (Hansen 1852; Hill 1875; Tisser and 1894; Kaula 1962; Kozai 1962; Lidov 1962; Brumberg 1967; Ford et al. 2000; Lee and Peale 2003; Laskar and Bou´e 2010; Naoz et al. 2011), and is applicable to configurations with arbitrary eccentricities and inclinations. Each expansion offers advantages in different dynamical regimes. Laplace expansion is well suited to compact, nearly circular and coplanar orbits, as in the solar system, but has limitations when applied to configurations with higher eccentricities and inclinations, such as those observed in certa in exoplanetary systems. In contrast, Legendre expansion is applicable for objects with arbitrary eccentricities and inclinations, but converges slowly when the system is not strongly hierarchical, as in the case of the inner solar system (Bou´e et al. 2012). These complementary limitations naturally raise the question of whether an alternative formulation can be constructed to combine both approaches, and whether such a formulation could leverage the advantages of both. Ellis and Murray (2000) presented a mixed expansion of the disturbing function “which retains the advantages",1 Introduction,1 Introduction,,,,,Laplace-Legendre expansion of the planar planetary Hamiltonian,"Aya Alnajjarine, Jacques Laskar, Federico Mogavero",astro-ph.EP,2026-03-17T13:51:12Z,http://arxiv.org/abs/2603.16528v1,2603.16528,action_angle_methods,234,180,False,False,280,460,True,4.0
astrobench_cc18f51e25,astrobench_cc18f51e25_chunk_006,6,"question of whether an alternative formulation can be constructed to combine both approaches, and whether such a formulation could leverage the advantages of both. Ellis and Murray (2000) presented a mixed expansion of the disturbing function “which retains the advantages of Kaula (1962)’s approach but expressed in terms of Laplace coefficients and their derivatives”. The final form of such an expansion is given in their Eq. (16), but its detailed derivation was deferred to a subsequent paper that does not appear to have been published (see also Mardling 2013). The new development was only used as a basis of a “for producing expansions of the planetary disturbing function to any order in the eccentricities and inclinations”, and no study of its convergence was performed. In this work, we explore an alternative development of the disturbing function, which we refer to as the Laplace–Legendre expansion. It retains the classical structure of the Laplace expansion, developing the inverse of the mutual distance as a Taylor series around the circular, coplanar problem. The key difference is that, at each order, 2 the terms",1 Introduction,1 Introduction,,,,,Laplace-Legendre expansion of the planar planetary Hamiltonian,"Aya Alnajjarine, Jacques Laskar, Federico Mogavero",astro-ph.EP,2026-03-17T13:51:12Z,http://arxiv.org/abs/2603.16528v1,2603.16528,action_angle_methods,234,180,False,False,420,600,True,4.0
astrobench_cc18f51e25,astrobench_cc18f51e25_chunk_007,7,"as the Laplace–Legendre expansion. It retains the classical structure of the Laplace expansion, developing the inverse of the mutual distance as a Taylor series around the circular, coplanar problem. The key difference is that, at each order, 2 the terms of the new expansion are exact in both eccentricity and the semi-major axis ratio. We present the new formulation for the planar 3-body problem, with a specific focus on its secular part, which is relevant for modeling the long-term orbital evolution of planetary systems. We beg in by outlining the Hamiltonian formalism for the planetary 3-body problem and reviewing the two classical approaches for expanding the direct part of the disturbing function (Sect. 2). We then introduce the Laplace–Legendre expansion at zeroth, first, and arbitrary order (Sect. 3). Finally, we assess its convergence properties, comparing its accuracy with that of the classical Laplace and Legendre expansions across a range of eccentricities and semi-major axis ratios (Sect. 4).",1 Introduction,1 Introduction,,,,,Laplace-Legendre expansion of the planar planetary Hamiltonian,"Aya Alnajjarine, Jacques Laskar, Federico Mogavero",astro-ph.EP,2026-03-17T13:51:12Z,http://arxiv.org/abs/2603.16528v1,2603.16528,action_angle_methods,205,157,False,False,560,717,True,4.0
astrobench_cc18f51e25,astrobench_cc18f51e25_chunk_008,8,"range of orbital parameters which includes the doma in of applicability of both the Laplace and Legendre expansions, making it an interesting option for secular studies. The price to pay for this broader applicability is an increasing complexity of the analytical expression of the Hamiltonian at each order with respect to the classical expansions, which results in a larger number of terms involved at a given order. In particular, the expression of the secular Hamiltonian involves an infinite summation over the Laplace coefficients and therefore is not in a closed form. This naturally calls for the use of a computer algebra system to manipulate large expressions, particularly for the spatial problem, which we did not address in this exploratory work. Extending the Laplace–Legendre formulation to the spatial case is feasible along the same lines of this work, but would substantially increase the algebraic complexity, as is already apparent in the classical expansions when moving from the planar to the spatial formulation (e.g., Laskar and Bou´e 2010). While a dedicated study would be required to quantify convergence in the spatial case,",5 Conclusion,5 Conclusion,,,,,Laplace-Legendre expansion of the planar planetary Hamiltonian,"Aya Alnajjarine, Jacques Laskar, Federico Mogavero",astro-ph.EP,2026-03-17T13:51:12Z,http://arxiv.org/abs/2603.16528v1,2603.16528,action_angle_methods,234,180,False,False,420,600,True,4.0
astrobench_cc18f51e25,astrobench_cc18f51e25_chunk_009,9,"increase the algebraic complexity, as is already apparent in the classical expansions when moving from the planar to the spatial formulation (e.g., Laskar and Bou´e 2010). While a dedicated study would be required to quantify convergence in the spatial case, the new formulation remains a formal expansion in the parameter V. We therefore expect similar qualitative convergence behavior in the regime where V remains small, i.e., for small to moderate eccentricities, inclinations and semi-major axis ratios.",5 Conclusion,5 Conclusion,,,,,Laplace-Legendre expansion of the planar planetary Hamiltonian,"Aya Alnajjarine, Jacques Laskar, Federico Mogavero",astro-ph.EP,2026-03-17T13:51:12Z,http://arxiv.org/abs/2603.16528v1,2603.16528,action_angle_methods,99,76,False,False,560,636,True,3.0
astrobench_cc18f51e25,astrobench_cc18f51e25_chunk_010,10,"a result, in these limiting cases the ordering is not as locally optimal as in the corresponding classical expansion. This is a trade-off for the optimality of the new expansion in the regime e, α → 0. Anyway, the clear advantage of the new expansion is that now we have a global formulation that bridges the Laplace and Legendre regimes. This broader applicability comes at the cost of a larger number of terms retained at a given expansion order compared to the classical Laplace and Legendre expansions (see Appendix B). Finally, we note that when both e and α are not small (e.g, e, α > 0.2), the convergence of the Laplace-Legendre expansion deteriorates and becomes progressively slower, similarly to the classical expansions. This behavior is expected, as in such regimes the parameter V is no longer small and the assumptions underlying the present expansion are no longer satisfied (see Sect. 3).",4 Convergence of the Laplace-Legendre expansion,4 Convergence of the Laplace-Legendre expansion,,,,,Laplace-Legendre expansion of the planar planetary Hamiltonian,"Aya Alnajjarine, Jacques Laskar, Federico Mogavero",astro-ph.EP,2026-03-17T13:51:12Z,http://arxiv.org/abs/2603.16528v1,2603.16528,action_angle_methods,198,152,False,False,1820,1972,False,3.0
astrobench_cc18f51e25,astrobench_cc18f51e25_chunk_011,11,"exact dependence of V on e and α at each order, avoiding the expansion in e carried on in the classical Laplace approach. The resulting expansion is expected to converge better than the classical developments in regimes where both e and α are small, or in intermediate regimes where neither parameter is particularly small but their product remains small. These regimes define the natural doma in of interest of the present formulation, which is explored quantitatively in Sect. 4.Moreover, exact dependence on e and α at each order should allow us to span the two regimes e → 0 and α → 0 in a single formulation. In the following, we construct the Laplace–Legendre expansion at zeroth, first, and arbitrary order, focusing in each case on the expression of the secular direct part of the disturbing function. 6",3 Laplace-Legendre expansion,3 Laplace-Legendre expansion,,,,,Laplace-Legendre expansion of the planar planetary Hamiltonian,"Aya Alnajjarine, Jacques Laskar, Federico Mogavero",astro-ph.EP,2026-03-17T13:51:12Z,http://arxiv.org/abs/2603.16528v1,2603.16528,action_angle_methods,180,138,False,False,140,278,False,2.0
astrobench_cc18f51e25,astrobench_cc18f51e25_chunk_012,12,"Laplace-Legendre expansion of the planar planetary Hamiltonian 4 Convergence of the Laplace-Legendre expansion The convergence of truncated secular expansions of the disturbing function has been investigated in several previous studies, primarily through numerical assessments of the accuracy of high-order expansions. In (Laskar 1985), the convergence of the Laplace expansion at second order of the masses is analyzed for all planetary pairs in the Solar System with respect to the truncation in the harmonics of the first order expansion. For the coplanar 3-body problem, Libert & Henrard (2005) considered Hamiltonian expansions carried to degree 12 in eccentricity and showed that the resulting secular models accurately reproduce the long-term dynamics of exoplanetary systems with large eccentricities, while also demonstrating that the series of secular terms converges better than the series associated with the full perturbation. Migaszewski & Go´zdziewski (2008) performed a similar convergence study of the Legendre expansion, extending it up to order 24 in the semi-major axis ratio and applying it to a range of exoplanetary configurations. They showed that the expansion converges rapidly for sufficiently hierarchical systems, while the convergence",4 Convergence of the Laplace-Legendre expansion,4 Convergence of the Laplace-Legendre expansion,,,,,Laplace-Legendre expansion of the planar planetary Hamiltonian,"Aya Alnajjarine, Jacques Laskar, Federico Mogavero",astro-ph.EP,2026-03-17T13:51:12Z,http://arxiv.org/abs/2603.16528v1,2603.16528,action_angle_methods,234,180,True,False,0,180,False,2.0
astrobench_cc18f51e25,astrobench_cc18f51e25_chunk_013,13,"convergence study of the Legendre expansion, extending it up to order 24 in the semi-major axis ratio and applying it to a range of exoplanetary configurations. They showed that the expansion converges rapidly for sufficiently hierarchical systems, while the convergence becomes progressively slower as the system becomes more compact. In this section, we compare the convergence properties of the Laplace–Legendre expansion introduced in Sect. 3 with those of the classical Laplace and Legendre expansions. In line with the aforementioned studies, we focus here on a numerical assessment of convergence based on the evaluation of the series at different truncation orders. In the celebrated chapter VIII on Formal calculus, in Les M´ethodes Nouvelles de la M´ecanique C´eleste, Poincar´e (1892) distinguishes the convergence in the sens of the astronomers and mathematicians, and reminds that both approaches are legitimate. As discussed in Sect. 2.2, we know that for sufficiently small values of the ratio of semi major axis, α, eccentricities and inclinations, the series expansion (2.2) is convergent. But in the present work, we consider formal expansions and address the convergence questions in",4 Convergence of the Laplace-Legendre expansion,4 Convergence of the Laplace-Legendre expansion,,,,,Laplace-Legendre expansion of the planar planetary Hamiltonian,"Aya Alnajjarine, Jacques Laskar, Federico Mogavero",astro-ph.EP,2026-03-17T13:51:12Z,http://arxiv.org/abs/2603.16528v1,2603.16528,action_angle_methods,234,180,False,False,140,320,False,2.0
astrobench_cc18f51e25,astrobench_cc18f51e25_chunk_014,14,"Laplace-Legendre expansion of the planar planetary Hamiltonian Laplace-Legendre expansion of the planar planetary Hamiltonian Aya Alnajjarine1, Jacques Laskar1 and Federico Mogavero[2,1] 1LTE, CNRS, Observatoire de Paris, Universit´e PSL, Sorbonne Universit´e, 77 Avenue Denfert-Rochereau, 75014 Paris, France. 2Dipartimento di Matematica “Tullio Levi-Civita”, Universita degli Studi di Padova, Via Trieste 63, 35121 Padova, Italy. Corresponding author(s). E-mail(s): aya.alnajjarine@obspm.fr; jacques.laskar@obspm.fr; Contributing authors: mogavero@math.unipd.it;",Laplace-Legendre expansion of the planar planetary Hamiltonian,Laplace-Legendre expansion of the planar planetary Hamiltonian,,,,,Laplace-Legendre expansion of the planar planetary Hamiltonian,"Aya Alnajjarine, Jacques Laskar, Federico Mogavero",astro-ph.EP,2026-03-17T13:51:12Z,http://arxiv.org/abs/2603.16528v1,2603.16528,action_angle_methods,78,60,True,False,0,60,False,1.0
astrobench_cc18f51e25,astrobench_cc18f51e25_chunk_015,15,"the expansion remains recursive and systematic. This makes the approach well-suited for symbolic computation using a computer algebra system. We implement this formalism using TRIP, a computer algebra system designed for handling perturbation series in celestial mechanics (Gastineau and Laskar 2011, 2021). It includes built-in libraries for manipulating both Hansen and Laplace coefficients, and evaluating them when needed for numerical application.",3.3 Generalization to arbitrary order,3.3 Generalization to arbitrary order,,,,,Laplace-Legendre expansion of the planar planetary Hamiltonian,"Aya Alnajjarine, Jacques Laskar, Federico Mogavero",astro-ph.EP,2026-03-17T13:51:12Z,http://arxiv.org/abs/2603.16528v1,2603.16528,action_angle_methods,80,61,False,False,280,341,False,1.0
astrobench_25d49d337f,astrobench_25d49d337f_chunk_000,0,"Democratic heliocentric coordinates underestimate the rate of instabilities in long-term integrations of the Solar System Democratic heliocentric coordinates underestimate the rate of instabilities in long-term integrations of the Solar System Hanno Re in,[1, 2, 3] Kavi Dey,4 and Daniel Tamayo 4 1 Dept. of Physical and Environmental Sciences, University of Toron to at Scarborough, Toron to, Ontario, M1C 1A4, Canada 2 Dept. of Physics, University of Toron to, Toron to, Ontario, M5S 3H4, Canada 3 Dept. of Astronomy and Astrophysics, University of Toron to, Toron to, Ontario, M5S 3H4, Canada 4 Dept. of Physics, Harvey Mudd College, 301 Platt Blvd., Claremont 91711, USA",Democratic heliocentric coordinates underestimate the rate of instabilities in long-term integrations of the Solar System,Democratic heliocentric coordinates underestimate the rate of instabilities in long-term integrations of the Solar System,,,,,Democratic heliocentric coordinates underestimate the rate of instabilities in long-term integrations of the Solar System,"Hanno Rein, Kavi Dey, Daniel Tamayo",astro-ph.EP,2026-01-12T21:51:55Z,http://arxiv.org/abs/2601.08019v1,2601.08019,action_angle_methods,134,103,True,False,0,103,False,2.0
astrobench_25d49d337f,astrobench_25d49d337f_chunk_001,1,"2009; G. Brown & H. Re in 2023). We therefore expect a significant effect on the stability rate from such numerical effects. We note that the artificial numerical precession has the same direction as the physical GR precession, and that the breakdown of the WH integrator with DHC occurs when the timestep becomes comparable to the pericenter-crossing timescale, dt ≳ Tf / 4. We thus confirm our earlier claim that this issue is due to the nonconvergence of simulations with DHC.",2.2.Artificial numerical precession,2.2.Artificial numerical precession,,,,,Democratic heliocentric coordinates underestimate the rate of instabilities in long-term integrations of the Solar System,"Hanno Rein, Kavi Dey, Daniel Tamayo",astro-ph.EP,2026-01-12T21:51:55Z,http://arxiv.org/abs/2601.08019v1,2601.08019,action_angle_methods,106,81,False,False,280,361,False,2.0
astrobench_a36c60393b,astrobench_a36c60393b_chunk_000,0,"Exploring the formation mechanisms of tidal structures in globular clusters of extragalactic origin 3.Matched filter method To detect potential extratidal structures around each globular cluster, we employed the matched filtering technique developed by Rockosi et al. (2002), which enhances the contrast between cluster members and field stars in CMD space and is effective for detecting low-surface-brightness structures. This technique has been successfully applied in several subsequent studies of tidal features around star clusters (e.g., Chun et al. 2010; Jordi & Grebel 2010; Navarrete et al. 2017; Carballo-Bello et al. 2018; Shipp et al. 2018; Sollima 2020; Nie et al. 2022; Yang et al. 2023; Zhang et al. 2024), demonstrating its effectiveness in tracing surrounding stellar substructures. According to Rockosi et al. (2002), at any position on the sky (with in a solid angle d Ω), the expected number of stars in any sky bin ( i, j ) in color-magnitude can be expressed as: n stars,( i, j ) = α f cl,( i, j ) + n bg,( i, j ). (1) Here, f cl represents the normalized color-magnitude",3.Matched filter method,3.Matched filter method,,,,,Exploring the formation mechanisms of tidal structures in globular clusters of extragalactic origin,"Shouzhi Wang, Jundan Nie, Biwei Jiang, Hao Tian, Chao Liu, Ying-Hua Zhang",astro-ph.GA,2026-01-03T08:11:20Z,http://arxiv.org/abs/2601.01110v2,2601.01110,action_angle_methods,234,180,False,True,0,180,True,5.0
astrobench_a36c60393b,astrobench_a36c60393b_chunk_001,1,"in any sky bin ( i, j ) in color-magnitude can be expressed as: n stars,( i, j ) = α f cl,( i, j ) + n bg,( i, j ). (1) Here, f cl represents the normalized color-magnitude distribution of cluster members and serves as the cluster template in the matched-filter method, while n bg denotes the background number density distribution in the same bin, which is used as the corresponding background template. The parameter α serves as a scaling factor that quantifies the number (or surface density) of stars following the cluster’s CMD distribution with in the given sky region. Subsequently, the calculation of this parameter can be derived using the minimum-variance estimator (see Equation 2 in Rockosi et al. 2002). Based on this model, we first constructed the cluster CMD template ( f cl) used in the matched-filtering analysis. To do so, we generated a Hess diagram for the cluster region using bin sizes of ∆( g − r ) = 0.05 and ∆ r = 0.1 mag. In most cases, the CMD was built in",3.Matched filter method,3.Matched filter method,,,,,Exploring the formation mechanisms of tidal structures in globular clusters of extragalactic origin,"Shouzhi Wang, Jundan Nie, Biwei Jiang, Hao Tian, Chao Liu, Ying-Hua Zhang",astro-ph.GA,2026-01-03T08:11:20Z,http://arxiv.org/abs/2601.01110v2,2601.01110,action_angle_methods,234,180,False,True,140,320,True,5.0
astrobench_a36c60393b,astrobench_a36c60393b_chunk_002,2,"(when applied) and the cluster’s tidal radius (from Harris (1996), 2010 edition). In addition, to reduce field-star contamination and obta in a clean cluster CMD template f cl, we selected stars with −0.5 < g − r < 1.0 and 14 < r < 23 mag, and subtracted a local background derived from a comparing field in an annular region centered on the cluster, typically located between about 1[◦] and 1.5[◦] from the cluster center. The stellar density in this annular region was normalized to the area of the cluster region and subtracted from the cluster Hess diagram, yielding a background-subtracted CMD template (see the upper panels of each Hess diagram in Fig. 1). In contrast, the global background CMD template ( n bg) required for the matched-filtering analysis was constructed from four rectangular control regions (1[◦] × 1[◦] ) located at different position angles far away from the cluster, each more than 2[◦] from the cluster center. The Hess diagrams of these regions were then averaged to produce a uniform global background model (see the lower panels of each",3.Matched filter method,3.Matched filter method,,,,,Exploring the formation mechanisms of tidal structures in globular clusters of extragalactic origin,"Shouzhi Wang, Jundan Nie, Biwei Jiang, Hao Tian, Chao Liu, Ying-Hua Zhang",astro-ph.GA,2026-01-03T08:11:20Z,http://arxiv.org/abs/2601.01110v2,2601.01110,action_angle_methods,234,180,False,False,420,600,True,5.0
astrobench_a36c60393b,astrobench_a36c60393b_chunk_003,3,"located at different position angles far away from the cluster, each more than 2[◦] from the cluster center. The Hess diagrams of these regions were then averaged to produce a uniform global background model (see the lower panels of each Hess diagram in Fig. 1). Finally, the matched-filter procedure yields the quantity α, which represents the number of stars that pass the matched filter with in a given spatial bin. Using these α values, we then constructed a spatial density map to reveal possible tidal structures. However, if the spatial bins are too large, th in tidal features may be smeared out, whereas overly small bins introduce noise and may generate spurious features. Therefore, after testing a range of spatial binning scales and visually inspecting the results, we ultimately adopted a uniform grid with an angular resolution of 0.02[◦] × 0.02[◦]. To evaluate the statistical significance of the detected structures, we computed a signal-to-noise (S/N) map. For each spatial bin, we subtracted the mean background level (estimated from the outer regions excluding the cluster) from its α value and then",3.Matched filter method,3.Matched filter method,,,,,Exploring the formation mechanisms of tidal structures in globular clusters of extragalactic origin,"Shouzhi Wang, Jundan Nie, Biwei Jiang, Hao Tian, Chao Liu, Ying-Hua Zhang",astro-ph.GA,2026-01-03T08:11:20Z,http://arxiv.org/abs/2601.01110v2,2601.01110,action_angle_methods,234,180,False,False,560,740,True,5.0
astrobench_a36c60393b,astrobench_a36c60393b_chunk_004,4,"the matched-filtering analysis. To do so, we generated a Hess diagram for the cluster region using bin sizes of ∆( g − r ) = 0.05 and ∆ r = 0.1 mag. In most cases, the CMD was built in the ( g − r, r ) plane. However, for a few clusters lacking r -band photometry, such as Ter 7, Ter 8, and Pal 12, the ( g − i, i ) combination was adopted instead. In order to reduce the effects of crowding and incompleteness in the cluster core, stars with in the inner 1[′] -3[′] were excluded from the template construction. For clusters with relatively small tidal radius and more diffuse stellar distributions (e.g., Whiting 1 and Pal 13), no such exclusion was applied. Consequently, the cluster template was constructed from stars located between this exclusion zone (when applied) and the cluster’s tidal radius (from Harris (1996), 2010 edition). In addition, to reduce field-star contamination and obta in a clean cluster CMD template f cl, we selected stars with −0.5 < g − r < 1.0 and",3.Matched filter method,3.Matched filter method,,,,,Exploring the formation mechanisms of tidal structures in globular clusters of extragalactic origin,"Shouzhi Wang, Jundan Nie, Biwei Jiang, Hao Tian, Chao Liu, Ying-Hua Zhang",astro-ph.GA,2026-01-03T08:11:20Z,http://arxiv.org/abs/2601.01110v2,2601.01110,action_angle_methods,234,180,False,True,280,460,True,4.0
astrobench_a36c60393b,astrobench_a36c60393b_chunk_005,5,"0.02[◦]. To evaluate the statistical significance of the detected structures, we computed a signal-to-noise (S/N) map. For each spatial bin, we subtracted the mean background level (estimated from the outer regions excluding the cluster) from its α value and then divided the result by the standard deviation of the background. This final S/N map reveals potential extratidal features with enhanced contrast (see Fig. 2).",3.Matched filter method,3.Matched filter method,,,,,Exploring the formation mechanisms of tidal structures in globular clusters of extragalactic origin,"Shouzhi Wang, Jundan Nie, Biwei Jiang, Hao Tian, Chao Liu, Ying-Hua Zhang",astro-ph.GA,2026-01-03T08:11:20Z,http://arxiv.org/abs/2601.01110v2,2601.01110,action_angle_methods,84,64,False,False,700,764,True,4.0
astrobench_a36c60393b,astrobench_a36c60393b_chunk_006,6,"362, NGC 5897). In such cases, clusters available only in DR9 or DR10 were included in our sample only if their ma in sequence extends at least one magnitude below the turnoff, ensuring sufficient CMD depth and uniform photometric completeness. Article number, page 2 Wang et al.: Extratidal structures of globular clusters We selected stellar sources classified as point-source in the DESI Legacy Surveys catalogs, requiring g ≤ 24 and r ≤ 23, with photometric uncertainties of less than 0.2 mag in both bands, in order to ensure a more complete and reliable star sample. For clusters lacking r -band data (e.g., Ter 7, Ter 8, and Pal 12), we substituted i -band photometry and applied the same selection criteria to mainta in consistency. In the DESI Legacy Surveys catalogs, some photometric measurements (such as those in the i -band) are drawn from supplementary datasets incorporated in to the survey products (e.g., the DES, the DELVE Survey, and the DeROSITA Survey). Subsequently, all magnitudes were corrected for Galactic extinction using the dust maps of Schlegel et al. (1998), recalibrated by",2.Observational material,2.Observational material,,,,,Exploring the formation mechanisms of tidal structures in globular clusters of extragalactic origin,"Shouzhi Wang, Jundan Nie, Biwei Jiang, Hao Tian, Chao Liu, Ying-Hua Zhang",astro-ph.GA,2026-01-03T08:11:20Z,http://arxiv.org/abs/2601.01110v2,2601.01110,action_angle_methods,234,180,False,False,420,600,False,3.0
astrobench_a36c60393b,astrobench_a36c60393b_chunk_007,7,"are drawn from supplementary datasets incorporated in to the survey products (e.g., the DES, the DELVE Survey, and the DeROSITA Survey). Subsequently, all magnitudes were corrected for Galactic extinction using the dust maps of Schlegel et al. (1998), recalibrated by Schlafly & Finkbeiner (2011), with extinction coefficients of 3.214, 2.165, 1.592, and 1.211 for the g, r, i, and z bands, respectively, following the calibrations of Dey et al. (2019). Finally, we examined whether each cluster in the initial sample lies with in the footprint of the DESI Legacy Imaging Surveys and possesses sufficient photometric coverage. Among them, 11 clusters (NGC 2298, NGC 3201, NGC 4833, NGC 5286, NGC 6235, NGC 6333, IC 1257, FSR 1758, ESO-SC06, NGC 6715, and NGC 6779) are located in regions not covered by DESI Legacy Surveys. In addition, NGC 2808 and NGC 6101 are covered only in the g and i bands, respectively; NGC 5139 suffers from severely incomplete coverage, with many areas lacking photometric detections; IC 4499 is heavily contaminated by field stars and has poor photometric quality; and NGC 2419, at a",2.Observational material,2.Observational material,,,,,Exploring the formation mechanisms of tidal structures in globular clusters of extragalactic origin,"Shouzhi Wang, Jundan Nie, Biwei Jiang, Hao Tian, Chao Liu, Ying-Hua Zhang",astro-ph.GA,2026-01-03T08:11:20Z,http://arxiv.org/abs/2601.01110v2,2601.01110,action_angle_methods,234,180,False,False,560,740,False,3.0
astrobench_a36c60393b,astrobench_a36c60393b_chunk_008,8,"covered only in the g and i bands, respectively; NGC 5139 suffers from severely incomplete coverage, with many areas lacking photometric detections; IC 4499 is heavily contaminated by field stars and has poor photometric quality; and NGC 2419, at a distance of about 88 kpc (Baumgardt & Vasiliev 2021), is too remote for our photometric selection criteria to be reliably applied. After excluding these systems, we obtained a final working sample of 28 clusters (see Table 1). These include clusters with well-established progenitors (such as Gaia-Sausage-Enceladus (GSE), Sagittarius (Sag), Sequoia (Seq), and the Helmi streams (H99)) as well as clusters of clear accreted orig in but uncerta in association with a specific progenitor. Although some previous compilation studies have reported a comparable number of accreted GCs, the sample constructed in this work is entirely based on uniformly deep imaging data from the DESI Legacy Surveys, making it the deepest and largest homogeneous dataset to date for studying the tidal structures of GCs of extragalactic orig in with in a consistent data framework.",2.Observational material,2.Observational material,,,,,Exploring the formation mechanisms of tidal structures in globular clusters of extragalactic origin,"Shouzhi Wang, Jundan Nie, Biwei Jiang, Hao Tian, Chao Liu, Ying-Hua Zhang",astro-ph.GA,2026-01-03T08:11:20Z,http://arxiv.org/abs/2601.01110v2,2601.01110,action_angle_methods,224,172,False,False,700,872,False,3.0
astrobench_a36c60393b,astrobench_a36c60393b_chunk_009,9,"Exploring the formation mechanisms of tidal structures in globular clusters of extragalactic origin 4.2.Dependence of tidal features on intrinsic properties To investigate whether any internal parameters can effectively predict the presence or morphology of tidal structures in GCs, we selected a representative set of physical quantities that are commonly associated with the structural and dynamical evolution of clusters. These include the present-day cluster mass (log M ), central escape velocity ( v esc), central concentration ( c ), ratio of half-mass radius to dynamical tidal radius ( r h,m/ r t[dyn] ), mass-loss fraction ( M dis/ M init), metallicity ([Fe/H]), and relaxation-age ratio (log(age/ T rh)). Except for c and [Fe/H], which are taken from the Harris catalog (Harris 1996, 2010 edition), all other quantities are derived from the base data provided by the globular cluster database34. The mass-loss fraction is calculated following the prescription of Piatti & Carballo-Bello (2020). Fig. 3 shows the corner plot of the selected intrinsic parameters, with clusters color-coded by morphology (G1 in red, G2 in blue, and G3 in black). The diagonal panels",4.2.Dependence of tidal features on intrinsic properties,4.2.Dependence of tidal features on intrinsic properties,,,,,Exploring the formation mechanisms of tidal structures in globular clusters of extragalactic origin,"Shouzhi Wang, Jundan Nie, Biwei Jiang, Hao Tian, Chao Liu, Ying-Hua Zhang",astro-ph.GA,2026-01-03T08:11:20Z,http://arxiv.org/abs/2601.01110v2,2601.01110,action_angle_methods,234,180,False,False,0,180,False,3.0
astrobench_a36c60393b,astrobench_a36c60393b_chunk_010,10,"Exploring the formation mechanisms of tidal structures in globular clusters of extragalactic origin 4.3.Influence of orbital parameters on tidal feature formation To further investigate the orbital dynamical mechanisms that may drive the formation of tidal structures in GCs, we analyzed a set of orbital parameters that are commonly linked to tidal interactions with the Galactic potential. Specifically, we considered the pericentric distance ( R Peri), apocentric distance ( R Apo), orbital semi-major axis ( a ), orbital inclination angle ( i ), orbital eccentricity ( e ), and the radial angle in action-angle coordinates (θR). These quantities collectively describe the cluster’s trajectory through the Galaxy and its exposure to varying tidal forces over time. All basic data are taken from the globular cluster database5. The semi-major axis, eccentricity, and inclination are computed following the formulae in Piatti (2019). The radial angle (θR) in action-angle coordinates is calculated using the Galpy package, adopting the MWPotential2014 Galactic potential (Bovy 2015). This parameter not only characterizes the current position of the cluster along its orbit but also indicates its direction of motion between",4.3.Influence of orbital parameters on tidal feature formation,4.3.Influence of orbital parameters on tidal feature formation,,,,,Exploring the formation mechanisms of tidal structures in globular clusters of extragalactic origin,"Shouzhi Wang, Jundan Nie, Biwei Jiang, Hao Tian, Chao Liu, Ying-Hua Zhang",astro-ph.GA,2026-01-03T08:11:20Z,http://arxiv.org/abs/2601.01110v2,2601.01110,action_angle_methods,234,180,True,False,0,180,False,3.0
astrobench_a36c60393b,astrobench_a36c60393b_chunk_011,11,"Exploring the formation mechanisms of tidal structures in globular clusters of extragalactic origin 4.3.1.Possible group-sensitive parameters Fig. 4 presents the corner plot of the selected orbital parameters, with clusters colored and symbolized in the same way as in Fig. 3. The parameter M dis/ M init is also included to test whether orbital properties are coupled with long-term mass depletion. From the distributions shown in Fig. 4, we find R Peri, R Apo, a, i, e and θR exhibit varying degrees of differences between Groups G1 and G3, while Group G2 appears to act as a transitional population. However, the K-S test reveals significant differences only in R Peri, e and θ R with q < 0.05, suggesting that these three parameters may be group-sensitive. In the two-dimensional orbital parameter space, several notable correlations emerge. Clusters with smaller pericentric distances ( R Peri) generally exhibit higher mass-loss fractions, consistent with the expectation that stronger tidal forces near the Galactic center accelerate mass depletion. This relation resembles a rough power-law trend, although some G3 clusters with small R Peri show relatively",4.3.1.Possible group-sensitive parameters,4.3.1.Possible group-sensitive parameters,,,,,Exploring the formation mechanisms of tidal structures in globular clusters of extragalactic origin,"Shouzhi Wang, Jundan Nie, Biwei Jiang, Hao Tian, Chao Liu, Ying-Hua Zhang",astro-ph.GA,2026-01-03T08:11:20Z,http://arxiv.org/abs/2601.01110v2,2601.01110,action_angle_methods,234,180,False,False,0,180,False,3.0
astrobench_a36c60393b,astrobench_a36c60393b_chunk_012,12,"( R Peri) generally exhibit higher mass-loss fractions, consistent with the expectation that stronger tidal forces near the Galactic center accelerate mass depletion. This relation resembles a rough power-law trend, although some G3 clusters with small R Peri show relatively low mass-loss fractions, suggesting that additional mechanisms may mitigate their long-term stripping. Clear geometric correlations are also evident among R Peri, R Apo, and a, but these simply reflect basic orbital mechanics. Clusters on highly eccentric ( e ≳ 0.7) and strongly inclined ( i ≳ 70[◦] ) orbits are more frequently found among G1, and such orbital configurations are typically associated with enhanced mass loss, even though some overlap exists among different morphological groups. Webb et al. (2014) argued that repeated passages of GCs through the Galactic disk can amplify tidal disruption and increase mass loss. Building on this, Piatti (2019) proposed that clusters with higher eccentricities and inclinations are more likely to undergo repeated disk crossings, thereby increasing their susceptibility to tidal depletion. Piatti & Carballo-Bello (2020) further showed that clusters on highly eccentric ( e ≳ 0.8)",4.3.1.Possible group-sensitive parameters,4.3.1.Possible group-sensitive parameters,,,,,Exploring the formation mechanisms of tidal structures in globular clusters of extragalactic origin,"Shouzhi Wang, Jundan Nie, Biwei Jiang, Hao Tian, Chao Liu, Ying-Hua Zhang",astro-ph.GA,2026-01-03T08:11:20Z,http://arxiv.org/abs/2601.01110v2,2601.01110,action_angle_methods,234,180,False,False,140,320,False,3.0
astrobench_a36c60393b,astrobench_a36c60393b_chunk_013,13,"plots for all parameter pairs. Clusters are color-coded by morphological classification: red for G1, blue for G2, and black for G3. Pal 12 is highlighted with open marker. laid the orbital directions on the matched-filter S/N maps shown in Fig. 2. The sky-blue arrows indicate the short-period orbital directions derived from orbital integration, while the orange arrows mark the directions toward the Galactic center. The orbital integration was performed using the Galpy package with the MWPotential2014 gravitational model (Bovy 2015). This directional information provides additional context for interpreting whether the detected features are shaped primarily by orbital motion or Galactic tides. Our analysis reveals three distinct alignment patterns of tidal features among the clusters in our sample. In some systems (e.g., Whiting 1, NGC 5466), the extended structures broadly align with the orbital path, consistent with theoretical expectations that tidal stripping occurs preferentially along the orbit, producing leading and trailing tails (e.g., Montuori et al. 2007; Küpper et al. 2010). In others (e.g., NGC 1261, NGC 7492), the extensions are partially oriented toward the Galactic center, suggesting that the external",4.3.2.Tidal feature orientations versus orbital direction,4.3.2.Tidal feature orientations versus orbital direction,,,,,Exploring the formation mechanisms of tidal structures in globular clusters of extragalactic origin,"Shouzhi Wang, Jundan Nie, Biwei Jiang, Hao Tian, Chao Liu, Ying-Hua Zhang",astro-ph.GA,2026-01-03T08:11:20Z,http://arxiv.org/abs/2601.01110v2,2601.01110,action_angle_methods,234,180,True,False,140,320,False,3.0
astrobench_a36c60393b,astrobench_a36c60393b_chunk_014,14,"stripping occurs preferentially along the orbit, producing leading and trailing tails (e.g., Montuori et al. 2007; Küpper et al. 2010). In others (e.g., NGC 1261, NGC 7492), the extensions are partially oriented toward the Galactic center, suggesting that the external tidal field has played a key role, possibly through recent disk-crossing events or similar perturbations (e.g., Combes et al. 1999; Balbinot et al. 2011). A third group of clusters (e.g., NGC 1851, NGC 6981) displays more sym- metric, envelope-like morphologies with no clear alignment. In some cases, certa in systems show visible tidal tails that are not aligned with the orbital direction (e.g., NGC 1904, NGC 4147), which may be related to recent pericentric passages (Awad et al. 2025). Overall, while some clusters do exhibit tidal features aligned with either the orbital direction or the Galactic center, the morphological diversity observed across the sample suggests that the formation and structure of these features are far more complex than initially expected.",4.3.2.Tidal feature orientations versus orbital direction,4.3.2.Tidal feature orientations versus orbital direction,,,,,Exploring the formation mechanisms of tidal structures in globular clusters of extragalactic origin,"Shouzhi Wang, Jundan Nie, Biwei Jiang, Hao Tian, Chao Liu, Ying-Hua Zhang",astro-ph.GA,2026-01-03T08:11:20Z,http://arxiv.org/abs/2601.01110v2,2601.01110,action_angle_methods,208,160,True,False,280,440,False,3.0
astrobench_a36c60393b,astrobench_a36c60393b_chunk_015,15,"inclination angle( i ), orbital eccentricity( e ), and radial angle in action-angle coordinates (θR). The mass-loss fraction ( M dis/ M init) is also included to test its potential coupling with orbital properties. The color-coding of morphological classifications, the use of symbols, and the presentation of diagonal/off-diagonal panels are the same as in Fig. 3. R Peri and P R: Panel (a) of Fig. 5 shows the distribution of our sample clusters as a function of R Peri and P R. The parameter R Peri marks the region where stars are most susceptible to tidal stripping and where the Galactic tidal field is strongest, while P R reflects how frequently a cluster approaches the Galactic center. These two parameters together therefore provide a measure of the strength and frequency of tidal interactions. A roughly positive correlation is seen between R Peri and P R, with many clusters concentrated in the lower-left region of the diagram. However, clusters exhibiting prominent tidal structures (G1) are distributed across a wide range of these parameters. Some G1 clusters even have relatively large R",4.4.Environmental independence of tidal morphologies,4.4.Environmental independence of tidal morphologies,,,,,Exploring the formation mechanisms of tidal structures in globular clusters of extragalactic origin,"Shouzhi Wang, Jundan Nie, Biwei Jiang, Hao Tian, Chao Liu, Ying-Hua Zhang",astro-ph.GA,2026-01-03T08:11:20Z,http://arxiv.org/abs/2601.01110v2,2601.01110,action_angle_methods,234,180,False,False,140,320,False,3.0
astrobench_a36c60393b,astrobench_a36c60393b_chunk_016,16,"shown in the figure, a positive correlation is also evident between the two, as clusters with shorter orbital periods tend to undergo pericentric passages and disk crossings more frequently. Most clusters are concentrated at small T Peri and T Disk values, suggesting that they have experienced significant tidal perturbations in the recent past. Notably, several G1 clusters are located toward the upper-right part of the diagram, implying that their last strong tidal interactions occurred longer ago, yet they still exhibit prominent tidal structures. This indicates that tidal features can persist for a considerable time after a major interaction, and their visibility is not solely determined by the time elapsed since the last pericentric or disk-crossing event but may also be constrained by the clusters’ internal dynamical properties. Progenitor: To assess whether accretion orig in plays a role in shaping the outer structures of GCs, we examined their distribution in the energy-angular momentum ( E - Lz ) plane (Fig. 6), a diagnostic that has been widely applied to trace the assembly history of the Galactic halo and to connect clusters",4.4.Environmental independence of tidal morphologies,4.4.Environmental independence of tidal morphologies,,,,,Exploring the formation mechanisms of tidal structures in globular clusters of extragalactic origin,"Shouzhi Wang, Jundan Nie, Biwei Jiang, Hao Tian, Chao Liu, Ying-Hua Zhang",astro-ph.GA,2026-01-03T08:11:20Z,http://arxiv.org/abs/2601.01110v2,2601.01110,action_angle_methods,234,180,False,False,420,600,False,3.0
astrobench_a36c60393b,astrobench_a36c60393b_chunk_017,17,"outer structures of GCs, we examined their distribution in the energy-angular momentum ( E - Lz ) plane (Fig. 6), a diagnostic that has been widely applied to trace the assembly history of the Galactic halo and to connect clusters with past merger events (see, e.g., Massari et al. 2019; Naidu et al. 2020; Malhan et al. 2022). The associations between clusters and their progenitors adopted in this study are based on Massari et al. (2019, 2025 update) and Forbes (2020). As expected, clusters associated with major accretion events occupy relatively distinct regions in this space: Sagittarius members are characterized by high angular momenta and relatively Article number, page 10 Wang et al.: Extratidal structures of globular clusters unbound orbital energies; Sequoia clusters st and out for their strongly retrograde motions (i.e., large negative Lz ); and GaiaSausage-Enceladus clusters span a broader range in both E and Lz, reflecting their dynamically heated, eccentric orbits following the merger. From a morphological perspective, among the 14 Gaia-Sausage-Enceladus clusters, 6 are classified as G1, 6 as G2, and 2 as G3. Of the",4.4.Environmental independence of tidal morphologies,4.4.Environmental independence of tidal morphologies,,,,,Exploring the formation mechanisms of tidal structures in globular clusters of extragalactic origin,"Shouzhi Wang, Jundan Nie, Biwei Jiang, Hao Tian, Chao Liu, Ying-Hua Zhang",astro-ph.GA,2026-01-03T08:11:20Z,http://arxiv.org/abs/2601.01110v2,2601.01110,action_angle_methods,234,180,False,False,560,740,False,3.0
astrobench_a36c60393b,astrobench_a36c60393b_chunk_018,18,"Exploring the formation mechanisms of tidal structures in globular clusters of extragalactic origin 4.5.Limitations in the detection of tidal structures Despite recent advances in wide-field surveys and data processing techniques, the identification of tidal structures around Galactic GCs remains subject to several observational and methodological limitations. These factors may introduce biases in the detection and interpretation of extended features, potentially leading to an underestimation of their prevalence, morphology, or physical orig in. Limitations of data depth The data depth is crucial for assessing the completeness of tidal structures. In this work, we make use of imaging data from the DESI Legacy Survey, which reaches down to r or g ∼23-24 mag. For the GCs in our sample, this depth corresponds to 2-3 magnitudes below the mainsequence turnoff, thereby encompassing the majority of stellar populations associated with the clusters. Importantly, the Legacy Survey represents the deepest publicly available widefield dataset that contains the largest number of GCs. Thus, the data employed here greatly reduces the biases arising from limited photometric depth, allowing for a more complete characterization of tidal features. In",4.5.Limitations in the detection of tidal structures,4.5.Limitations in the detection of tidal structures,,,,,Exploring the formation mechanisms of tidal structures in globular clusters of extragalactic origin,"Shouzhi Wang, Jundan Nie, Biwei Jiang, Hao Tian, Chao Liu, Ying-Hua Zhang",astro-ph.GA,2026-01-03T08:11:20Z,http://arxiv.org/abs/2601.01110v2,2601.01110,action_angle_methods,234,180,False,False,0,180,False,3.0
astrobench_a36c60393b,astrobench_a36c60393b_chunk_019,19,"Exploring the formation mechanisms of tidal structures in globular clusters of extragalactic origin Appendix A: Detailed notes on individual clusters In this section, we provide detailed notes on the classification of each cluster, including comparisons with previous literature and our matched-filter analysis. (1) NGC 288: This cluster is classified as G1 based on the presence of tail-like structures extending beyond r t[dyn]. This result is consistent with previous detections of tidal features in deep DECam imaging from the Dark Energy Survey (Shipp et al. 2018) and Gaia EDR3 data (Ibata et al. 2021), and also agrees with the classification of Piatti & Carballo-Bello (2020, hereafter PCB20). (2) NGC 362: Carballo-Bello (2019) reported the presence of short tidal tails around this cluster based on Gaia DR2 data, and accordingly, PCB20 classified it as a G1 cluster. However, our matched-filter S/N map only reveals structures above the 3σ level extending beyond r t[King], with no features detected beyond r t[dyn]. We attribute the discrepancies to differences in methodological applicability. In our matched-filter analysis, the weak tidal signal is overwhelmed by the extremely",Appendix A: Detailed notes on individual clusters,Appendix A: Detailed notes on individual clusters,,,,,Exploring the formation mechanisms of tidal structures in globular clusters of extragalactic origin,"Shouzhi Wang, Jundan Nie, Biwei Jiang, Hao Tian, Chao Liu, Ying-Hua Zhang",astro-ph.GA,2026-01-03T08:11:20Z,http://arxiv.org/abs/2601.01110v2,2601.01110,action_angle_methods,234,180,True,False,0,180,False,3.0
astrobench_a36c60393b,astrobench_a36c60393b_chunk_020,20,"only reveals structures above the 3σ level extending beyond r t[King], with no features detected beyond r t[dyn]. We attribute the discrepancies to differences in methodological applicability. In our matched-filter analysis, the weak tidal signal is overwhelmed by the extremely high stellar density of the Small Magellanic Cloud when computing the signal-to-noise ratio. Therefore, given the classification scheme adopted in this paper and our requirement for uniformity in data and methodology, we rely on our own detection and classify this cluster as a G2-type system. (3) Whiting 1: This cluster is likely an accreted member of the Sagittarius dwarf galaxy (Law & Majewski 2010; Massari et al. 2019). Carballo-Bello et al. (2017), using MegaCam imaging from both CFHT and Magellan, and Nie et al. (2022), based on DECam photometry from the DECaLS survey, both reported structures extending beyond the tidal radius through matched-filter analysis. In contrast, Muñoz et al. (2018b) (also using CFHT/Magellan MegaCam data) and Zhang et al. (2022) (using deep DECam imaging) found no significant extratidal features. Our matched-filter S/N map reveals a tail-like feature extending beyond r",Appendix A: Detailed notes on individual clusters,Appendix A: Detailed notes on individual clusters,,,,,Exploring the formation mechanisms of tidal structures in globular clusters of extragalactic origin,"Shouzhi Wang, Jundan Nie, Biwei Jiang, Hao Tian, Chao Liu, Ying-Hua Zhang",astro-ph.GA,2026-01-03T08:11:20Z,http://arxiv.org/abs/2601.01110v2,2601.01110,action_angle_methods,234,180,False,False,140,320,False,3.0
astrobench_a36c60393b,astrobench_a36c60393b_chunk_021,21,"radius through matched-filter analysis. In contrast, Muñoz et al. (2018b) (also using CFHT/Magellan MegaCam data) and Zhang et al. (2022) (using deep DECam imaging) found no significant extratidal features. Our matched-filter S/N map reveals a tail-like feature extending beyond r t[dyn] with an elongated morphology, consistent with the former results. This discrepancy may stem from the higher sensitivity of the matched-filter technique to low-surface-brightness structures. Based on these characteristics, we classify it as a G1 cluster. (4) NGC 1261: Some indications of tail-like features beyond r t[dyn] are present in our matched-filter map, which are further confirmed by the angular density distribution (tail-like features from the lower left to the upper right). This is broadly consistent with previous studies. Based on deep DECam photometry, Kuzma et al. (2018) reported a symmetric power-law envelope, and thus PCB20 classified the cluster as G2. However, deeper DES photometry by Shipp et al. (2018) and Gaia EDR3 data from Ibata et al. (2021) revealed more extended extratidal structures. More recently, Awad et al. (2025) used data from the Southern Stellar Stream Spectroscopic Survey (S5",Appendix A: Detailed notes on individual clusters,Appendix A: Detailed notes on individual clusters,,,,,Exploring the formation mechanisms of tidal structures in globular clusters of extragalactic origin,"Shouzhi Wang, Jundan Nie, Biwei Jiang, Hao Tian, Chao Liu, Ying-Hua Zhang",astro-ph.GA,2026-01-03T08:11:20Z,http://arxiv.org/abs/2601.01110v2,2601.01110,action_angle_methods,234,180,False,False,280,460,False,3.0
astrobench_a36c60393b,astrobench_a36c60393b_chunk_022,22,"G2. However, deeper DES photometry by Shipp et al. (2018) and Gaia EDR3 data from Ibata et al. (2021) revealed more extended extratidal structures. More recently, Awad et al. (2025) used data from the Southern Stellar Stream Spectroscopic Survey (S5 ) and Gaia DR3, identifying a large number of high-probability extratidal member stars beyond r J of NGC 1261. Considering these results along with our own, we classify NGC 1261 as a G1 cluster. (5) NGC 1851: Previous studies have reported that this cluster hosts an extended envelope reaching roughly 2[◦] from its center (Olszewski et al. 2009; Carballo-Bello et al. 2014, 2018; Kuzma et al. 2018). An analysis based on Gaia DR2 (Sollima 2020) did not reveal additional large-scale features, whereas Gaia EDR3 data (Ibata et al. 2021) suggest the presence of diffuse tail-like structures extending nearly 10[◦] across the sky. In our matched-filter S/N map, we detect features extending beyond r t[dyn], but their appearance is more consistent with a broad, diffuse envelope rather than narrow tidal tails. Given the observed morphology and the depth of our data,",Appendix A: Detailed notes on individual clusters,Appendix A: Detailed notes on individual clusters,,,,,Exploring the formation mechanisms of tidal structures in globular clusters of extragalactic origin,"Shouzhi Wang, Jundan Nie, Biwei Jiang, Hao Tian, Chao Liu, Ying-Hua Zhang",astro-ph.GA,2026-01-03T08:11:20Z,http://arxiv.org/abs/2601.01110v2,2601.01110,action_angle_methods,234,180,True,False,420,600,False,3.0
astrobench_a36c60393b,astrobench_a36c60393b_chunk_023,23,"the sky. In our matched-filter S/N map, we detect features extending beyond r t[dyn], but their appearance is more consistent with a broad, diffuse envelope rather than narrow tidal tails. Given the observed morphology and the depth of our data, we classify this cluster as G2. (6) NGC 1904: Carballo-Bello et al. (2018) and Zhang et al. (2022) reported the detection of a symmetric power-law envelope around this cluster based on deep DECam photometry. However, our matched-filter S/N map reveals clear tidal tails extending well beyond r t[dyn]. These features are elongated along the north-south direction and are consistent with the structures identified by Shipp et al. (2018) using DES deep photometry. More recently, Awad et al. (2025) also used data from the Southern Stellar Stream Spectroscopic Survey (S5 ) and Gaia DR3 to identify high-probability extratidal member stars beyond r J of NGC 1904. We therefore classify NGC 1904 as a G1 cluster. (7) NGC 4147: According to the study by Kundu et al. (2022), this cluster may be associated with the Sagittarius stream, and 11 extratidal member stars",Appendix A: Detailed notes on individual clusters,Appendix A: Detailed notes on individual clusters,,,,,Exploring the formation mechanisms of tidal structures in globular clusters of extragalactic origin,"Shouzhi Wang, Jundan Nie, Biwei Jiang, Hao Tian, Chao Liu, Ying-Hua Zhang",astro-ph.GA,2026-01-03T08:11:20Z,http://arxiv.org/abs/2601.01110v2,2601.01110,action_angle_methods,234,180,False,False,560,740,False,3.0
astrobench_a36c60393b,astrobench_a36c60393b_chunk_024,24,"r J of NGC 1904. We therefore classify NGC 1904 as a G1 cluster. (7) NGC 4147: According to the study by Kundu et al. (2022), this cluster may be associated with the Sagittarius stream, and 11 extratidal member stars were identified, 6 of which lie beyond its Jacobi radius. Earlier, Jordi & Grebel (2010) identified tidal tails around NGC 4147 using SDSS photometry, revealing a roughly north-south oriented two-arm morphology, although their data did not extend far beyond the mainsequence turn-off. More recently, Zhang et al. (2024), based on DESI photometric data, detected multiple-arm substructures outside the tidal radius. Similarly, our matched-filter results confirm the presence of comparable multiple-arm tidal tails. Considering all these findings, we classify NGC 4147 as a G1 cluster. (8) NGC 4590: Although PCB20 classified this cluster as G1 based on the detection of tidal stream from Gaia DR2 by Palau & Miralda-Escudé (2019), our matched-filter S/N map does not reveal any prominent tidal tail features. Instead, we identify a symmetric power-law envelope extending beyond r t[King] and approaching r t[dyn]. Our finding is consistent",Appendix A: Detailed notes on individual clusters,Appendix A: Detailed notes on individual clusters,,,,,Exploring the formation mechanisms of tidal structures in globular clusters of extragalactic origin,"Shouzhi Wang, Jundan Nie, Biwei Jiang, Hao Tian, Chao Liu, Ying-Hua Zhang",astro-ph.GA,2026-01-03T08:11:20Z,http://arxiv.org/abs/2601.01110v2,2601.01110,action_angle_methods,234,180,False,False,700,880,False,3.0
astrobench_a36c60393b,astrobench_a36c60393b_chunk_025,25,"stream from Gaia DR2 by Palau & Miralda-Escudé (2019), our matched-filter S/N map does not reveal any prominent tidal tail features. Instead, we identify a symmetric power-law envelope extending beyond r t[King] and approaching r t[dyn]. Our finding is consistent with that of Sollima (2020), who used Gaia data and detected a diffuse envelope surrounding the cluster. We find that the large differences in the reported tidal structures primarily result from the different methodologies adopted: study Palau & Miralda-Escudé (2019) integrates the orbit and performs an all-sky search for cluster members, a strategy suited to identifying widely dispersed stellar streams, whereas both our analysis and Sollima (2020) focus on tidal features in the immediate vicinity of the cluster. Given this cluster-centric perspective and the consistency between our result and that of Sollima (2020), we classify the cluster as a G2 cluster. (9) NGC 5024: Based on orbital calculations, Bonaca et al. (2021) suggested that NGC 5024 may be associated with both the Sylgr stream (Ibata et al. 2019) and the Ravi stream (Shipp et al. 2018). Previous photometric studies have",Appendix A: Detailed notes on individual clusters,Appendix A: Detailed notes on individual clusters,,,,,Exploring the formation mechanisms of tidal structures in globular clusters of extragalactic origin,"Shouzhi Wang, Jundan Nie, Biwei Jiang, Hao Tian, Chao Liu, Ying-Hua Zhang",astro-ph.GA,2026-01-03T08:11:20Z,http://arxiv.org/abs/2601.01110v2,2601.01110,action_angle_methods,234,180,True,False,840,1020,False,3.0
astrobench_a36c60393b,astrobench_a36c60393b_chunk_026,26,"et al. 2006; Jordi & Grebel 2010) reported tail-like structures, while Chun et al. (2010), based on wide-field deep photometry, suggested the presence of an envelope-like component surrounding the cluster and proposed the possible existence of a tidal bridge connecting it to the nearby NGC 5024. Subsequently, Article number, page 14 Wang et al.: Extratidal structures of globular clusters de Boer et al. (2019) used Gaia DR2 data to suggest that the tidal structure of NGC 5053 may extend beyond its Jacobi radius. A recent wide-field photometric study (Wan et al. 2025) detected a mild elongation of NGC 5053 along its western axis and an outer stellar overdensity aligned with its orbital path, but reported no clear evidence of a tidal bridge to NGC 5024. In contrast, some deeper photometric studies (Carballo-Bello et al. 2012, 2014) did not detect significant extratidal features, likely due to limited spatial coverage. From the morphology of our detected structure, the cluster shows a faint extension toward the southwest that extends beyond r t[dyn]. In addition, several diffuse, larger-scale features also lie outside r t[dyn].",Appendix A: Detailed notes on individual clusters,Appendix A: Detailed notes on individual clusters,,,,,Exploring the formation mechanisms of tidal structures in globular clusters of extragalactic origin,"Shouzhi Wang, Jundan Nie, Biwei Jiang, Hao Tian, Chao Liu, Ying-Hua Zhang",astro-ph.GA,2026-01-03T08:11:20Z,http://arxiv.org/abs/2601.01110v2,2601.01110,action_angle_methods,234,180,True,False,1120,1300,False,3.0
astrobench_a36c60393b,astrobench_a36c60393b_chunk_027,27,"Exploring the formation mechanisms of tidal structures in globular clusters of extragalactic origin Exploring the formation mechanisms of tidal structures in globular clusters of extragalactic origin Shouzhi Wang1[,][ 2][,][ 3], Jundan Nie[3,][⋆], Biwei Jiang1[,][ 2], Hao Tian3, Chao Liu3, and Ying-Hua Zhang3[,][ 4] - 1 Institute for Frontiers in Astronomy and Astrophysics, Beijing Normal University, Beijing 102206, People’s Republic of China - 2 School of Physics and Astronomy, Beijing Normal University, Beijing 100875, People’s Republic of China - 3 National Astronomical Observatories, Chinese Academy of Sciences, Beijing 100101, People’s Republic of China e-mail: jdnie@nao.cas.cn - 4 School of Astronomy and Space Science, University of Chinese Academy of Sciences, Beijing 100048, People’s Republic of China",Exploring the formation mechanisms of tidal structures in globular clusters of extragalactic origin,Exploring the formation mechanisms of tidal structures in globular clusters of extragalactic origin,,,,,Exploring the formation mechanisms of tidal structures in globular clusters of extragalactic origin,"Shouzhi Wang, Jundan Nie, Biwei Jiang, Hao Tian, Chao Liu, Ying-Hua Zhang",astro-ph.GA,2026-01-03T08:11:20Z,http://arxiv.org/abs/2601.01110v2,2601.01110,action_angle_methods,149,114,True,False,0,114,False,2.0
astrobench_a36c60393b,astrobench_a36c60393b_chunk_028,28,"Exploring the formation mechanisms of tidal structures in globular clusters of extragalactic origin 2.Observational material We began by constructing an initial list of candidate GCs in the Galaxy with probable extragalactic origins based on consistent classifications in both Massari et al. (2019, 2025 update) and Forbes (2020). In the original 2019 version, Massari et al. (2019) classified clusters primarily according to their positions in integrals-of-motion (IOM) space derived from Gaia DR2 astrometry, with the age-metallicity relation serving as a secondary criterion. In the 2025 update, this classification was refined using Gaia eDR3 astrometry together with two independent sets of distance estimates from Baumgardt & Vasiliev (2021) and Harris (1996, 2010 edition). We retained only those clusters that were consistently classified as accreted under both distance assumptions. In contrast, Forbes (2020) adopted the IOM framework of Massari et al. (2019) but also incorporated the updated compilation of cluster ages and metallicities from Kruijssen et al. (2019), increasing the number of clusters with complete chemical information. Where available, they included α-element abundances from Horta et al. (2020), enabling more reliable assignments of",2.Observational material,2.Observational material,,,,,Exploring the formation mechanisms of tidal structures in globular clusters of extragalactic origin,"Shouzhi Wang, Jundan Nie, Biwei Jiang, Hao Tian, Chao Liu, Ying-Hua Zhang",astro-ph.GA,2026-01-03T08:11:20Z,http://arxiv.org/abs/2601.01110v2,2601.01110,action_angle_methods,234,180,False,False,0,180,False,2.0
astrobench_a36c60393b,astrobench_a36c60393b_chunk_029,29,"fraction is calculated following the prescription of Piatti & Carballo-Bello (2020). Fig. 3 shows the corner plot of the selected intrinsic parameters, with clusters color-coded by morphology (G1 in red, G2 in blue, and G3 in black). The diagonal panels display distributions of individual parameters, while the lower-triangular panels present the pairwise correlations. To further analyze whether the distributions of each parameter differ among the groups, we performed two-sample Kolmogorov-Smirnov (K-S) tests on the distribution of each parameter across different groups. It should be noted that, due to the limited sample size, the K-S tests serve only as supporting evidence rather than definitive conclusions. Table 3 summarizes the test results, where we report only the false-discovery-rate (FDR) corrected p -values ( q ). We adopt q < 0.05 as the threshold for statistical significance, indicating that the two samples differ significantly. Pal 12 is highlighted as an outlier because its King tidal radius exceeds the dynamical radius and it consistently appears displaced across multiple pa- 3 people.smp.uq.edu.au/HolgerBaumgardt/globular/ 4 people.smp.uq.edu.au/HolgerBaumgardt/globular/parameter.html rameter spaces; it is therefore marked with an open symbol in",4.2.Dependence of tidal features on intrinsic properties,4.2.Dependence of tidal features on intrinsic properties,,,,,Exploring the formation mechanisms of tidal structures in globular clusters of extragalactic origin,"Shouzhi Wang, Jundan Nie, Biwei Jiang, Hao Tian, Chao Liu, Ying-Hua Zhang",astro-ph.GA,2026-01-03T08:11:20Z,http://arxiv.org/abs/2601.01110v2,2601.01110,action_angle_methods,234,180,False,False,140,320,False,2.0
astrobench_a36c60393b,astrobench_a36c60393b_chunk_030,30,"angle (θR) in action-angle coordinates is calculated using the Galpy package, adopting the MWPotential2014 Galactic potential (Bovy 2015). This parameter not only characterizes the current position of the cluster along its orbit but also indicates its direction of motion between the pericenter and apocenter. Specifically, when 0[◦] < θR < 180[◦], the cluster is moving outward from pericenter toward apocenter, whereas when 180[◦] < θR < 360[◦], it is moving inward from apocenter back toward pericenter.",4.3.Influence of orbital parameters on tidal feature formation,4.3.Influence of orbital parameters on tidal feature formation,,,,,Exploring the formation mechanisms of tidal structures in globular clusters of extragalactic origin,"Shouzhi Wang, Jundan Nie, Biwei Jiang, Hao Tian, Chao Liu, Ying-Hua Zhang",astro-ph.GA,2026-01-03T08:11:20Z,http://arxiv.org/abs/2601.01110v2,2601.01110,action_angle_methods,99,76,True,False,140,216,False,2.0
astrobench_a36c60393b,astrobench_a36c60393b_chunk_031,31,"Piatti (2019) proposed that clusters with higher eccentricities and inclinations are more likely to undergo repeated disk crossings, thereby increasing their susceptibility to tidal depletion. Piatti & Carballo-Bello (2020) further showed that clusters on highly eccentric ( e ≳ 0.8) and strongly inclined (≈±70[◦] ) orbits tend to lose more mass than those on nearly circular, low-inclination orbits. Our results are broadly consistent with this framework, while also indicating that not all clusters on such orbits necessarily display prominent tidal features. Moreover, Balbinot & Gieles (2018) suggested that GCs exhibiting tidal tails are typically in a near-dissolution phase and are more likely to be found near apocenter. In our sample, a considerable fraction of G1 clusters are located in the outwardmoving orbital phase between pericenter and apocenter (with θR between 0[◦] and 180[◦] ), consistent with the expectation that enhanced tidal stripping occurs during pericentric passages. However, we do not find clear evidence that these clusters are preferentially concentrated near apocenter. Although θR and the massloss fraction show no strong correlation, G1 clusters nonetheless tend to populate this outward-moving phase,",4.3.1.Possible group-sensitive parameters,4.3.1.Possible group-sensitive parameters,,,,,Exploring the formation mechanisms of tidal structures in globular clusters of extragalactic origin,"Shouzhi Wang, Jundan Nie, Biwei Jiang, Hao Tian, Chao Liu, Ying-Hua Zhang",astro-ph.GA,2026-01-03T08:11:20Z,http://arxiv.org/abs/2601.01110v2,2601.01110,action_angle_methods,234,180,False,False,280,460,False,2.0
astrobench_a36c60393b,astrobench_a36c60393b_chunk_032,32,"tidal stripping occurs during pericentric passages. However, we do not find clear evidence that these clusters are preferentially concentrated near apocenter. Although θR and the massloss fraction show no strong correlation, G1 clusters nonetheless tend to populate this outward-moving phase, suggesting that the tidal stripping experienced during recent pericentric passages may contribute to the formation of their observed extratidal structures. Taken together, our results indicate that certa in orbital characteristics, such as smaller R Peri, higher e, and specific θR, may be associated with enhanced tidal mass loss, and that these three parameters are group-sensitive. These findings highlight that, beyond intrinsic properties, the orbital configuration of GCs also plays a key role in determining both the extent of their mass loss and the detectability of their tidal structures.",4.3.1.Possible group-sensitive parameters,4.3.1.Possible group-sensitive parameters,,,,,Exploring the formation mechanisms of tidal structures in globular clusters of extragalactic origin,"Shouzhi Wang, Jundan Nie, Biwei Jiang, Hao Tian, Chao Liu, Ying-Hua Zhang",astro-ph.GA,2026-01-03T08:11:20Z,http://arxiv.org/abs/2601.01110v2,2601.01110,action_angle_methods,167,128,False,False,420,548,False,2.0
astrobench_a36c60393b,astrobench_a36c60393b_chunk_033,33,"R Peri and P R, with many clusters concentrated in the lower-left region of the diagram. However, clusters exhibiting prominent tidal structures (G1) are distributed across a wide range of these parameters. Some G1 clusters even have relatively large R Peri and long P R, suggesting that strong tidal features can still develop in systems that do not reside in the innermost regions of the Galaxy. This may also be related to the clusters’ current positions and directions of motion along their orbital paths between pericenter and apocenter. T Peri and T Disk: Panel (b) of Fig. 5 shows the relationship between the time since the last pericentric passage ( T Peri) and the time since the most recent disk crossing ( T Disk). Both parameters serve as indicators of whether a cluster has recently experienced strong tidal interactions. As shown in the figure, a positive correlation is also evident between the two, as clusters with shorter orbital periods tend to undergo pericentric passages and disk crossings more frequently. Most clusters are concentrated at small T Peri and T Disk",4.4.Environmental independence of tidal morphologies,4.4.Environmental independence of tidal morphologies,,,,,Exploring the formation mechanisms of tidal structures in globular clusters of extragalactic origin,"Shouzhi Wang, Jundan Nie, Biwei Jiang, Hao Tian, Chao Liu, Ying-Hua Zhang",astro-ph.GA,2026-01-03T08:11:20Z,http://arxiv.org/abs/2601.01110v2,2601.01110,action_angle_methods,234,180,False,False,280,460,False,2.0
astrobench_a36c60393b,astrobench_a36c60393b_chunk_034,34,"a broader range in both E and Lz, reflecting their dynamically heated, eccentric orbits following the merger. From a morphological perspective, among the 14 Gaia-Sausage-Enceladus clusters, 6 are classified as G1, 6 as G2, and 2 as G3. Of the 5 Sagittarius clusters, 4 fall in to G1 and 1 in to G3. The 4 clusters associated with the Helmi stream are distributed as 2 G2 and 2 G3, while both Sequoia clusters are classified as G1. In addition, there are 3 clusters of uncerta in orig in (possibly linked to either Gaia-Sausage-Enceladus or the Helmi stream) including 1 G2 and 2 G3. Overall, the distribution of morphological types across different accretion groups shows certa in systematic differences. In particular, clusters associated with Sagittarius and Sequoia appear to exhibit a closer correspondence between tidal morphology and their accretion orig in. However, this trend remains tentative due to the limited sample size, and thus cannot be regarded as definitive evidence that accretion history alone drives the formation of extended tidal structures. Taken together, our analysis indicates that clusters with tidal features",4.4.Environmental independence of tidal morphologies,4.4.Environmental independence of tidal morphologies,,,,,Exploring the formation mechanisms of tidal structures in globular clusters of extragalactic origin,"Shouzhi Wang, Jundan Nie, Biwei Jiang, Hao Tian, Chao Liu, Ying-Hua Zhang",astro-ph.GA,2026-01-03T08:11:20Z,http://arxiv.org/abs/2601.01110v2,2601.01110,action_angle_methods,234,180,False,False,700,880,False,2.0
astrobench_a36c60393b,astrobench_a36c60393b_chunk_035,35,"However, this trend remains tentative due to the limited sample size, and thus cannot be regarded as definitive evidence that accretion history alone drives the formation of extended tidal structures. Taken together, our analysis indicates that clusters with tidal features are distributed across a wide range of pericentric distances, orbital periods, pericentric passage times, and diskcrossing times, showing no clear preference for regions experiencing stronger or more frequent tidal forces. Likewise, accretion history provides no definitive evidence of driving the formation of extended tidal structures.",4.4.Environmental independence of tidal morphologies,4.4.Environmental independence of tidal morphologies,,,,,Exploring the formation mechanisms of tidal structures in globular clusters of extragalactic origin,"Shouzhi Wang, Jundan Nie, Biwei Jiang, Hao Tian, Chao Liu, Ying-Hua Zhang",astro-ph.GA,2026-01-03T08:11:20Z,http://arxiv.org/abs/2601.01110v2,2601.01110,action_angle_methods,111,85,False,False,840,925,False,2.0
astrobench_a36c60393b,astrobench_a36c60393b_chunk_036,36,"indicate possible progenitor origins: circles represent clusters likely associated with the Gaia-Sausage-Enceladus (GSE) merger, triangles denote clusters linked to the Sagittarius (Sag) dwarf galaxy, squares indicate possible orig in in the Sequoia (Seq) event, diamonds denote clusters associated with the Helmi stream (H99), and crosses mark clusters that may belong to either GaiaSausage-Enceladus or the Helmi stream (GSE/H99). Clusters are color-coded according to morphological classification: red for G1, blue for G2, and black for G3. Pal 12 is highlighted with open marker. or ""extratidal"", thereby affecting whether a cluster is deemed to possess extended structures. To mitigate these effects, we adopted both the widely used r t[King] (Harris 1996, 2010 edition) from the literature and r t[dyn] (from the globular cluster databases referenced in this work) calculated from orbital parameters. Both sets of values are taken from well-established and authoritative cluster catalogs, ensuring consistency with previous studies. In our morphological classification, we explicitly considered both definitions, thereby reducing the limitations associated with relying on a single tidal radius and enhancing the reliability of extratidal structure identification. Projection effects and viewing",4.5.Limitations in the detection of tidal structures,4.5.Limitations in the detection of tidal structures,,,,,Exploring the formation mechanisms of tidal structures in globular clusters of extragalactic origin,"Shouzhi Wang, Jundan Nie, Biwei Jiang, Hao Tian, Chao Liu, Ying-Hua Zhang",astro-ph.GA,2026-01-03T08:11:20Z,http://arxiv.org/abs/2601.01110v2,2601.01110,action_angle_methods,234,180,False,False,560,740,False,2.0
astrobench_a36c60393b,astrobench_a36c60393b_chunk_037,37,"cluster catalogs, ensuring consistency with previous studies. In our morphological classification, we explicitly considered both definitions, thereby reducing the limitations associated with relying on a single tidal radius and enhancing the reliability of extratidal structure identification. Projection effects and viewing angles Tidal structures are inherently three-dimensional and typically align along a cluster’s orbital path. When viewed edge-on, these features are prominently detectable; however, if the tail lies along the line of sight, projection may smear the signal and obscure its geometry. The likelihood of detecting such structures thus strongly depends on the orbital inclination relative to the observer. Moreover, since tail morphology can evolve rapidly with orbital phase, snapshots may capture the cluster at a time when its features are faint, asymmetric, or highly dispersed. We also examined the distributions of radial velocities and proper motions for the G2 and G3 clusters in three-dimensional space; unfortunately, we did not find any significant or systematic trends. In summary, although matched filtering and wide-field imaging have improved our ability to identify extended structures in GCs, the detection remains vulnerable to various systematic",4.5.Limitations in the detection of tidal structures,4.5.Limitations in the detection of tidal structures,,,,,Exploring the formation mechanisms of tidal structures in globular clusters of extragalactic origin,"Shouzhi Wang, Jundan Nie, Biwei Jiang, Hao Tian, Chao Liu, Ying-Hua Zhang",astro-ph.GA,2026-01-03T08:11:20Z,http://arxiv.org/abs/2601.01110v2,2601.01110,action_angle_methods,234,180,False,False,700,880,False,2.0
astrobench_a36c60393b,astrobench_a36c60393b_chunk_038,38,"G3 clusters in three-dimensional space; unfortunately, we did not find any significant or systematic trends. In summary, although matched filtering and wide-field imaging have improved our ability to identify extended structures in GCs, the detection remains vulnerable to various systematic effects. In this study, we minimized these effects by employing a homogeneous dataset, adopting uniform filtering parameters and processing procedures, and cross-validating our results with previous imaging studies. These measures reduce potential systematic biases and enhance the reliability of the identified tidal features and their morphological classifications.",4.5.Limitations in the detection of tidal structures,4.5.Limitations in the detection of tidal structures,,,,,Exploring the formation mechanisms of tidal structures in globular clusters of extragalactic origin,"Shouzhi Wang, Jundan Nie, Biwei Jiang, Hao Tian, Chao Liu, Ying-Hua Zhang",astro-ph.GA,2026-01-03T08:11:20Z,http://arxiv.org/abs/2601.01110v2,2601.01110,action_angle_methods,114,87,False,False,840,927,False,2.0
astrobench_a36c60393b,astrobench_a36c60393b_chunk_039,39,significantly. Pal 12 is highlighted as an outlier because its King tidal radius exceeds the dynamical radius and it consistently appears displaced across multiple pa- 3 people.smp.uq.edu.au/HolgerBaumgardt/globular/ 4 people.smp.uq.edu.au/HolgerBaumgardt/globular/parameter.html rameter spaces; it is therefore marked with an open symbol in Fig. 3 and excluded from further analyses in this subsection.,4.2.Dependence of tidal features on intrinsic properties,4.2.Dependence of tidal features on intrinsic properties,,,,,Exploring the formation mechanisms of tidal structures in globular clusters of extragalactic origin,"Shouzhi Wang, Jundan Nie, Biwei Jiang, Hao Tian, Chao Liu, Ying-Hua Zhang",astro-ph.GA,2026-01-03T08:11:20Z,http://arxiv.org/abs/2601.01110v2,2601.01110,action_angle_methods,65,50,False,False,280,330,False,1.0
astrobench_705f443da5,astrobench_705f443da5_chunk_000,0,"Distribution function-based modelling of discrete kinematic datasets, in application to the Milky Way nuclear star cluster 2.1.Overview of methods Several approaches have been used for modelling the Milky Way NSC and NSD in the past. Most studies relied on the Jeans equations, either spherical (e.g., Sch¨odel et al. 2009; Do et al. 2013b; Chatzopoulos et al. 2015a; Fritz et al. 2016) or axisymmetric (Feldmeier et al. 2014; Chatzopoulos et al. 2015a; Sormani et al. 2020; Feldmeier-Krause et al. 2025). These are easy to underst and and fast to run, but have a few fundamental limitations. First, Jeans equations typically only use the first two moments of the velocity distribution; although there are implementations that can incorporate higher moments (e.g., Merrifield & Kent 1990; Magorrian 1995; Richardson & Fairbairn 2013; Read & Steger 2017; Ba˜nares-Hern´andez et al. 2026), they have not been applied to the NSC. Second, a solution to the Jeans equations is not guaranteed to correspond to a physically valid (nonnegative) DF. This is rarely a concern for most stellar systems, but when the potential is dominated by a",2.1.Overview of methods,2.1.Overview of methods,,,,,"Distribution function-based modelling of discrete kinematic datasets, in application to the Milky Way nuclear star cluster","Eugene Vasiliev, Anja Feldmeier-Krause, Mattia C. Sormani",astro-ph.GA,2026-03-31T09:44:14Z,http://arxiv.org/abs/2603.29502v1,2603.29502,distribution_functions,234,180,False,False,0,180,True,5.0
astrobench_705f443da5,astrobench_705f443da5_chunk_001,1,"been applied to the NSC. Second, a solution to the Jeans equations is not guaranteed to correspond to a physically valid (nonnegative) DF. This is rarely a concern for most stellar systems, but when the potential is dominated by a central point mass, the constraints imposed by the socalled “cusp slope–velocity anisotropy theorem” (An & Evans 2006) exclude a considerable part of the parameter space as unphysical. This may have contributed to an overestimated M• in anisotropic Jeans models of Do et al. (2013b). The third limitation, namely the wellknown mass–anisotropy degeneracy in Jeans equations, is not so severe when one can measure more than one velocity component, as is the case for the NSC. Jeans models can be used with both binned and discrete kinematic data, and rely on the density profile of tracers (typically determined independently of the kinematic sample) to solve the equations for the velocity moments. At the other end of the spectrum of dynamical modelling methods (in terms of complexity and computational cost) is the Schwarzschild (1979) orbitsuperposition approach, in which the DF is modelled",2.1.Overview of methods,2.1.Overview of methods,,,,,"Distribution function-based modelling of discrete kinematic datasets, in application to the Milky Way nuclear star cluster","Eugene Vasiliev, Anja Feldmeier-Krause, Mattia C. Sormani",astro-ph.GA,2026-03-31T09:44:14Z,http://arxiv.org/abs/2603.29502v1,2603.29502,distribution_functions,234,180,False,False,140,320,True,5.0
astrobench_705f443da5,astrobench_705f443da5_chunk_002,2,"kinematic sample) to solve the equations for the velocity moments. At the other end of the spectrum of dynamical modelling methods (in terms of complexity and computational cost) is the Schwarzschild (1979) orbitsuperposition approach, in which the DF is modelled as a weighted sum of a large number of orbits (essentially, Dirac’s δ -functions in the space of integrals of motion). A triaxial orbit-based model of the NSC has been constructed by Feldmeier-Krause et al. (2017b). This class of models is not well suited to dealing with discrete kinematic data, necessitating their binning (apart from the pro of-of-concept study of Chanam´e et al. 2008, there are no examples of “discrete Schwarzschild models” in the literature). An approach that can be viewed as a crossover between orbit-based and DF-based methods is that of 3 Magorrian (2019). In this case, the DF is represented by a weighted sum of ⊓ -shaped building blocks in the E, L2 space, and the model fitting could be done using individual velocity measurements and evaluating the likelihood of each star against the DF of each building",2.1.Overview of methods,2.1.Overview of methods,,,,,"Distribution function-based modelling of discrete kinematic datasets, in application to the Milky Way nuclear star cluster","Eugene Vasiliev, Anja Feldmeier-Krause, Mattia C. Sormani",astro-ph.GA,2026-03-31T09:44:14Z,http://arxiv.org/abs/2603.29502v1,2603.29502,distribution_functions,234,180,False,False,280,460,True,5.0
astrobench_705f443da5,astrobench_705f443da5_chunk_003,3,"is represented by a weighted sum of ⊓ -shaped building blocks in the E, L2 space, and the model fitting could be done using individual velocity measurements and evaluating the likelihood of each star against the DF of each building block. However, due to peculiarities of kinematic catalogues, Magorrian (2019) had to seriously engage with the selection function, as discussed further down in Section 3.1. In his approach, the DF of stars did not contribute to the total gravitational potential (i.e., the model was not self-consistent in the sense of Section 2.3); rather, the potential was created by the SMBH plus an extended mass profile, whose parameters were optimised during the fit. In DF-based methods, one usually deals with smooth analytic functions rather than discrete blocks with finite support. As the arguments of the DF, one can use either the classical integrals of motion ( E, L or Lz ) or actions (radial Jr, vertical Jz and azimuthal Jϕ, see Section 3.5.3 in Binney & Tremaine 2008 for definition). It is the latter variant that we will consider in this",2.1.Overview of methods,2.1.Overview of methods,,,,,"Distribution function-based modelling of discrete kinematic datasets, in application to the Milky Way nuclear star cluster","Eugene Vasiliev, Anja Feldmeier-Krause, Mattia C. Sormani",astro-ph.GA,2026-03-31T09:44:14Z,http://arxiv.org/abs/2603.29502v1,2603.29502,distribution_functions,234,180,False,False,420,600,True,5.0
astrobench_705f443da5,astrobench_705f443da5_chunk_004,4,"classical integrals of motion ( E, L or Lz ) or actions (radial Jr, vertical Jz and azimuthal Jϕ, see Section 3.5.3 in Binney & Tremaine 2008 for definition). It is the latter variant that we will consider in this project, as action-based DFs are more general and can be used in both spherical and axisymmetric systems equally well. Although in some cases the contribution of kinematic tracers to the potential can be neglected (e.g., in dwarf spheroidal galaxies dominated by dark matter), in general one needs to determine the potential self-consistently from the DF, using the iterative procedure outlined in section 2.3, possibly including external sources of potential, such as the SMBH. Spherical DF models have been used for constraining the dark matter profile in dwarf galaxies (Pascale et al. 2018, 2019, 2025; Arroyo-Polonio et al. 2025) and the mass of the central BH in the globular cluster NGC 104 (Della Croce et al. 2024) and Leo I dwarf galaxy (Pascale et al. 2024). Non-spherical models of this kind have been constructed for the Milky Way disc (Piffl et",2.1.Overview of methods,2.1.Overview of methods,,,,,"Distribution function-based modelling of discrete kinematic datasets, in application to the Milky Way nuclear star cluster","Eugene Vasiliev, Anja Feldmeier-Krause, Mattia C. Sormani",astro-ph.GA,2026-03-31T09:44:14Z,http://arxiv.org/abs/2603.29502v1,2603.29502,distribution_functions,234,180,True,False,560,740,True,5.0
astrobench_705f443da5,astrobench_705f443da5_chunk_005,5,"mass of the central BH in the globular cluster NGC 104 (Della Croce et al. 2024) and Leo I dwarf galaxy (Pascale et al. 2024). Non-spherical models of this kind have been constructed for the Milky Way disc (Piffl et al. 2014; Binney & Piffl 2015; Cole & Binney 2017; Binney & Vasiliev 2023, 2024) and halo tracers (Williams & Evans 2015b; Vasiliev 2019b; Hattori et al. 2021; Wang et al. 2022), some external galaxies (Gal´an-de Anta et al. 2023), and most relevant for our study, for the Milky Way NSD (Sormani et al. 2022a). In the latter work, the central mass concentration representing the NSC and the SMBH was modelled as a static component rather than described by a DF, and in the present study, we lift this limitation and endow the NSC with its own DF, whose parameters are optimised to match the observed kinematics of the central region.",2.1.Overview of methods,2.1.Overview of methods,,,,,"Distribution function-based modelling of discrete kinematic datasets, in application to the Milky Way nuclear star cluster","Eugene Vasiliev, Anja Feldmeier-Krause, Mattia C. Sormani",astro-ph.GA,2026-03-31T09:44:14Z,http://arxiv.org/abs/2603.29502v1,2603.29502,distribution_functions,197,151,True,False,700,851,True,5.0
astrobench_705f443da5,astrobench_705f443da5_chunk_006,6,"Distribution function-based modelling of discrete kinematic datasets, in application to the Milky Way nuclear star cluster 2.3.Construction of self-consistent models The DF f is specified in terms of the integrals of motion in a given gravitational potential Φ – in our case, actions J ( x, v; Φ). The density ρ ( x ) = ��� d3 v f � J ( x, v )� is generated by the DF, and ρ is also connected to the gravitational potential via the Poisson equation ∇2 Φ = 4 πGρ. In a gravitationally selfconsistent case, ρ, Φ and f depend on each other (the latter through the dependence of actions on the potential). Such models can be constructed in an iterative approach (e.g., Binney 2014; Piffl et al. 2015; Sanders & Evans 2015; Binney & Vasiliev 2023), which is implemented in Agama SelfConsistentModel class. The functional form and the parameters of the DF are fixed, while the density and the corresponding potential are updated in the course of iterations. We refer to Section 5.2 in Vasiliev (2019a) for a full description of",2.3.Construction of self-consistent models,2.3.Construction of self-consistent models,,,,,"Distribution function-based modelling of discrete kinematic datasets, in application to the Milky Way nuclear star cluster","Eugene Vasiliev, Anja Feldmeier-Krause, Mattia C. Sormani",astro-ph.GA,2026-03-31T09:44:14Z,http://arxiv.org/abs/2603.29502v1,2603.29502,distribution_functions,234,180,False,True,0,180,True,5.0
astrobench_705f443da5,astrobench_705f443da5_chunk_007,7,"SelfConsistentModel class. The functional form and the parameters of the DF are fixed, while the density and the corresponding potential are updated in the course of iterations. We refer to Section 5.2 in Vasiliev (2019a) for a full description of the method, and outline specific details of our setup below. In our case, the model consists of three components: the static Newtonian potential of the SMBH and two DF-based components (NSC and NSD). Given a potential, each of these models produces a certa in axisymmetric density profile ρ ( R, θ ), represented by a DensitySphericalHarmonic expansion of order ℓ max in θ, with coefficients depending on the spherical radius r. We use ℓ max = 6 for the NSC and ℓ max = 12 for the NSD, and a logarithmically-spaced grid with 25 points for each component (between 0.01 and 1000 pc for the NSC, and between 0.1 and 1000 pc for the NSD). The potential is computed using the Multipole expansion, which is well suited for cuspy density profiles that are not too flattened. We note that the",2.3.Construction of self-consistent models,2.3.Construction of self-consistent models,,,,,"Distribution function-based modelling of discrete kinematic datasets, in application to the Milky Way nuclear star cluster","Eugene Vasiliev, Anja Feldmeier-Krause, Mattia C. Sormani",astro-ph.GA,2026-03-31T09:44:14Z,http://arxiv.org/abs/2603.29502v1,2603.29502,distribution_functions,234,180,False,True,140,320,True,5.0
astrobench_705f443da5,astrobench_705f443da5_chunk_008,8,"and 1000 pc for the NSC, and between 0.1 and 1000 pc for the NSD). The potential is computed using the Multipole expansion, which is well suited for cuspy density profiles that are not too flattened. We note that the multipole expansion is not very accurate for the NSD at large radii, and an alternative CylSpline potential should in general be used for disky components (as in Sormani et al. 2022a). Ideally, one could use both potential expansions (each for its own component), but this would double the cost of model construction for little extra benefit, since our kinematic data are confined to the central region, where Multipole is accurate enough. The iterative process starts by initializing the potential to the same “seed” one used by Sormani et al. (2022a), since we use their best-fit DF for the NSD component. An inherent deficiency of the QuasiIsothermal DF used for the NSD is that the final model (after the iterations) still incorporates some information from the “seed” potential used for initialisation, namely, the radial profiles of epicyclic frequencies in this “seed”",2.3.Construction of self-consistent models,2.3.Construction of self-consistent models,,,,,"Distribution function-based modelling of discrete kinematic datasets, in application to the Milky Way nuclear star cluster","Eugene Vasiliev, Anja Feldmeier-Krause, Mattia C. Sormani",astro-ph.GA,2026-03-31T09:44:14Z,http://arxiv.org/abs/2603.29502v1,2603.29502,distribution_functions,234,180,False,False,280,460,True,5.0
astrobench_705f443da5,astrobench_705f443da5_chunk_009,9,"An inherent deficiency of the QuasiIsothermal DF used for the NSD is that the final model (after the iterations) still incorporates some information from the “seed” potential used for initialisation, namely, the radial profiles of epicyclic frequencies in this “seed” potential are absorbed in to the definition of the DF. An alternative Exponential DF used in Binney & Vasiliev (2023) is entirely potential-independent, but for the sake of compatibility with the previous NSD model, we keep the same DF. The “seed” potential is built from both NSD and NSC density profiles taken from Sormani et al. (2020) and Chatzopoulos et al. (2015a), respectively, which are not identical to the final density profile of the self-consistent model. The model DFs are then initialised from the provided parameters (and in the case of the NSD DF, the “seed” potential). 5 In each iteration, the density of both components is recomputed from their DFs in the current potential (which is the most expensive operation, since it involves the integration of the DF over the 3d velocity space, and each DF evaluation involves the",2.3.Construction of self-consistent models,2.3.Construction of self-consistent models,,,,,"Distribution function-based modelling of discrete kinematic datasets, in application to the Milky Way nuclear star cluster","Eugene Vasiliev, Anja Feldmeier-Krause, Mattia C. Sormani",astro-ph.GA,2026-03-31T09:44:14Z,http://arxiv.org/abs/2603.29502v1,2603.29502,distribution_functions,234,180,False,False,420,600,True,5.0
astrobench_705f443da5,astrobench_705f443da5_chunk_010,10,"iteration, the density of both components is recomputed from their DFs in the current potential (which is the most expensive operation, since it involves the integration of the DF over the 3d velocity space, and each DF evaluation involves the conversion from the phasespace coordinates x, v to actions J ). The potential is then recomputed from the updated density profiles. Since the NSD density is subdominant in the inner region covered by our kinematic data, we can save computational effort by keeping a fixed NSD density profile identical to the final model of Sormani et al. (2022a) for the first four iterations (this is not the “seed”, which is only used for initialisation), and replacing it with the DF-based density only on the final iteration, when the DF-based NSC density has largely converged. We checked that increasing the number of iterations changes the model properties only marginally. After we obta in the final density and potential profiles for the current choice of DF parameters, we evaluate the likelihood of the model, as described in the next section.",2.3.Construction of self-consistent models,2.3.Construction of self-consistent models,,,,,"Distribution function-based modelling of discrete kinematic datasets, in application to the Milky Way nuclear star cluster","Eugene Vasiliev, Anja Feldmeier-Krause, Mattia C. Sormani",astro-ph.GA,2026-03-31T09:44:14Z,http://arxiv.org/abs/2603.29502v1,2603.29502,distribution_functions,232,178,False,False,560,738,True,5.0
astrobench_705f443da5,astrobench_705f443da5_chunk_011,11,"Distribution function-based modelling of discrete kinematic datasets, in application to the Milky Way nuclear star cluster 3.MODEL FITTING Throughout this work, we denote the position and velocity in the intrinsic coordinate system of the model by lowercase x, v, and in the observed system by uppercase X, V. In the application to the NSC, we adopt the standard right-handed Galactocentric coordinate system for the model, shifted slightly to place the SMBH exactly at orig in, with xy being the equatorial plane and the Sun located at x = −D 0 ≈− 8. 2 kpc (GRAVITY Collaboration 2019). Although there are indications that the major axis of the NSC is slightly tilted with respect to the Galactic plane (Feldmeier et al. 2014; Gallego-Cano et al. 2020), we have to ignore this misalignment, since both NSC and NSD must share the same coordinate system in an axisymmetric equilibrium dynamical model. The observed coordinate system is also centered on Sgr A [⋆], but is rotated such that Z is the direction along the line of sight (hence VZ ≡ V LOS), Y points",3.MODEL FITTING,3.MODEL FITTING,,,,,"Distribution function-based modelling of discrete kinematic datasets, in application to the Milky Way nuclear star cluster","Eugene Vasiliev, Anja Feldmeier-Krause, Mattia C. Sormani",astro-ph.GA,2026-03-31T09:44:14Z,http://arxiv.org/abs/2603.29502v1,2603.29502,distribution_functions,234,180,False,True,0,180,True,5.0
astrobench_705f443da5,astrobench_705f443da5_chunk_012,12,"coordinate system in an axisymmetric equilibrium dynamical model. The observed coordinate system is also centered on Sgr A [⋆], but is rotated such that Z is the direction along the line of sight (hence VZ ≡ V LOS), Y points towards Galactic north, and X lies in the Galactic plane and increases with the longitude l; thus x = Z, y = X, z = Y. Given the small size of the NSC compared to the distance D 0, we convert PMs to velocities using a fixed value of D 0; thus VX ≡ V hor ≡ 4. 74 D 0 ( µl − µ[SgrA] l[⋆] ) and VY ≡ V ver ≡ 4. 74 D 0 ( µb − µ[SgrA] b[⋆] ), where 4.74 is the conversion factor from mas yr [−]1 to km s [−]1. The PMs are measured relative to Sgr A [⋆], using the values for the latter quoted in Reid & Brunthaler (2020).",3.MODEL FITTING,3.MODEL FITTING,,,,,"Distribution function-based modelling of discrete kinematic datasets, in application to the Milky Way nuclear star cluster","Eugene Vasiliev, Anja Feldmeier-Krause, Mattia C. Sormani",astro-ph.GA,2026-03-31T09:44:14Z,http://arxiv.org/abs/2603.29502v1,2603.29502,distribution_functions,206,158,False,True,140,298,True,5.0
astrobench_705f443da5,astrobench_705f443da5_chunk_013,13,"picture [485 x 303] intentionally omitted <== ----- Start of picture text -----<br> self-consistent non-self-consistent, mass non-self-consistent, tracers<br>10 [-2]<br>10 [-3]<br>selection function selection function<br>known known<br>unknown unknown<br>10 [-4]<br>0.01 0.1 1 10 100 0.01 0.1 1 10 100 0.01 0.1 1 10 100<br>radius radius radius<br>10<br>5<br>2<br>1<br>0.01 0.1 1 10 100 0.01 0.1 1 10 100 0.01 0.1 1 10 100<br>radius radius radius<br>3<br>ρr<br>2<br>/<br>1<br>]<br>16%<br>/ρ<br>84%<br>ρ<br>[<br>----- End of picture text -----<br> Figure 3. Illustration of the dynamical modelling precision in different scenarios using the toy spherical model (Section 3.2.2). Shown are constraints on the mass density (left and middle columns) and tracer density (right column), in the cases when the spatial selection function is known and uniform (scenario A in Figure 1; green and cyan) or unknown (scenario C, which uses only the kinematic information but not the spatial distribution of tracers; magenta and red curves). In the self-consistent case (left column), tracer and mass densities are identical, while in the opposite case, they are shown separately (middle and right columns). The top row shows the true profile as a black dashed line, and the 16/84% confidence intervals",3.2.2.Spherical halo models,3.2.2.Spherical halo models,,,,,"Distribution function-based modelling of discrete kinematic datasets, in application to the Milky Way nuclear star cluster","Eugene Vasiliev, Anja Feldmeier-Krause, Mattia C. Sormani",astro-ph.GA,2026-03-31T09:44:14Z,http://arxiv.org/abs/2603.29502v1,2603.29502,distribution_functions,234,180,False,True,140,320,True,5.0
astrobench_705f443da5,astrobench_705f443da5_chunk_014,14,"self-consistent case (left column), tracer and mass densities are identical, while in the opposite case, they are shown separately (middle and right columns). The top row shows the true profile as a black dashed line, and the 16/84% confidence intervals on ρ ( r ) r3 as shaded regions, and bottom row shows the square root of the ratio of upper and lower bounds of these intervals (qualitatively, the relative uncertainty, with 1 corresponding to a precise constraint and ≫ 1 to a poor constraint). Naturally, the constraints are tighter at intermediate radii where the majority of tracers reside ( ρr3 shows the mass of stars per logarithmic interval in radius). The radial range roughly encompasses all 103 kinematic tracers used in the fit. We draw N stars = 103 tracers from this DF and consider four possible scenarios for model fitting. One can treat this model as self-consistent (fit only for the mass and the other 6 DF parameters listed above, and determine the potential from the DF iteratively as described in Section 2.3), or non-self-consistent (6 DF parameters",3.2.2.Spherical halo models,3.2.2.Spherical halo models,,,,,"Distribution function-based modelling of discrete kinematic datasets, in application to the Milky Way nuclear star cluster","Eugene Vasiliev, Anja Feldmeier-Krause, Mattia C. Sormani",astro-ph.GA,2026-03-31T09:44:14Z,http://arxiv.org/abs/2603.29502v1,2603.29502,distribution_functions,234,180,False,True,280,460,True,5.0
astrobench_705f443da5,astrobench_705f443da5_chunk_015,15,"model fitting. One can treat this model as self-consistent (fit only for the mass and the other 6 DF parameters listed above, and determine the potential from the DF iteratively as described in Section 2.3), or non-self-consistent (6 DF parameters and 5 potential parameters are independent from each other; in this case the DF mass is irrelevant and can be fixed to unity). In the non-self-consistent case, the model would need to recover both the tracer density and the mass density (i.e. the potential) from the same data, while in the self-consistent case these are identical, so can be constrained better. Independently of this choice, one can use the joint position and velocity distribution to constra in the model (i.e. scenario A of a known and uniform SF in Figure 1), or the conditional velocity distribution given the position (scenario C, unknown SF). Naturally, the amount of available information is lower in the latter case, so we expect the constraints on the potential and tracer density to be less precise. In all cases, we assume to know the two sky-plane",3.2.2.Spherical halo models,3.2.2.Spherical halo models,,,,,"Distribution function-based modelling of discrete kinematic datasets, in application to the Milky Way nuclear star cluster","Eugene Vasiliev, Anja Feldmeier-Krause, Mattia C. Sormani",astro-ph.GA,2026-03-31T09:44:14Z,http://arxiv.org/abs/2603.29502v1,2603.29502,distribution_functions,234,180,False,False,420,600,True,5.0
astrobench_705f443da5,astrobench_705f443da5_chunk_016,16,"C, unknown SF). Naturally, the amount of available information is lower in the latter case, so we expect the constraints on the potential and tracer density to be less precise. In all cases, we assume to know the two sky-plane positions, but not the distance, and all three velocity components without errors. Figure 3 shows the result of this exercise in all four cases, expressed as the 16/84% confidence intervals on the density profile (top row), or the relative uncertainty of the density (bottom row). When the SF is assumed to be known, the tracer density can be constrained very well (cyan curve in the right column), as their positions on the sky plane effectively provide the surface density profile, which has a unique deprojection in a spherical system. If the model is self-consistent, the total mass density is known with the same precision (green curve in the left column), but in the opposite case, it still has a fairly small uncertainty at intermediate radii (cyan curve in the middle column), which rises rapidly to- 11 wards small and especially",3.2.2.Spherical halo models,3.2.2.Spherical halo models,,,,,"Distribution function-based modelling of discrete kinematic datasets, in application to the Milky Way nuclear star cluster","Eugene Vasiliev, Anja Feldmeier-Krause, Mattia C. Sormani",astro-ph.GA,2026-03-31T09:44:14Z,http://arxiv.org/abs/2603.29502v1,2603.29502,distribution_functions,234,180,False,False,560,740,True,5.0
astrobench_705f443da5,astrobench_705f443da5_chunk_017,17,"with the same precision (green curve in the left column), but in the opposite case, it still has a fairly small uncertainty at intermediate radii (cyan curve in the middle column), which rises rapidly to- 11 wards small and especially large radii. On the other hand, when the SF is unknown, the tracer density is very poorly constrained (red curve in the right column), but the mass density is still determined reasonably well at intermediate radii even in the non-self-consistent case (red curve in the middle column), and even better in the self-consistent case (magenta curve in the left column). As our model of the NSC is partially self-consistent (the total mass profile is determined by stellar tracers plus a central SMBH), we could expect an intermediate case between the latter two scenarios. This exercise demonstrates that one can obta in meaningful constraints on the potential even if the tracer density is not known and there are additional mass components besides the stellar tracers. But of course, the actual NSC model is much more complicated than this toy example, so",3.2.2.Spherical halo models,3.2.2.Spherical halo models,,,,,"Distribution function-based modelling of discrete kinematic datasets, in application to the Milky Way nuclear star cluster","Eugene Vasiliev, Anja Feldmeier-Krause, Mattia C. Sormani",astro-ph.GA,2026-03-31T09:44:14Z,http://arxiv.org/abs/2603.29502v1,2603.29502,distribution_functions,234,180,False,False,700,880,True,5.0
astrobench_705f443da5,astrobench_705f443da5_chunk_018,18,"Distribution function-based modelling of discrete kinematic datasets, in application to the Milky Way nuclear star cluster 3.4.Test on mock data To validate our dynamical modelling procedure, we performed a test run on a mock dataset having the same spatial footprint as the observational data described in Section 4. We created a fiducial model with parameters given in Table 1, and for each star in the observational sample, assigned its missing Z coordinate from the conditional distribution p ( Z ) = ρ ( X, Y, Z ) / Σ( X, Y ), and all velocity components that have been actually measured from the conditional distribution f� v | x � composed of both the DF of the dynamical model and the VDF of the bar contamination, mixed in proportion to their surface densities (Equation 15). Then we perturbed each velocity by a normally distributed noise with the uncertainty taken from the actual observational catalogue. Figure 5 shows the posterior distribution of the NSC and SMBH mass, as well as various derived properties, such as the radial profiles of density, enclosed",3.4.Test on mock data,3.4.Test on mock data,,,,,"Distribution function-based modelling of discrete kinematic datasets, in application to the Milky Way nuclear star cluster","Eugene Vasiliev, Anja Feldmeier-Krause, Mattia C. Sormani",astro-ph.GA,2026-03-31T09:44:14Z,http://arxiv.org/abs/2603.29502v1,2603.29502,distribution_functions,234,180,False,True,0,180,True,5.0
astrobench_705f443da5,astrobench_705f443da5_chunk_019,19,"Distribution function-based modelling of discrete kinematic datasets, in application to the Milky Way nuclear star cluster 4.OBSERVATIONAL DATA Feldmeier-Krause et al. (2025) compiled a catalogue of V LOS and PM measurements from several sources, which we use as a starting point for the present study and apply various additional cuts described below. The spectroscopic dataset is taken from several sources. Feldmeier-Krause et al. (2017a) and FeldmeierKrause et al. (2020) observed spectra of ∼ 700 stars each with KMOS/VLT (Sharples et al. 2013; Davies et al. 2013, R ∼ 4000) out to 127 [′′] ( ∼ 5 pc). Xu et al. (in prep.) observed ∼ 900 stars out to 247 [′′] ( ∼ 9.6 pc) projected distance with KMOS/VLT. Unlike Feldmeier-Krause et al. (2025), we added data from Fritz et al. (2016), who gathered AO-assisted SINFONI/VLT (Eisenhauer et al. 2003; Bonnet et al. 2004) data with a spectral resolution of R ∼ 1500 and R ∼ 4000. The data for > 2 500 stars extend to a projected distance to Sgr A [⋆] of 90 [′′] ( ∼ 3.5 pc). Since",4.OBSERVATIONAL DATA,4.OBSERVATIONAL DATA,,,,,"Distribution function-based modelling of discrete kinematic datasets, in application to the Milky Way nuclear star cluster","Eugene Vasiliev, Anja Feldmeier-Krause, Mattia C. Sormani",astro-ph.GA,2026-03-31T09:44:14Z,http://arxiv.org/abs/2603.29502v1,2603.29502,distribution_functions,234,180,False,False,0,180,True,5.0
astrobench_705f443da5,astrobench_705f443da5_chunk_020,20,"µl, middle panel – vertical velocity V ver ≡ D 0 µb, and bottom panel – line-of-sight velocity V LOS. The conversion from PM to velocity uses D 0 = 8. 2 kpc. Stars are coloured by the probability of being kinematic outliers (i.e. belong to the contaminating population of the bar) computed in the fiducial model. Shaded contours show the distribution function of NSC+NSD in the corresponding velocity component in the fiducial model, log-spaced by a factor of 2.5. reported values for V LOS, we match the stars only if their V LOS agree with in 30 km s [−]1, and we compute the mean value for V LOS. The PM data in the innermost ∼ 3 pc were measured by Fritz et al. (2016) using AO observations from NACO/VLT (Rousset et al. 2003; Lenzen et al. 2003), MAD-CAMCAO/VLT (Marchetti et al. 2004; Amorim et al. 2006) and Hokupa’a/Gemini North (Hodapp et al. 1996; Graves et al. 1998) with a baseline of ∼ 10 yr. These are complemented by the non-AO catalogue of PMs from the VVV survey (VIRAC2;",4.OBSERVATIONAL DATA,4.OBSERVATIONAL DATA,,,,,"Distribution function-based modelling of discrete kinematic datasets, in application to the Milky Way nuclear star cluster","Eugene Vasiliev, Anja Feldmeier-Krause, Mattia C. Sormani",astro-ph.GA,2026-03-31T09:44:14Z,http://arxiv.org/abs/2603.29502v1,2603.29502,distribution_functions,234,180,False,True,280,460,True,5.0
astrobench_705f443da5,astrobench_705f443da5_chunk_021,21,"(Marchetti et al. 2004; Amorim et al. 2006) and Hokupa’a/Gemini North (Hodapp et al. 1996; Graves et al. 1998) with a baseline of ∼ 10 yr. These are complemented by the non-AO catalogue of PMs from the VVV survey (VIRAC2; Smith et al. 2025), which extends across the entire region of LOS data, except the most crowded central pc. Some stars are in 17 common between the two catalogues, and their PM generally agree with in quoted uncertainties; since the precision of VIRAC2 is much lower than the AO-assisted Fritz et al.’s data (median uncertainty is 0.8 mas yr [−]1 and 0.14 mas yr [−]1 respectively), we use the former only for stars not in the latter catalogue, rather than combine both measurements for the overlapping subset of stars. Many stars with V LOS data have no PM measurements and vice versa. It is straightforward to use the union of all datasets for model fitting, marginalizing over the missing velocity components as needed. However, following Feldmeier-Krause et al. (2025), we chose to use only stars with spectroscopic measurements (and thus",4.OBSERVATIONAL DATA,4.OBSERVATIONAL DATA,,,,,"Distribution function-based modelling of discrete kinematic datasets, in application to the Milky Way nuclear star cluster","Eugene Vasiliev, Anja Feldmeier-Krause, Mattia C. Sormani",astro-ph.GA,2026-03-31T09:44:14Z,http://arxiv.org/abs/2603.29502v1,2603.29502,distribution_functions,234,180,False,False,420,600,True,5.0
astrobench_705f443da5,astrobench_705f443da5_chunk_022,22,"vice versa. It is straightforward to use the union of all datasets for model fitting, marginalizing over the missing velocity components as needed. However, following Feldmeier-Krause et al. (2025), we chose to use only stars with spectroscopic measurements (and thus V LOS, with or without PM), since this allows us to filter out spectroscopically classified hot young stars, whose kinematics and spatial distribution might differ from the dominant relaxed old population. We further select stars brighter than KS = 16 and with the colour index H − KS between 1.3 and 3.5 (see Figure 2 in their paper for an illustration) to exclude foreground and background stars. In addition, we apply the following quality filters: V LOS uncertainty less than 15 km s [−]1, PM uncertainty below 0.3 mas yr [−]1 ( ∼ 12 km s [−]1 ) for the Fritz et al. (2016) data or 1.0 mas yr [−]1 ( ∼ 40 km s [−]1 ) for the VIRAC2 data. Lastly, we restrict the sample to 250 [′′] from Sgr A [⋆] ( ∼ 10 pc, the circular area",4.OBSERVATIONAL DATA,4.OBSERVATIONAL DATA,,,,,"Distribution function-based modelling of discrete kinematic datasets, in application to the Milky Way nuclear star cluster","Eugene Vasiliev, Anja Feldmeier-Krause, Mattia C. Sormani",astro-ph.GA,2026-03-31T09:44:14Z,http://arxiv.org/abs/2603.29502v1,2603.29502,distribution_functions,234,180,False,True,560,740,True,5.0
astrobench_705f443da5,astrobench_705f443da5_chunk_023,23,"Fritz et al. (2016) data or 1.0 mas yr [−]1 ( ∼ 40 km s [−]1 ) for the VIRAC2 data. Lastly, we restrict the sample to 250 [′′] from Sgr A [⋆] ( ∼ 10 pc, the circular area in Figure 1 of Feldmeier-Krause et al. 2025 mostly covering the NSC, excluding the long and narrow strip along the equatorial plane that extends further in to the NSD region). This leaves us with 3 170 stars having V LOS measurements, of which ∼ 800 have PMs from Fritz et al. (2016) and additionally ∼ 1 000 have VIRAC2 PMs. Figure 6 illustrates the spatial coverage of our datasets, and Figure 7 shows the three velocity components for each star plotted against the X coordinate (Galactic longitude). The shaded contours depict the kinematic profiles of the fiducial model, which highlights the key features in the data. The PM distribution is broader in the horizontal direction than in the vertical one, partly due to the vertical flattening of the NSC, and partly due to the overlapping population of the NSD stars,",4.OBSERVATIONAL DATA,4.OBSERVATIONAL DATA,,,,,"Distribution function-based modelling of discrete kinematic datasets, in application to the Milky Way nuclear star cluster","Eugene Vasiliev, Anja Feldmeier-Krause, Mattia C. Sormani",astro-ph.GA,2026-03-31T09:44:14Z,http://arxiv.org/abs/2603.29502v1,2603.29502,distribution_functions,234,180,False,False,700,880,True,5.0
astrobench_705f443da5,astrobench_705f443da5_chunk_024,24,"the key features in the data. The PM distribution is broader in the horizontal direction than in the vertical one, partly due to the vertical flattening of the NSC, and partly due to the overlapping population of the NSD stars, which move with up to 100 km s [−]1 in both directions, creating a characteristic profile of V hor distribution with two humps and a central depression (see also Figure 12 in the Appendix for detailed histograms). The V LOS profile shows a clear rotation signature, with receding stars ( V LOS > 0) on the left ( X > 0) and vice versa. A small fraction of stars in all three panels are classified as kinematic outliers (bar contamination) in the course of mixture model fitting (Section 3.3.4); we stress that we do not filter them out beforeh and.",4.OBSERVATIONAL DATA,4.OBSERVATIONAL DATA,,,,,"Distribution function-based modelling of discrete kinematic datasets, in application to the Milky Way nuclear star cluster","Eugene Vasiliev, Anja Feldmeier-Krause, Mattia C. Sormani",astro-ph.GA,2026-03-31T09:44:14Z,http://arxiv.org/abs/2603.29502v1,2603.29502,distribution_functions,182,140,False,False,840,980,True,5.0
astrobench_705f443da5,astrobench_705f443da5_chunk_025,25,"Distribution function-based modelling of discrete kinematic datasets, in application to the Milky Way nuclear star cluster 3.2.2.Spherical halo models Next, we consider a toy model of a single-component spherical system with a double-power-law density profile (Zhao 1996): ==> picture [220 x 28] intentionally omitted <== in which we chose the inner slope γ =3/2, outer slope β =9/2, steepness α =1, scale radius r 0=1 and total mass of unity (hence ρ 0=2/[3 π2 ]). A spherical isotropic DF of this system is obtained using the Eddington inversion formula and can be closely approximated by a DoublePowerLaw DF with the following parameters: J 0=1.36, Γ=1.77, B=6.18, η =1.61, hr =1.37, gr =1.07, hz =(3 − hr ) / 2, gz =(3 − hz ) / 2 (these parameters are found by the example ~~d~~ oublepowerlaw program from Agama). 10 ==> picture [485 x 303] intentionally omitted <== ----- Start of picture text -----<br> self-consistent non-self-consistent, mass non-self-consistent, tracers<br>10 [-2]<br>10 [-3]<br>selection function selection function<br>known known<br>unknown unknown<br>10 [-4]<br>0.01 0.1 1 10 100 0.01 0.1 1 10 100 0.01 0.1 1 10 100<br>radius",3.2.2.Spherical halo models,3.2.2.Spherical halo models,,,,,"Distribution function-based modelling of discrete kinematic datasets, in application to the Milky Way nuclear star cluster","Eugene Vasiliev, Anja Feldmeier-Krause, Mattia C. Sormani",astro-ph.GA,2026-03-31T09:44:14Z,http://arxiv.org/abs/2603.29502v1,2603.29502,distribution_functions,234,180,True,True,0,180,True,4.5
astrobench_705f443da5,astrobench_705f443da5_chunk_026,26,"by a normally distributed noise with the uncertainty taken from the actual observational catalogue. Figure 5 shows the posterior distribution of the NSC and SMBH mass, as well as various derived properties, such as the radial profiles of density, enclosed mass, and axis ratio. Overall, all parameters of the model are recovered with in 1 σ confidence intervals, demonstrating the feasibility of dynamical modelling using only the 16 ==> picture [240 x 239] intentionally omitted <== ----- Start of picture text -----<br> X [pc]<br>10 5 0 5 10<br>10<br>PM Fritz+16<br>200 PM VIRAC2<br>no PM<br>5<br>100<br>0 0<br>100<br>5<br>200<br>10<br>200 100 0 100 200<br>l−lSgr A [arcsec]<br>[arcsec]<br>A<br>[pc]<br>Sgr Y<br>b<br>−<br>b<br>----- End of picture text -----<br> Figure 6. Spatial coverage of the observational dataset, which is essentially the same as shown in Figure 1 of Feldmeier-Krause et al. (2025), but cropped to the central 10 pc. Stars with PM measurements from Fritz et al. (2016) are shown by red crosses, with PM from the VIRAC2 catalogue (Smith et al. 2025) – by green pluses, and with only line-of-sight velocity data – by blue dots. Blue contours show the combined surface density",3.4.Test on mock data,3.4.Test on mock data,,,,,"Distribution function-based modelling of discrete kinematic datasets, in application to the Milky Way nuclear star cluster","Eugene Vasiliev, Anja Feldmeier-Krause, Mattia C. Sormani",astro-ph.GA,2026-03-31T09:44:14Z,http://arxiv.org/abs/2603.29502v1,2603.29502,distribution_functions,234,180,True,True,140,320,True,4.5
astrobench_705f443da5,astrobench_705f443da5_chunk_027,27,"et al. 2004) data with a spectral resolution of R ∼ 1500 and R ∼ 4000. The data for > 2 500 stars extend to a projected distance to Sgr A [⋆] of 90 [′′] ( ∼ 3.5 pc). Since these data sets overlap, we match stars if they are with in 0 [′′]. 5 of each other, and their reported KS -band photometry agrees with in 0.6 mag. If a star has several ==> picture [240 x 346] intentionally omitted <== ----- Start of picture text -----<br> 0.0 0.2 0.4 0.6 0.8 1.0<br>outlier probability X [pc]<br>10 5 0 5 10<br>400<br>300<br>200<br>100<br>0<br>100<br>200<br>300<br>400<br>400<br>300<br>200<br>100<br>0<br>100<br>200<br>300<br>400<br>400<br>300<br>200<br>100<br>0<br>100<br>200<br>300<br>400<br>200 100 0 100 200<br>l−lSgr A [arcsec]<br>s]<br>/<br>[km<br>hor<br>v<br>s]<br>/<br>[km<br>ver<br>v<br>s]<br>/<br>[km<br>LOS<br>v<br>----- End of picture text -----<br> Figure 7. Position–velocity diagrams of stars with kinematic measurements after applying quality cuts described in the text. Top panel shows the horizontal velocity V hor ≡ D 0 µl, middle panel – vertical velocity V ver ≡ D 0 µb, and bottom panel – line-of-sight velocity V LOS. The conversion from PM to velocity uses D 0 = 8. 2 kpc. Stars are coloured by the probability of",4.OBSERVATIONAL DATA,4.OBSERVATIONAL DATA,,,,,"Distribution function-based modelling of discrete kinematic datasets, in application to the Milky Way nuclear star cluster","Eugene Vasiliev, Anja Feldmeier-Krause, Mattia C. Sormani",astro-ph.GA,2026-03-31T09:44:14Z,http://arxiv.org/abs/2603.29502v1,2603.29502,distribution_functions,234,180,False,True,140,320,True,4.5
astrobench_705f443da5,astrobench_705f443da5_chunk_028,28,"Distribution function-based modelling of discrete kinematic datasets, in application to the Milky Way nuclear star cluster Distribution function-based modelling of discrete kinematic datasets, in application to the Milky Way nuclear star cluster Eugene Vasiliev,1 Anja Feldmeier-Krause,2 and Mattia C. Sormani3 1 University of Surrey, Guildford GU2 7XH, UK 2 University of Vienna, T¨urkenschanzstraße 17, 1180 Vienna, Austria 3 Como Lake centre for AstroPhysics (CLAP), DiSAT, Universita dell’Insubria, Via Valleggio 11, 22100 Como, Italy","Distribution function-based modelling of discrete kinematic datasets, in application to the Milky Way nuclear star cluster","Distribution function-based modelling of discrete kinematic datasets, in application to the Milky Way nuclear star cluster",,,,,"Distribution function-based modelling of discrete kinematic datasets, in application to the Milky Way nuclear star cluster","Eugene Vasiliev, Anja Feldmeier-Krause, Mattia C. Sormani",astro-ph.GA,2026-03-31T09:44:14Z,http://arxiv.org/abs/2603.29502v1,2603.29502,distribution_functions,95,73,False,False,0,73,True,4.0
astrobench_705f443da5,astrobench_705f443da5_chunk_029,29,"in meaningful constraints on the potential even if the tracer density is not known and there are additional mass components besides the stellar tracers. But of course, the actual NSC model is much more complicated than this toy example, so we now describe the other aspects of our NSC fitting procedure.",3.2.2.Spherical halo models,3.2.2.Spherical halo models,,,,,"Distribution function-based modelling of discrete kinematic datasets, in application to the Milky Way nuclear star cluster","Eugene Vasiliev, Anja Feldmeier-Krause, Mattia C. Sormani",astro-ph.GA,2026-03-31T09:44:14Z,http://arxiv.org/abs/2603.29502v1,2603.29502,distribution_functions,67,51,False,False,840,891,True,4.0
astrobench_705f443da5,astrobench_705f443da5_chunk_030,30,"Fritz et al. (2016) are shown by red crosses, with PM from the VIRAC2 catalogue (Smith et al. 2025) – by green pluses, and with only line-of-sight velocity data – by blue dots. Blue contours show the combined surface density of the NSC and NSD in the fiducial model, log-spaced by a factor of 2.5 (i.e., one stellar magnitude). kinematic, but not the density information, in a more realistic situation than the toy models of Section 3.2.",3.4.Test on mock data,3.4.Test on mock data,,,,,"Distribution function-based modelling of discrete kinematic datasets, in application to the Milky Way nuclear star cluster","Eugene Vasiliev, Anja Feldmeier-Krause, Mattia C. Sormani",astro-ph.GA,2026-03-31T09:44:14Z,http://arxiv.org/abs/2603.29502v1,2603.29502,distribution_functions,101,77,True,False,280,357,True,4.0
astrobench_705f443da5,astrobench_705f443da5_chunk_031,31,") + 21 [v]2[�] d v. By comparing this density profile with the actually measured one, the potential can be constrained without knowing anything about the kinematics of stars at z > 0. In practice, it may be limited by the fact that the inference on the potential at high z relies upon the behaviour of f ( v ) in the tails (i.e., the energetic part of the population that can reach high values of z ), which can be difficult to measure. This method works with any DF, but it is instructive to consider a Maxwellian DF f ( E ) ∝ exp � −E/σ2[�] with a constant σ. In this case, ρ ( z ) ∝ exp � − Φ( z ) /σ2[�], and taking its logarithmic derivative by z, we recover the Jeans equation (7). Obviously, the velocity distribution remains Gaussian at any z regardless of Φ; what changes is only its normalisation (i.e. the tracer density ρ⋆ ), so without measuring it, one cannot constra in the potential at all. Consider now a situation when",3.2.1.1d vertical disc profile,3.2.1.1d vertical disc profile,,,,,"Distribution function-based modelling of discrete kinematic datasets, in application to the Milky Way nuclear star cluster","Eugene Vasiliev, Anja Feldmeier-Krause, Mattia C. Sormani",astro-ph.GA,2026-03-31T09:44:14Z,http://arxiv.org/abs/2603.29502v1,2603.29502,distribution_functions,234,180,False,False,280,460,False,3.0
astrobench_705f443da5,astrobench_705f443da5_chunk_032,32,"the second (warmer) component survives and the VDF becomes nearly Gaussian. This confirms our expectations that a non-Gaussian VDF is sufficiently informative by itself (this was hinted at the end of section 4.4 in Binney & Vasiliev 2024). On the other hand, it constrains only the total potential, and if one is interested in separating the contribution of stars and dark matter, then one would likely need to also fit for the stellar density profile (as in the application of DF modelling to the Milky Way disc by Binney & Piffl 2015; Binney & Vasiliev 2023, 2024, who used the observed vertical density profile in addition to the kinematic catalogue). It is worth pointing out similarities and differences between this example and the Walker & Pe˜narrubia (2011) approach for constraining the potential of spherical system using two tracer populations. In the latter approach, the inference relies on a simple virial mass estimator that provides the value of the enclosed mass at a “sweet-spot” radius comparable to the half-light radius of the tracer population, where the impact of the (unknown) velocity",3.2.1.1d vertical disc profile,3.2.1.1d vertical disc profile,,,,,"Distribution function-based modelling of discrete kinematic datasets, in application to the Milky Way nuclear star cluster","Eugene Vasiliev, Anja Feldmeier-Krause, Mattia C. Sormani",astro-ph.GA,2026-03-31T09:44:14Z,http://arxiv.org/abs/2603.29502v1,2603.29502,distribution_functions,234,180,False,False,1540,1720,False,3.0
astrobench_705f443da5,astrobench_705f443da5_chunk_033,33,"), the difference in the total log-likelihood of the model compared to the use of projectedDF (which is several dozen times more expensive) is well below 1, meaning that the errors in the Quasi-Monte Carlo integration are unimportant for comparing the relative odds of models across parameter space. The surface density Σ at each star’s location, which sits in the denominator of Equation 12, can be computed in several ways. First, it is calculated (in a slightly different way) by both projectedDF and moments functions in Agama, but given that this involves integration over 4 out of 6 phase-space coordinates, this is even more expensive than the marginalisation over missing velocity components. Alternatively, since the self-consistent modelling procedure described in Section 2.3 already delivers the 3d density of stars ρ ( x ) that is used to determine the potential, one can simply integrate it along one missing dimension (distance). This is very cheap as it does not involve the conversion between phase-space coordinates and actions. However, recall that the density is represented by a relatively low-order multipole expansion (",3.3.1.Computation of projected DF and density,3.3.1.Computation of projected DF and density,,,,,"Distribution function-based modelling of discrete kinematic datasets, in application to the Milky Way nuclear star cluster","Eugene Vasiliev, Anja Feldmeier-Krause, Mattia C. Sormani",astro-ph.GA,2026-03-31T09:44:14Z,http://arxiv.org/abs/2603.29502v1,2603.29502,distribution_functions,234,180,False,False,420,600,False,3.0
astrobench_705f443da5,astrobench_705f443da5_chunk_034,34,"adopted the following approach: since the surface density varies smoothly with X, Y, it can be accurately approximated by a 2d interpolator in { ln R, ϑ}, where R is the projected radius and ϑ is the polar angle in the X, Y plane. With 15 radial and 6 angular points, this interpolation is sufficiently accurate for our purposes, and the cost of computing the density at O (102 ) nodes of the interpolation grid using moments is comparable to the cost of Quasi-Monte Carlo integration over missing dimensions for all ∼ 3000 stars in the catalogue. Both are somewhat sub-dominant to the cost of iterative construction of the self-consistent model.",3.3.1.Computation of projected DF and density,3.3.1.Computation of projected DF and density,,,,,"Distribution function-based modelling of discrete kinematic datasets, in application to the Milky Way nuclear star cluster","Eugene Vasiliev, Anja Feldmeier-Krause, Mattia C. Sormani",astro-ph.GA,2026-03-31T09:44:14Z,http://arxiv.org/abs/2603.29502v1,2603.29502,distribution_functions,145,111,False,False,700,811,False,3.0
astrobench_705f443da5,astrobench_705f443da5_chunk_035,35,"spline-interpolated VDFs by deterministic integration. By contrast, in Sormani et al. (2022a) the VDF in each bin was created using essentially the Monte Carlo approach with importance sampling: first, a fiducial model of the entire system described by a certa in DF f[(fid)] ( J ) was constructed, then a large number (≳ 104 ) of equally-weighted samples were drawn from this DF using the sampleNdim routine, and the weight of each sample with phase-space coordinates { x k, v k} was set to 1 /f[(fid)][�] J ( x k, v k )�. For each subsequent evaluation of a model with a new DF f[(try)], the VDFs in each spatial bin were assembled as weighted sums of samples whose coordinates fall in to that bin, the contribution of each sample being given by the ratio of DFs f[(try)] /f[(fid)]. By keeping the sample coordinates fixed from the beginning and only changing their weights, one can reduce the impact of Poisson noise on the likelihood evaluation, similarly to the Monte Carlo integration over missing dimensions in f proj[(MC)][.][A][smooth][VDF][was][then][obtained] from these samples",3.3.2.Computation of velocity distributions,3.3.2.Computation of velocity distributions,,,,,"Distribution function-based modelling of discrete kinematic datasets, in application to the Milky Way nuclear star cluster","Eugene Vasiliev, Anja Feldmeier-Krause, Mattia C. Sormani",astro-ph.GA,2026-03-31T09:44:14Z,http://arxiv.org/abs/2603.29502v1,2603.29502,distribution_functions,234,180,False,False,140,320,False,3.0
astrobench_705f443da5,astrobench_705f443da5_chunk_036,36,"× 6 points in ln R and ϑ as for the surface density interpolator described earlier. At each grid node (a given point on the sky), we need to compute three one-dimensional VDFs (one in each velocity axis). This can be done by the vdf routine in Agama, but aga in the computational costs are excessive (much larger than using the moments routine to compute the surface density). Instead, we aga in use the Quasi-Monte Carlo approach, at each grid node in X, Y drawing ∼ 105 points in Z and three velocity components with the same importance sampling method as for the missing dimensions in f proj[(MC)][,][and][keeping][these] points fixed throughout the fitting process. For each new model, the VDFs at each grid node are constructed by reweighting the sampling points by the corresponding DF values in the current model, and then interpolating the resulting f1d( X, Y, V[(] [d][)] ) at the location of each star and its corresponding velocity, convolving them with the measurement uncertainties for each star. The cost of construction of these VDF interpolators is comparable",3.3.2.Computation of velocity distributions,3.3.2.Computation of velocity distributions,,,,,"Distribution function-based modelling of discrete kinematic datasets, in application to the Milky Way nuclear star cluster","Eugene Vasiliev, Anja Feldmeier-Krause, Mattia C. Sormani",astro-ph.GA,2026-03-31T09:44:14Z,http://arxiv.org/abs/2603.29502v1,2603.29502,distribution_functions,234,180,True,False,560,740,False,3.0
astrobench_705f443da5,astrobench_705f443da5_chunk_037,37,"as the ma in method of likelihood computation (Section 3.3.1), while the product of marginalised 1d distributions is an alternative method used in past studies and described in Section 3.3.2. Right half: Comparison of total likelihood values of the entire sample computed with these two methods for a range of models from the MCMC cha in. ln L 3d VDF uses the full 3d velocity distribution for each star (Equation 12), ln L 3 × 1d VDF uses the product of marginalised 1d distributions (Equation 14). Both are shifted by the same constant (the maximum value of the first quantity). The values of log-likelihoods for individual stars computed using both methods are fairly close, with a mean difference of only 0.02 and a scatter of 0.2; however, this nonzero mean offset accumulates over the entire sample to produce an overall shift in log-likelihoods of order a few dozen. There is still a good correlation between the total log-likelihoods computed using both methods, illustrated by the red dotted line with a unit slope, but the scatter of order a few in",3.3.2.Computation of velocity distributions,3.3.2.Computation of velocity distributions,,,,,"Distribution function-based modelling of discrete kinematic datasets, in application to the Milky Way nuclear star cluster","Eugene Vasiliev, Anja Feldmeier-Krause, Mattia C. Sormani",astro-ph.GA,2026-03-31T09:44:14Z,http://arxiv.org/abs/2603.29502v1,2603.29502,distribution_functions,234,180,False,False,980,1160,False,3.0
astrobench_705f443da5,astrobench_705f443da5_chunk_038,38,"shift in log-likelihoods of order a few dozen. There is still a good correlation between the total log-likelihoods computed using both methods, illustrated by the red dotted line with a unit slope, but the scatter of order a few in ln L 3 × 1d − ln L 3d may affect the relative odds of models in different parts of the parameter space. as described in the previous section. Unlike the latter, the computational cost is determined by the choice of the grid; the evaluation of interpolated VDFs at each star’s location is very fast, so this method may become advantageous if the observational sample size exceeds a few thous and stars. The likelihood values produced by these two methods are not identical, since the separability of the 3d velocity distribution in to a product of 1d VDFs (Equation 14) is only approximate (Figure 4), but they are strongly correlated, so that the 1d VDF approach can be reliably used for model fitting. Moreover, if the kinematic data are limited to V LOS only, the two approaches become exactly equivalent",3.3.2.Computation of velocity distributions,3.3.2.Computation of velocity distributions,,,,,"Distribution function-based modelling of discrete kinematic datasets, in application to the Milky Way nuclear star cluster","Eugene Vasiliev, Anja Feldmeier-Krause, Mattia C. Sormani",astro-ph.GA,2026-03-31T09:44:14Z,http://arxiv.org/abs/2603.29502v1,2603.29502,distribution_functions,234,180,False,False,1120,1300,False,3.0
astrobench_705f443da5,astrobench_705f443da5_chunk_039,39,"Distribution function-based modelling of discrete kinematic datasets, in application to the Milky Way nuclear star cluster 3.3.4.Treatment of outliers and foreground contamination Although the NSC is the densest region of the Galaxy, it is surrounded by the NSD, and on larger scales, the Galactic bar and the ma in stellar disc. As mentioned earlier, our model is defined by both NSC and NSD DFs, the parameters of the latter being fixed to the values found in Sormani et al. (2022a). The surface density of the bar along the line of sight towards the Galactic centre is Σbar ∼ 104 M⊙ pc [−]2, estimated using the analytic density model from Sormani et al. (2022b), itself fitted to the made-to-measure N -body model of Portail et al. (2017). This values is only an order of magnitude smaller than the surface density of the NSC+NSD at 10 pc, so the contamination from the Galactic bar is not negligible with in the fitted region. The velocity distribution of the bar component, as shown in Figure 13 of Sormani et al. (2022a), is nearly constant",3.3.4.Treatment of outliers and foreground contamination,3.3.4.Treatment of outliers and foreground contamination,,,,,"Distribution function-based modelling of discrete kinematic datasets, in application to the Milky Way nuclear star cluster","Eugene Vasiliev, Anja Feldmeier-Krause, Mattia C. Sormani",astro-ph.GA,2026-03-31T09:44:14Z,http://arxiv.org/abs/2603.29502v1,2603.29502,distribution_functions,234,180,False,False,0,180,False,3.0
astrobench_f31aa696a1,astrobench_f31aa696a1_chunk_000,0,"Forward-modelling Milky Way Cepheids: selection effects and physical priors in the Gaia-HST calibration Forward-modelling Milky Way Cepheids: selection effects and – physical priors in the Gaia HST calibration ⋆ 2, 3 Richard Stiskalek1, Adam G. Riess, Harry Desmond4, Guilhem Lavaux5 and Dan Scolnic6 1 Astrophysics, University of Oxford, Denys Wilkinson Building, Keble Road, Oxford, OX1 3RH, UK 2 Space Telescope Science Institute, 3700 San Mart in Drive, Baltimore, MD 21218, USA 3 Department of Physics and Astronomy, Johns Hopkins University, Baltimore, MD 21218, USA 4 Institute of Cosmology & Gravitation, University of Portsmouth, Dennis Sciama Building, Portsmouth, PO1 3FX, UK 5 CNRS & Sorbonne Université, UMR 7095, Institut d’Astrophysique de Paris, 98 bis boulevard Arago, F-75014 Paris, France 6 Department of Physics, Duke University, Durham, NC 27708, USA Accepted XXX. Received YYY; in original form ZZZ",Forward-modelling Milky Way Cepheids: selection effects and – physical priors in the Gaia HST calibration,Forward-modelling Milky Way Cepheids: selection effects and – physical priors in the Gaia HST calibration,,,,,Forward-modelling Milky Way Cepheids: selection effects and physical priors in the Gaia-HST calibration,"Richard Stiskalek, Adam Riess, Harry Desmond, Guilhem Lavaux, Dan Scolnic",astro-ph.GA,2026-03-10T16:39:31Z,http://arxiv.org/abs/2603.09880v1,2603.09880,distribution_functions,177,136,False,False,0,136,True,5.0
astrobench_f31aa696a1,astrobench_f31aa696a1_chunk_001,1,"Forward-modelling Milky Way Cepheids: selection effects and physical priors in the Gaia-HST calibration 1 INTRODUCTION The ∼ 5 σ discrepancy between local distance-ladder and cosmic microwave background (CMB)-calibrated inferences of H 0, known as the Hubble tension, is one of the most pressing problems in cosmology (e.g. Riess et al. 2022a; Planck Collaboration et al. 2020; Louis et al. 2025; Camphuis et al. 2025; Freedman et al. 2025; Di Valentino et al. 2025). While there are many routes to local H 0, which contribute to the overall tension (see H0DN Collaboration et al. 2025 for their ⋆ richard.stiskalek@physics.ox.ac.uk covariance-weighted combination), the sharpest local constraint comes from the specific combination of Gaia EDR3 parallaxes, Cepheids, and Type Ia supernovae. This motivates a careful examination of the statistical assumptions entering the Milky Way (MW) Cepheid calibration. In this work, we prise open the MW calibration and model it star-by-star. We construct the first Bayesian forward model of the MW Cepheid population that explicitly accounts for the sample selection function, incorporates the th in-disk geometry of the Galaxy as a distance prior, and",1 INTRODUCTION,1 INTRODUCTION,,,,,Forward-modelling Milky Way Cepheids: selection effects and physical priors in the Gaia-HST calibration,"Richard Stiskalek, Adam Riess, Harry Desmond, Guilhem Lavaux, Dan Scolnic",astro-ph.GA,2026-03-10T16:39:31Z,http://arxiv.org/abs/2603.09880v1,2603.09880,distribution_functions,234,180,False,False,0,180,True,5.0
astrobench_f31aa696a1,astrobench_f31aa696a1_chunk_002,2,"Forward-modelling Milky Way Cepheids: selection effects and physical priors in the Gaia-HST calibration 3 BAYESIAN FORWARD MODEL We construct a Bayesian forward model to jointly infer the period–luminosity relation parameters, the parallax zeropoint offset δϖ, and per-star distances, broadly following the forward-modelling framework of Stiskalek et al. (2026). Our approach differs from that of R21, who optimise in paral- lax space using model (i.e., photometric) parallaxes derived from observed magnitudes and periods, in that we forwardmodel the Cepheid observables directly by sampling per-star distances as latent variables. The data consist of Wesenheit apparent magnitudes m[W] H[from] [ HST][, pulsation periods] P, spectroscopic metallicities [O / H], and Gaia EDR3 parallaxes ϖ for the 66 MW Cepheids described in Section 2, together with the host geometric distance and Cepheid photometry in the LMC and N4258 (Table 1). The model comprises four Cepheid populations, all consistently measured with HST: the two MW campaigns C22 and C27, and the LMC and N4258. All four share the period–luminosity relation parameters ( MH,[W] 1 [,][b][W][,][Z][W][)][,][while][the][two][MW][cam-] paigns share the parallax zero-point offset δϖ. Each population p",3 BAYESIAN FORWARD MODEL,3 BAYESIAN FORWARD MODEL,,,,,Forward-modelling Milky Way Cepheids: selection effects and physical priors in the Gaia-HST calibration,"Richard Stiskalek, Adam Riess, Harry Desmond, Guilhem Lavaux, Dan Scolnic",astro-ph.GA,2026-03-10T16:39:31Z,http://arxiv.org/abs/2603.09880v1,2603.09880,distribution_functions,234,180,True,False,0,180,True,5.0
astrobench_f31aa696a1,astrobench_f31aa696a1_chunk_003,3,"Cepheid populations, all consistently measured with HST: the two MW campaigns C22 and C27, and the LMC and N4258. All four share the period–luminosity relation parameters ( MH,[W] 1 [,][b][W][,][Z][W][)][,][while][the][two][MW][cam-] paigns share the parallax zero-point offset δϖ. Each population p has independent period distribution hyperparameters, and all populations except the LMC additionally have independent metallicity distribution hyperparameters (Eq. 7). For the LMC, the catalogued metallicities are used as fixed covariates (Section 3.3). The two MW campaigns are additionally modelled with independent intrinsic scatters σ int[C22] and σ int[C27][;][for][the][LMC][and][N4258,][an][intrinsic][scatter][of] 0. 06 mag is already included in the SH0ES-reported covariance matrices Σ j, and we do not recalibrate it. As we find, this 0. 06 mag scatter closely matches our inferred values for the MW campaigns. We denote the full set of global parameters Λ; the directed acyclic graph of the model is shown in Fig. 3.",3 BAYESIAN FORWARD MODEL,3 BAYESIAN FORWARD MODEL,,,,,Forward-modelling Milky Way Cepheids: selection effects and physical priors in the Gaia-HST calibration,"Richard Stiskalek, Adam Riess, Harry Desmond, Guilhem Lavaux, Dan Scolnic",astro-ph.GA,2026-03-10T16:39:31Z,http://arxiv.org/abs/2603.09880v1,2603.09880,distribution_functions,189,145,True,False,140,285,True,5.0
astrobench_f31aa696a1,astrobench_f31aa696a1_chunk_004,4,"Forward-modelling Milky Way Cepheids: selection effects and physical priors in the Gaia-HST calibration 4 RESULTS The fiducial inference combines the C22 and C27 samples with the disk distance prior (Eq. 2) and selection modelling applied to both MW campaigns; the LMC and N4258 are optionally included as additional geometric calibrators. The term “MW Cepheids” denotes the joint C22 + C27 sample; individual campaign results appear in Appendix B. Subsequent variants omit the selection modelling or replace the disk prior with a uniform-in-volume prior. The R21 χ2 method applied to the MW Cepheids yields results closely matching our forward model. In Appendix D we show that this agreement is driven by the small intrinsic scatter of the period–luminosity relation, and in Appendix E we validate the inference methods on mock catalogues mimicking the C22 and C27 campaigns.",4 RESULTS,4 RESULTS,,,,,Forward-modelling Milky Way Cepheids: selection effects and physical priors in the Gaia-HST calibration,"Richard Stiskalek, Adam Riess, Harry Desmond, Guilhem Lavaux, Dan Scolnic",astro-ph.GA,2026-03-10T16:39:31Z,http://arxiv.org/abs/2603.09880v1,2603.09880,distribution_functions,177,136,False,False,0,136,True,5.0
astrobench_f31aa696a1,astrobench_f31aa696a1_chunk_005,5,"Forward-modelling Milky Way Cepheids: selection effects and physical priors in the Gaia-HST calibration 4.3 Model validation To verify that the forward model reproduces the observed data, we perform a posterior predictive check (PPC), shown in Fig. 6. For each of 1000 thinned posterior draws, we generate mock MW Cepheids by sampling distances from the disk prior and periods and metallicities from the inferred population distributions, then computing apparent magnitudes and parallaxes from the period–luminosity relation and parallax offset. Observational noise is bootstrapped from the data, and each mock candidate is accepted only if it passes the probabilistic selection function. The resulting distributions of m[W] H[,] [ϖ][,][and][log] [ P][closely][match][the][observed][data,][with] two-sample Kolmogorov–Smirnov p -values of 0. 33, 0. 22, and 0. 99, respectively. The joint ϖ obs– m[W] H[distribution][(Fig.]6[,] bottom right) confirms that the forward model also reproduces the observed correlation between parallax and magnitude. Even when analysing the C22 or C27 samples individually, the forward model with selection reproduces the observed distributions for each campaign. To illustrate the bias introduced by neglecting the selection function and adopting a uniform-in-volume prior for",4.3 Model validation,4.3 Model validation,,,,,Forward-modelling Milky Way Cepheids: selection effects and physical priors in the Gaia-HST calibration,"Richard Stiskalek, Adam Riess, Harry Desmond, Guilhem Lavaux, Dan Scolnic",astro-ph.GA,2026-03-10T16:39:31Z,http://arxiv.org/abs/2603.09880v1,2603.09880,distribution_functions,234,180,True,False,0,180,True,5.0
astrobench_f31aa696a1,astrobench_f31aa696a1_chunk_006,6,"parallax and magnitude. Even when analysing the C22 or C27 samples individually, the forward model with selection reproduces the observed distributions for each campaign. To illustrate the bias introduced by neglecting the selection function and adopting a uniform-in-volume prior for the MW Cepheids, Fig. 6 also shows the corresponding PPC. This model predicts systematically fainter magnitudes and smaller parallaxes than observed and is clearly incompatible with the data. The predicted parallax distribution is bimodal, reflecting the two observational campaigns; a single shared distance range would exacerbate the discrepancy further. In Appendix C, we compare the per-star distance moduli inferred from the forward model with photometric predictions from the baseline SH0ES period–luminosity parameters; the residuals scatter about zero with no significant systematic offset.",4.3 Model validation,4.3 Model validation,,,,,Forward-modelling Milky Way Cepheids: selection effects and physical priors in the Gaia-HST calibration,"Richard Stiskalek, Adam Riess, Harry Desmond, Guilhem Lavaux, Dan Scolnic",astro-ph.GA,2026-03-10T16:39:31Z,http://arxiv.org/abs/2603.09880v1,2603.09880,distribution_functions,159,122,False,False,140,262,True,5.0
astrobench_f31aa696a1,astrobench_f31aa696a1_chunk_007,7,"Forward-modelling Milky Way Cepheids: selection effects and physical priors in the Gaia-HST calibration 6 CONCLUSION We have presented a Bayesian forward model of the MW Cepheid population that jointly infers the period–luminosity relation parameters, the Gaia parallax zero-point offset, and the intrinsic population distributions, while marginalising over the distances and latent true periods and metallicities of individual Cepheids and explicitly accounting for the sample selection function and the disk geometry of the MW. Combined with geometric calibration of the LMC and N4258, our fiducial model yields a period–luminosity zero-point of MH,[W] 1[=] [−]5 [.]909 [ ±][ 0] [.]022[mag][and][a] [Gaia][parallax][offset][of] δϖ = − 12. 4 ± 5. 3 µ as; the zero-point is consistent with in 0. 7 σ with the baseline SH0ES value. Neglecting the selection function and adopting a uniform-in-volume prior shifts MH,[W] 1 brighter by ∼ 0. 05 mag and δϖ more negative by ∼ 14 µ as, demonstrating that principled selection modelling is essential for unbiased inference. The reduced Hubble tension reported by HM26 is an artefact of this neglect: applying a uniform-in-volume prior without accounting for",6 CONCLUSION,6 CONCLUSION,,,,,Forward-modelling Milky Way Cepheids: selection effects and physical priors in the Gaia-HST calibration,"Richard Stiskalek, Adam Riess, Harry Desmond, Guilhem Lavaux, Dan Scolnic",astro-ph.GA,2026-03-10T16:39:31Z,http://arxiv.org/abs/2603.09880v1,2603.09880,distribution_functions,234,180,True,True,0,180,True,5.0
astrobench_f31aa696a1,astrobench_f31aa696a1_chunk_008,8,"mag and δϖ more negative by ∼ 14 µ as, demonstrating that principled selection modelling is essential for unbiased inference. The reduced Hubble tension reported by HM26 is an artefact of this neglect: applying a uniform-in-volume prior without accounting for the selection that defines the sample biases the zero-point bright and H 0 low (see also Desmond et al. 2025). The apparent mitigation of the Hubble tension in HM26 therefore arises from modelling assumptions that fail to match the generating process of the data, not from new information. This work is part of a larger programme to forwardmodel the full distance ladder in a statistically rigorous way. Stiskalek et al. (2026) developed the framework for the second rung—the Cepheid host galaxies—and showed that, when coupled with the Manticore-Local model of the local Universe (McAlpine et al. 2025), which accounts for galaxy bias and peculiar velocities, H 0 can be inferred with- MNRAS 000, 1–26 (2025)",6 CONCLUSION,6 CONCLUSION,,,,,Forward-modelling Milky Way Cepheids: selection effects and physical priors in the Gaia-HST calibration,"Richard Stiskalek, Adam Riess, Harry Desmond, Guilhem Lavaux, Dan Scolnic",astro-ph.GA,2026-03-10T16:39:31Z,http://arxiv.org/abs/2603.09880v1,2603.09880,distribution_functions,202,155,True,False,140,295,True,5.0
astrobench_f31aa696a1,astrobench_f31aa696a1_chunk_009,9,"Forward-modelling Milky Way Cepheids: selection effects and physical priors in the Gaia-HST calibration APPENDIX B: INDIVIDUAL CAMPAIGN RESULTS Table B1 reports posteriors for the C22 and C27 campaigns analysed separately, each combined with the LMC and N4258; Fig. B1 shows the corresponding corner plots. The LMC and N4258 are required to break the MH,[W] 1[–] [δ][ϖ][de-] generacy inherent in parallax-only data, so we include them throughout. With the LMC and N4258—which dominate the constraint on MH,[W] 1[—the][two][campaigns][yield][consistent][zero-] points: MH,[W] 1[=] [−]5 [.]865 [±]0 [.]026[mag][(C22)][and] [−]5 [.]916 [±] 0. 024 mag (C27), differing by 1. 4 σ. The slopes and metallicity coefficients, likewise dominated by the LMC and N4258 data, agree to with in 0. 5 σ. Both individual-campaign zeropoints are consistent with the joint C22 + C27 result of MH,[W] 1[=] [ −]5 [.]909 [ ±][ 0] [.]022[mag][(Table]4[),][confirming][that][the] two campaigns carry no internal tension. Selection modelling has a larger effect on C22 than on C27: disabling the selection function shifts MH,[W] 1[by][ 0] [.][040 mag][ and] [ δ][ϖ][by][ 11] [ µ][as][ for] C22, compared with 0. 008 mag and 6",APPENDIX B: INDIVIDUAL CAMPAIGN RESULTS,APPENDIX B: INDIVIDUAL CAMPAIGN RESULTS,,,,,Forward-modelling Milky Way Cepheids: selection effects and physical priors in the Gaia-HST calibration,"Richard Stiskalek, Adam Riess, Harry Desmond, Guilhem Lavaux, Dan Scolnic",astro-ph.GA,2026-03-10T16:39:31Z,http://arxiv.org/abs/2603.09880v1,2603.09880,distribution_functions,234,180,True,True,0,180,True,5.0
astrobench_f31aa696a1,astrobench_f31aa696a1_chunk_010,10,"Forward-modelling Milky Way Cepheids: selection effects and physical priors in the Gaia-HST calibration D3 Summary The results above rest on two approximations: the linearisation of µ ( ϖ ), which is accurate when the intrinsic magnitude scatter σ 1 is small, and the sharp-cut evaluation of the detection probabilities, which assumes that observational errors have a negligible effect on the selection. Had we instead adopted π ( d ) ∝ d[k] for arbitrary k, the prefactor and detection probability would both scale as the ( k + 1)-th power of the geometric parallax: the magnitude-selection cancellation would rema in exact, and the parallax-selection ratio would reta in the same structure with exponent k +1 in place of 3. The Galactic th in-disk prior used in the ma in text is not a simple power law, so the magnitude-selection cancellation is no longer exact; the ratio ϖ min[(] [m][)] [/ϖ][phot][remains][a][per-] star constant, but the prior-dependent prefactor no longer reduces to a simple power of this ratio. We verify in the ma in text that the choice of distance prior has a",D3 Summary,D3 Summary,,,,,Forward-modelling Milky Way Cepheids: selection effects and physical priors in the Gaia-HST calibration,"Richard Stiskalek, Adam Riess, Harry Desmond, Guilhem Lavaux, Dan Scolnic",astro-ph.GA,2026-03-10T16:39:31Z,http://arxiv.org/abs/2603.09880v1,2603.09880,distribution_functions,234,180,False,False,0,180,True,5.0
astrobench_f31aa696a1,astrobench_f31aa696a1_chunk_011,11,"no longer exact; the ratio ϖ min[(] [m][)] [/ϖ][phot][remains][a][per-] star constant, but the prior-dependent prefactor no longer reduces to a simple power of this ratio. We verify in the ma in text that the choice of distance prior has a negligible effect on the inferred parameters once the selection is selfconsistently accounted for in the forward model, because the per-star likelihood localises each distance to a narrow range over which the disk geometry varies minimally. In Appendix E we show on mock data that for both magnitude and parallax-selected samples, the linearised Gaussian with selection and the χ2 approach yield consistent results, with neither exhibiting significant bias in the inferred period– luminosity parameters. For a magnitude-selected sample, the linearised Gaussian per-star likelihood differs from the χ2 only by the prefactor ==> picture [185 x 28] intentionally omitted <== Because the parallax measurement uncertainty dominates the error budget, with the photometric contribution (ln 10 / 5) ϖ phot σ 1 being small when the intrinsic scatter σ 1 is small, we have σ ˜ ϖ ≈ σϖ, a per-star constant independent",D3 Summary,D3 Summary,,,,,Forward-modelling Milky Way Cepheids: selection effects and physical priors in the Gaia-HST calibration,"Richard Stiskalek, Adam Riess, Harry Desmond, Guilhem Lavaux, Dan Scolnic",astro-ph.GA,2026-03-10T16:39:31Z,http://arxiv.org/abs/2603.09880v1,2603.09880,distribution_functions,234,180,False,True,140,320,True,4.5
astrobench_f31aa696a1,astrobench_f31aa696a1_chunk_012,12,"parallax measurement uncertainty dominates the error budget, with the photometric contribution (ln 10 / 5) ϖ phot σ 1 being small when the intrinsic scatter σ 1 is small, we have σ ˜ ϖ ≈ σϖ, a per-star constant independent of the model parameters θ. The prefactor therefore drops out of the posterior and the two methods yield identical inferences. For a parallax-selected sample, the linearised Gaussian carries an additional factor ==> picture [162 x 24] intentionally omitted <== The 1 /σ ˜ ϖ term is aga in negligible for the same reason. The cubic ratio in principle depends on θ through both ϖ phot and δϖ; however, since |δϖ| ∼ 10 µ as is much smaller We validate the inference framework on mock catalogues that mimic the C22 and C27 observational campaigns separately, isolating the effect of the magnitude-limited and parallax-limited selection functions. For each mock realisation, we generate a parent population of Cepheids as follows. Per-star distances are drawn from a uniform-in-volume prior (adopted for simplicity in this mock example), ==> picture [185 x 12] intentionally omitted <==",D3 Summary,D3 Summary,,,,,Forward-modelling Milky Way Cepheids: selection effects and physical priors in the Gaia-HST calibration,"Richard Stiskalek, Adam Riess, Harry Desmond, Guilhem Lavaux, Dan Scolnic",astro-ph.GA,2026-03-10T16:39:31Z,http://arxiv.org/abs/2603.09880v1,2603.09880,distribution_functions,234,180,False,True,280,460,True,4.5
astrobench_f31aa696a1,astrobench_f31aa696a1_chunk_013,13,"the MW calibration and model it star-by-star. We construct the first Bayesian forward model of the MW Cepheid population that explicitly accounts for the sample selection function, incorporates the th in-disk geometry of the Galaxy as a distance prior, and infers the intrinsic population properties jointly with the period–luminosity relation and the Gaia parallax zero-point © 2025 The Authors",1 INTRODUCTION,1 INTRODUCTION,,,,,Forward-modelling Milky Way Cepheids: selection effects and physical priors in the Gaia-HST calibration,"Richard Stiskalek, Adam Riess, Harry Desmond, Guilhem Lavaux, Dan Scolnic",astro-ph.GA,2026-03-10T16:39:31Z,http://arxiv.org/abs/2603.09880v1,2603.09880,distribution_functions,77,59,False,False,140,199,True,4.0
astrobench_f31aa696a1,astrobench_f31aa696a1_chunk_014,14,"carry no internal tension. Selection modelling has a larger effect on C22 than on C27: disabling the selection function shifts MH,[W] 1[by][ 0] [.][040 mag][ and] [ δ][ϖ][by][ 11] [ µ][as][ for] C22, compared with 0. 008 mag and 6 µ as for C27. This is expected, as the more distant C22 sample is more strongly affected by magnitude truncation. Similarly, the nearby C27 Cepheids ( d ≲ 1. 25 kpc, ϖ ≳ 800 µ as) are largely insensitive to the parallax offset: for δϖ = − 10 µ as, the induced distance modulus shift is only ∼ 0. 02 mag, compared with ∼ 0. 07 mag for the typical C22 parallax of ∼ 300 µ as. The constraint on δϖ is therefore driven by the more distant C22 sample. The fiducial C22 selection does not include the extinction cut AH < 0. 4 mag, owing to the systematic uncertainties in three-dimensional dust maps discussed in Section 5.4. With the LMC and N4258 included, enabling the extinction selection has a negligible effect on the period–luminosity parameters (∆ MH,[W] 1[= 0]",APPENDIX B: INDIVIDUAL CAMPAIGN RESULTS,APPENDIX B: INDIVIDUAL CAMPAIGN RESULTS,,,,,Forward-modelling Milky Way Cepheids: selection effects and physical priors in the Gaia-HST calibration,"Richard Stiskalek, Adam Riess, Harry Desmond, Guilhem Lavaux, Dan Scolnic",astro-ph.GA,2026-03-10T16:39:31Z,http://arxiv.org/abs/2603.09880v1,2603.09880,distribution_functions,234,180,True,True,140,320,True,4.0
astrobench_f31aa696a1,astrobench_f31aa696a1_chunk_015,15,"and parallax-limited selection functions. For each mock realisation, we generate a parent population of Cepheids as follows. Per-star distances are drawn from a uniform-in-volume prior (adopted for simplicity in this mock example), ==> picture [185 x 12] intentionally omitted <== where d max = 10 kpc for the C22 mock and d max = 2 kpc for the C27 mock; in both cases d max is much larger than the distances of any stars retained after selection, so the upper boundary does not affect the selected sample. The parent population sizes N parent = 2000 for C22 and N parent = 100 for C27 are chosen so that after selection the mock catalogues conta in approximately 47 and 26 stars, respectively, comparable to the real samples. True pulsation periods and metallicities are drawn from Gaussian distributions, ==> picture [175 x 27] intentionally omitted <== with ( µ log P, σ log P ) = (0. 8, 0. 3) for C22 and (0. 75, 0. 2) for C27. Given the sampled distances, periods, and metallicities, we compute absolute Wesenheit magnitudes from",D3 Summary,D3 Summary,,,,,Forward-modelling Milky Way Cepheids: selection effects and physical priors in the Gaia-HST calibration,"Richard Stiskalek, Adam Riess, Harry Desmond, Guilhem Lavaux, Dan Scolnic",astro-ph.GA,2026-03-10T16:39:31Z,http://arxiv.org/abs/2603.09880v1,2603.09880,distribution_functions,234,180,False,True,420,600,True,3.5
astrobench_f31aa696a1,astrobench_f31aa696a1_chunk_016,16,"27] intentionally omitted <== with ( µ log P, σ log P ) = (0. 8, 0. 3) for C22 and (0. 75, 0. 2) for C27. Given the sampled distances, periods, and metallicities, we compute absolute Wesenheit magnitudes from the period–luminosity relation (Eq. (8)) with fiducial parameters ( MH,[W] 1 [,][b][W][,][Z][W][) = (] [−]5 [.]90 [,][−]3 [.]30 [,][−]0 [.][22)][and][intrinsic] scatter σ int = 0. 06 mag. Observed magnitudes and parallaxes are then drawn from the per-star likelihoods, ==> picture [192 x 33] intentionally omitted <== with σm = 0. 028 mag, σϖ = 0. 019 mas (matching the median uncertainties of the MW Cepheid catalogue), and fiducial offset δϖ = − 0. 014 mas. The selection function is then applied to the parent sample. For C22, we impose an upper apparent-magnitude limit m[W] H[<]6 [.]5[mag][and][a][lower][period][cut] [P][>]8[days][.] For C27, we impose a lower parallax cut with threshold ϖ min = 0. 8 mas and transition width wϖ = 0. 05 mas; we verify that selecting instead on the photometric parallax with period–luminosity parameters slightly offset from the true values yields",D3 Summary,D3 Summary,,,,,Forward-modelling Milky Way Cepheids: selection effects and physical priors in the Gaia-HST calibration,"Richard Stiskalek, Adam Riess, Harry Desmond, Guilhem Lavaux, Dan Scolnic",astro-ph.GA,2026-03-10T16:39:31Z,http://arxiv.org/abs/2603.09880v1,2603.09880,distribution_functions,234,180,True,True,560,740,True,3.5
astrobench_f31aa696a1,astrobench_f31aa696a1_chunk_017,17,"impose a lower parallax cut with threshold ϖ min = 0. 8 mas and transition width wϖ = 0. 05 mas; we verify that selecting instead on the photometric parallax with period–luminosity parameters slightly offset from the true values yields no significant difference in the bias tests. We adopt wide uniform priors on all inferred parameters. We compare three inference approaches applied to each mock: (i) the linearised Gaussian likelihood (Eq. (D12)), incorporating the magnitude-selection MNRAS 000, 1–26 (2025)",D3 Summary,D3 Summary,,,,,Forward-modelling Milky Way Cepheids: selection effects and physical priors in the Gaia-HST calibration,"Richard Stiskalek, Adam Riess, Harry Desmond, Guilhem Lavaux, Dan Scolnic",astro-ph.GA,2026-03-10T16:39:31Z,http://arxiv.org/abs/2603.09880v1,2603.09880,distribution_functions,103,79,False,True,700,779,True,3.0
astrobench_f31aa696a1,astrobench_f31aa696a1_chunk_018,18,"Forward-modelling Milky Way Cepheids: selection effects and physical priors in the Gaia-HST calibration 2 R.Stiskalek et al offset. In particular, we show that the reduced Hubble tension reported by Högas & Mörtsell (2026, hereafter HM26), who adopted a uniform-in-volume distance prior without selection modelling, is an artefact of that omission. We show that when Galactic disk geometry and survey truncation are modelled consistently, the inferred period–luminosity parameters agree well with the maximum-likelihood values obtained by SH0ES from their parallax-space regression — a consequence, we show, of the small intrinsic scatter of the Cepheid period–luminosity relation. Adopting a uniform-involume prior without selection modelling induces a bias. The prior describes the characteristics of the underlying population while the selection function determines which of those objects enter the sample; ignoring the latter while specifying the former generates mock populations inconsistent with the observed sample. The Cepheid distance scale has been extensively tested against potential astrophysical systematics. JWST observations have ruled out unrecognised photometric crowding in extragalactic hosts as a significant contributor to the tension, with analyses of more than 1000 Cepheids in N4258",2 R.Stiskalek et al,2 R.Stiskalek et al,,,,,Forward-modelling Milky Way Cepheids: selection effects and physical priors in the Gaia-HST calibration,"Richard Stiskalek, Adam Riess, Harry Desmond, Guilhem Lavaux, Dan Scolnic",astro-ph.GA,2026-03-10T16:39:31Z,http://arxiv.org/abs/2603.09880v1,2603.09880,distribution_functions,234,180,False,False,0,180,False,3.0
astrobench_f31aa696a1,astrobench_f31aa696a1_chunk_019,19,"focused on the statistical framework used to infer the Cepheid calibra- tion and the treatment of selection effects. Several studies have explored the sensitivity of the distance ladder to modelling assumptions. For example, Efstathiou (2021) examined alternative implementations of the SH0ES analysis and discussed the impact of specific modelling choices; Kushnir & Sharon (2025) removed the requirement of a Cepheid period–luminosity relation; Bidenko et al. (2023) refit using a Gaussian process; Mörtsell et al. (2022) explored colour selection for Cepheids; see Verde et al. (2024) for a review. Subsequent analyses by the SH0ES team (Riess et al. 2022a, hereafter R22) have addressed these issues in updated treatments. Collectively, this body of work underscores that percent-level inference in the distance ladder requires careful and transparent treatment of statistical assumptions. On the Bayesian side, Cardona et al. (2017) marginalised over hyperparameters that down-weight outliers, Delgado et al. (2019) constructed a hierarchical model for period– luminosity relations from Gaia parallaxes, and Feeney et al. (2018) built a hierarchical model of the full distance ladder, inferring H 0 end-to-end but adopting a uniform prior",2 R.Stiskalek et al,2 R.Stiskalek et al,,,,,Forward-modelling Milky Way Cepheids: selection effects and physical priors in the Gaia-HST calibration,"Richard Stiskalek, Adam Riess, Harry Desmond, Guilhem Lavaux, Dan Scolnic",astro-ph.GA,2026-03-10T16:39:31Z,http://arxiv.org/abs/2603.09880v1,2603.09880,distribution_functions,234,180,False,False,560,740,False,3.0
astrobench_f31aa696a1,astrobench_f31aa696a1_chunk_020,20,"down-weight outliers, Delgado et al. (2019) constructed a hierarchical model for period– luminosity relations from Gaia parallaxes, and Feeney et al. (2018) built a hierarchical model of the full distance ladder, inferring H 0 end-to-end but adopting a uniform prior on distance modulus (thus failing to capture the intrinsically uniform-in-volume distribution of galaxies) and neglecting the selection function. None of these Bayesian approaches, however, incorporate a principled treatment of sample selection. Stiskalek et al. (2026) applied rigorous selection modelling to the geometric-anchor and Cepheid-host rungs of the distance ladder, but compressed the MW calibration in to a single Gaussian constraint on the period–luminosity zeropoint. Desmond et al. (2025) further showed, in a toy model and directly on the CosmicFlows-4 dataset (Tully et al. 2023), that neglecting selection with in a Bayesian framework can significantly bias the inference of H 0. We describe the MW, Large Magellanic Cloud (LMC), and N4258 Cepheid data in Section 2, and develop the Bayesian forward model in Section 3. Section 4 presents the fiducial posteriors and model validation, while Section 5 discusses the implications for",2 R.Stiskalek et al,2 R.Stiskalek et al,,,,,Forward-modelling Milky Way Cepheids: selection effects and physical priors in the Gaia-HST calibration,"Richard Stiskalek, Adam Riess, Harry Desmond, Guilhem Lavaux, Dan Scolnic",astro-ph.GA,2026-03-10T16:39:31Z,http://arxiv.org/abs/2603.09880v1,2603.09880,distribution_functions,234,180,True,False,700,880,False,3.0
astrobench_f31aa696a1,astrobench_f31aa696a1_chunk_021,21,"We describe the MW, Large Magellanic Cloud (LMC), and N4258 Cepheid data in Section 2, and develop the Bayesian forward model in Section 3. Section 4 presents the fiducial posteriors and model validation, while Section 5 discusses the implications for H 0. Section 6 concludes. Throughout, N ( x | µ, σ ) denotes the univariate normal density with mean µ and standard deviation σ, generalised to N ( x | µ, Σ ) for the multivariate case with covariance matrix Σ; x ←� N ( µ, σ2 ) indicates that x is drawn from the corresponding distribution; Φ is the standard normal cumulative distribution function (CDF); and all logarithms are base-10.",2 R.Stiskalek et al,2 R.Stiskalek et al,,,,,Forward-modelling Milky Way Cepheids: selection effects and physical priors in the Gaia-HST calibration,"Richard Stiskalek, Adam Riess, Harry Desmond, Guilhem Lavaux, Dan Scolnic",astro-ph.GA,2026-03-10T16:39:31Z,http://arxiv.org/abs/2603.09880v1,2603.09880,distribution_functions,146,112,False,False,840,952,False,3.0
astrobench_f31aa696a1,astrobench_f31aa696a1_chunk_022,22,"Forward-modelling Milky Way Cepheids: selection effects and physical priors in the Gaia-HST calibration 3.4.2 C22 selection The C22 sample is subject to four selection criteria. The original photometric selection was not performed in the Wesenheit band; however, we approximate it as an effective upper cut on the Wesenheit magnitude, m[W] H < m[W] H, max[,] noting that the magnitude threshold is sufficiently broad that the sensitivity to the choice of band is minimised. We similarly model an effective lower cut on the observed parallax, ϖ obs > ϖ min, and a lower cut on pulsation period, log P > log P min; an extinction cut, AH < AH, max, is optionally included but disabled in the fiducial model (Section 5.4). The effective thresholds ϖ min and m[W] H, max[are][jointly][in-]",3.4.2 C22 selection,3.4.2 C22 selection,,,,,Forward-modelling Milky Way Cepheids: selection effects and physical priors in the Gaia-HST calibration,"Richard Stiskalek, Adam Riess, Harry Desmond, Guilhem Lavaux, Dan Scolnic",astro-ph.GA,2026-03-10T16:39:31Z,http://arxiv.org/abs/2603.09880v1,2603.09880,distribution_functions,168,129,True,False,0,129,False,3.0
astrobench_f31aa696a1,astrobench_f31aa696a1_chunk_023,23,"Forward-modelling Milky Way Cepheids: selection effects and physical priors in the Gaia-HST calibration 4.1 Fiducial posteriors Figure 4 shows the marginalised posterior of the period– luminosity parameters ( MH,[W] 1[,] [ b][W][,] [ Z][W][) and the parallax off-] set δϖ for three model configurations: (i) C22 and C27 with the disk prior and selection modelling but without the LMC and N4258, (ii) the same with the LMC and N4258 Cepheid populations and their geometric distance calibrations, and (iii) a model including all four populations that neglects selection modelling, adopts a uniform-in-volume MW distance prior, and uses a wide δϖ prior, designed to emulate the analysis of HM26. The MW-only posterior is substantially wider, by factors of 1. 8, 2. 1, and 2. 1 in MH,[W] 1[,] [b][W][,][and] [Z][W][,][respectively,] but only by a factor of 1. 2 in δϖ. Both bW and ZW are strongly correlated with MH,[W] 1[in][the][MW-only][inference;] including the LMC and N4258 Cepheids breaks these degeneracies. Since δϖ enters only through the MW parallaxes, the LMC and N4258 do not substantially tighten the constraint; the fiducial posterior gives δϖ",4.1 Fiducial posteriors,4.1 Fiducial posteriors,,,,,Forward-modelling Milky Way Cepheids: selection effects and physical priors in the Gaia-HST calibration,"Richard Stiskalek, Adam Riess, Harry Desmond, Guilhem Lavaux, Dan Scolnic",astro-ph.GA,2026-03-10T16:39:31Z,http://arxiv.org/abs/2603.09880v1,2603.09880,distribution_functions,234,180,True,False,0,180,False,3.0
astrobench_f31aa696a1,astrobench_f31aa696a1_chunk_024,24,"and N4258 with the same MW disk prior and selection (red, filled), and all four populations with a uniform-in-volume MW distance prior, no selection, and a wide δϖ prior, emulating HM26 (orange). The 0. 7 σ agreement in MH,[W] 1[with][the][baseline][SH0ES][value][translates][to] a shift in H 0 of less than 0. 2 km s [−]1 Mpc [−]1 (Section 5.3). The baseline SH0ES contours from R22 are shown in black, and the R21 χ2 contours for C22 + C27 are shown in green. The baseline SH0ES (R22) constraints derive from the full three-rung fit (geometric anchors, Cepheids, and Type Ia supernovae), while the R21 χ2 uses only the MW Cepheid parallaxes. For visual clarity, the SH0ES constraints are dashed in the panels along the diagonal. All contours show the 1 σ and 2 σ credible regions. with the MW-only result. We also compare these posteriors to the baseline SH0ES contours from the joint three-rung fit reported in table 5 of R22, combining geometric calibrators, MW and extragalactic Cepheids, and Type Ia supernovae. All three parameters agree with our fiducial posteriors to with in",4.1 Fiducial posteriors,4.1 Fiducial posteriors,,,,,Forward-modelling Milky Way Cepheids: selection effects and physical priors in the Gaia-HST calibration,"Richard Stiskalek, Adam Riess, Harry Desmond, Guilhem Lavaux, Dan Scolnic",astro-ph.GA,2026-03-10T16:39:31Z,http://arxiv.org/abs/2603.09880v1,2603.09880,distribution_functions,234,180,False,False,420,600,False,3.0
astrobench_f31aa696a1,astrobench_f31aa696a1_chunk_025,25,"the period–luminosity parameters (Table 3), except for the C27 parallax cut which is fixed. The standard treatment, such as that of Riess et al. (2016) or R21, minimises a χ2 between observed parallaxes and the photometric predictions of the period–luminosity relation, with no explicit priors or selection modelling. On the Bayesian side, several efforts have tackled the problem. Cardona et al. (2017) marginalise over hyperparameters that scale the per-star uncertainties, effectively downweighting outliers. Delgado et al. (2019) construct a hierarchical Bayesian model for period–luminosity relations from Gaia parallaxes, placing a joint Gaussian-mixture hyperprior on period, metallicity, and parallax to capture their correlations. Feeney et al. (2018) build a hierarchical model of the full distance ladder—from MW Cepheids through extragalactic Cepheids to Hubble-flow supernovae—inferring H 0 end to end. What all three Bayesian approaches share is the absence of a principled treatment of the selection function. Delgado et al. (2019) implicitly learn the correlation structure of period, metallicity, and parallax through their Gaussianmixture hyperprior, which acts as a proxy for selection modelling: it allows the model to discover that longer-period Cepheids",5.1 Comparison with previous approaches,5.1 Comparison with previous approaches,,,,,Forward-modelling Milky Way Cepheids: selection effects and physical priors in the Gaia-HST calibration,"Richard Stiskalek, Adam Riess, Harry Desmond, Guilhem Lavaux, Dan Scolnic",astro-ph.GA,2026-03-10T16:39:31Z,http://arxiv.org/abs/2603.09880v1,2603.09880,distribution_functions,234,180,False,False,280,460,False,3.0
astrobench_f31aa696a1,astrobench_f31aa696a1_chunk_026,26,"treatment of the selection function. Delgado et al. (2019) implicitly learn the correlation structure of period, metallicity, and parallax through their Gaussianmixture hyperprior, which acts as a proxy for selection modelling: it allows the model to discover that longer-period Cepheids are brighter and therefore observed at larger distances (smaller parallaxes in their parametrisation). In reality, this correlation is induced by selection without being present in the intrinsic population; it ought therefore to be captured by an explicit selection treatment, as we construct here. Feeney et al. (2018), by contrast, adopt a uniform prior on the distance modulus, which does not reflect the (approximately) uniform-in-volume distribution of extragalactic objects. At small redshifts, a uniform-in-distancemodulus prior goes as 1 /d, favouring closer objects, whereas a uniform-in-volume prior goes as d2, favouring more distant ones. The similarity between results using a uniform-indistance-modulus prior and those from a uniform-in-volume prior with selection modelling in this case is not coincidental. In Appendix D we show that, for the MW Cepheid calibration specifically, the per-star forward-model likelihood is well approximated by the R21 χ2 after marginalising",5.1 Comparison with previous approaches,5.1 Comparison with previous approaches,,,,,Forward-modelling Milky Way Cepheids: selection effects and physical priors in the Gaia-HST calibration,"Richard Stiskalek, Adam Riess, Harry Desmond, Guilhem Lavaux, Dan Scolnic",astro-ph.GA,2026-03-10T16:39:31Z,http://arxiv.org/abs/2603.09880v1,2603.09880,distribution_functions,234,180,False,False,420,600,False,3.0
astrobench_f31aa696a1,astrobench_f31aa696a1_chunk_027,27,"and those from a uniform-in-volume prior with selection modelling in this case is not coincidental. In Appendix D we show that, for the MW Cepheid calibration specifically, the per-star forward-model likelihood is well approximated by the R21 χ2 after marginalising over the latent distance and linearising the distance modulus. This relies on the very small intrinsic scatter of the Cepheid period–luminosity relation, ∼ 0. 05 mag (here) or 2–3% in distance; it has not been demonstrated to hold even approximately in other settings, where larger intrinsic scatter or peculiar velocity uncertainties may break the linearisation. For example, in Appendix D we show that an inflated intrinsic scatter of 0. 15 mag would have produced a ∼ 0. 5 σ bias in MH,[W] 1[for][the][combined][sample.][Desmond][et][al.][(]2025[)] lay out this interplay between selection and priors explicitly in a toy model for a distance-ladder inference of H 0, show- MNRAS 000, 1–26 (2025) Forward-modelling Milky Way Cepheids 17 ing that the cancellation between volume prior and selection holds exactly in the case of negligible redshift uncertainties and selection on redshift. In this work we construct",5.1 Comparison with previous approaches,5.1 Comparison with previous approaches,,,,,Forward-modelling Milky Way Cepheids: selection effects and physical priors in the Gaia-HST calibration,"Richard Stiskalek, Adam Riess, Harry Desmond, Guilhem Lavaux, Dan Scolnic",astro-ph.GA,2026-03-10T16:39:31Z,http://arxiv.org/abs/2603.09880v1,2603.09880,distribution_functions,234,180,False,False,560,740,False,3.0
astrobench_f31aa696a1,astrobench_f31aa696a1_chunk_028,28,"of H 0, show- MNRAS 000, 1–26 (2025) Forward-modelling Milky Way Cepheids 17 ing that the cancellation between volume prior and selection holds exactly in the case of negligible redshift uncertainties and selection on redshift. In this work we construct the first forward model of the MW Cepheid population that explicitly accounts for selection effects, models distance priors accurately, and infers the intrinsic population properties. The inferred period– luminosity relation parameters and Gaia parallax offset are consistent with in 1 σ with, and of comparable precision to, both R21 and the baseline SH0ES result of R22. Our results highlight the importance of forward modelling and principled selection treatment, an approach set to become the standard for future distance-ladder (and other) analyses. Realising this programme requires well-defined observational campaigns with well-characterised selection functions, though the advent of simulation-based inference (SBI; Cranmer et al. 2020; Alsing et al. 2019) will in principle make even complex selection modelling tractable. In practice, SBI typically forward-simulates entire populations from populationlevel parameters, and the small sample sizes characteristic of the distance ladder make learning the likelihood",5.1 Comparison with previous approaches,5.1 Comparison with previous approaches,,,,,Forward-modelling Milky Way Cepheids: selection effects and physical priors in the Gaia-HST calibration,"Richard Stiskalek, Adam Riess, Harry Desmond, Guilhem Lavaux, Dan Scolnic",astro-ph.GA,2026-03-10T16:39:31Z,http://arxiv.org/abs/2603.09880v1,2603.09880,distribution_functions,234,180,False,False,700,880,False,3.0
astrobench_f31aa696a1,astrobench_f31aa696a1_chunk_029,29,"Forward-modelling Milky Way Cepheids: selection effects and physical priors in the Gaia-HST calibration 5.2 Comparison with Högås & Mörtsell (2026) HM26 claim that adopting physically motivated priors in the distance ladder reduces the Hubble tension from 5 σ to 2 σ. They extend the χ2 model of R22 by treating MW Cepheids individually and sampling their distances as free parameters, rather than collapsing them in to a single Gaussian constraint on the period–luminosity zero-point. Motivated by Desmond et al. (2025), they impose a uniform-in-volume distance prior, π ( d ) ∝ d2, on both the MW Cepheids and the nearby Cepheid host galaxies in the SH0ES sample. An equally fundamental point of Desmond et al. (2025), however, is that modelling selection is crucial: neglecting it biases the inference. HM26 entirely neglect this point, arguing that the MW Cepheid sample can be considered effectively complete because both Gaia and HST are capable of detecting Cepheids at much larger distances. This capability is beside the point. What matters is how the MW Cepheids in the SH0ES sample were actually selected: they are",5.2 Comparison with Högås & Mörtsell (2026),5.2 Comparison with Högås & Mörtsell (2026),,,,,Forward-modelling Milky Way Cepheids: selection effects and physical priors in the Gaia-HST calibration,"Richard Stiskalek, Adam Riess, Harry Desmond, Guilhem Lavaux, Dan Scolnic",astro-ph.GA,2026-03-10T16:39:31Z,http://arxiv.org/abs/2603.09880v1,2603.09880,distribution_functions,234,180,False,False,0,180,False,3.0
astrobench_f31aa696a1,astrobench_f31aa696a1_chunk_030,30,"parallax and therefore approximately in distance, completeness up to some maximum distance does not obviate the need for selection modelling. That maximum distance must be explicitly encoded, e.g., in the prior; otherwise the inference assigns non-negligible probability to distances beyond the threshold, allowed by the likelihood but completely excluded by the selection. The close agreement between our Bayesian forward model and the SH0ES parallax-space χ2 analysis is interesting. The two approaches differ fundamentally: SH0ES calibrates directly in parallax space without sampling distances, imposing a spatial prior, or explicitly modelling selection. In Appendix D we show analytically that the per-star likelihood of the forward model, after marginalising over the latent distance under a power-law prior and locally linearising the distance modulus, reduces to a Gaussian in parallax space whose exponent matches the χ2. Depending on whether the selection acts in parallax or in magnitude, different prefactors multiply the exponential, but these are effectively constant or negligible when the intrinsic scatter of the period–luminosity relation is small, i.e. when the parallax measurement uncertainty dominates the error budget, as is the case for",18 R.Stiskalek et al,18 R.Stiskalek et al,,,,,Forward-modelling Milky Way Cepheids: selection effects and physical priors in the Gaia-HST calibration,"Richard Stiskalek, Adam Riess, Harry Desmond, Guilhem Lavaux, Dan Scolnic",astro-ph.GA,2026-03-10T16:39:31Z,http://arxiv.org/abs/2603.09880v1,2603.09880,distribution_functions,234,180,False,False,280,460,False,3.0
astrobench_f31aa696a1,astrobench_f31aa696a1_chunk_031,31,"or in magnitude, different prefactors multiply the exponential, but these are effectively constant or negligible when the intrinsic scatter of the period–luminosity relation is small, i.e. when the parallax measurement uncertainty dominates the error budget, as is the case for MW Cepheids. In this regime, the Bayesian forward model reduces effectively to a weighted regression in parallax space conditional on the observed sample. Mock bias tests (Appendix E) confirm that, at the fiducial scatter of σ int ≈ 0. 06 mag, consistent with the value inferred from the data, the linearised Gaussian and χ2 methods are only mildly biased; only where the scatter ≳ 0. 15 mag would the χ2 method be significantly biased (the Bayesian forward model is unbiased in all cases). The consistency of the inferred period–luminosity parameters across methods therefore follows from the small intrinsic scatter of MW Cepheids, and demonstrates that the larger shift introduced by a uniform-in-volume prior without selection modelling, as adopted by HM26, is a consequence of a poor generative model of the data. Because the intrinsic scatter is small, the per-star likelihood",18 R.Stiskalek et al,18 R.Stiskalek et al,,,,,Forward-modelling Milky Way Cepheids: selection effects and physical priors in the Gaia-HST calibration,"Richard Stiskalek, Adam Riess, Harry Desmond, Guilhem Lavaux, Dan Scolnic",astro-ph.GA,2026-03-10T16:39:31Z,http://arxiv.org/abs/2603.09880v1,2603.09880,distribution_functions,234,180,False,False,420,600,False,3.0
astrobench_f31aa696a1,astrobench_f31aa696a1_chunk_032,32,"MW Cepheids, and demonstrates that the larger shift introduced by a uniform-in-volume prior without selection modelling, as adopted by HM26, is a consequence of a poor generative model of the data. Because the intrinsic scatter is small, the per-star likelihood sharply constrains the distance, rendering the prior approximately constant over the relevant interval; its effective value is set by the peak location, which depends on the model parameters. When the selection function is included in the posterior, these per-star prior factors approximately cancel against the selection normalisation, as shown in Appendix D under the linearisation of the distance modulus, and the functional form of the prior has negligible impact on the inferred parameters. Without selection modelling, however, the prior factors evaluated at different parameter-dependent distances for different stars no longer cancel, and the inference becomes biased. This is shown by the adoption of a uniform-in-volume prior without modelling of the selection function producing posterior predictive distributions of observables clearly discrepant with the data (Fig. 6). While not important for our ma in argument, we also note a spurious asymmetry in",18 R.Stiskalek et al,18 R.Stiskalek et al,,,,,Forward-modelling Milky Way Cepheids: selection effects and physical priors in the Gaia-HST calibration,"Richard Stiskalek, Adam Riess, Harry Desmond, Guilhem Lavaux, Dan Scolnic",astro-ph.GA,2026-03-10T16:39:31Z,http://arxiv.org/abs/2603.09880v1,2603.09880,distribution_functions,234,180,False,False,560,740,False,3.0
astrobench_f31aa696a1,astrobench_f31aa696a1_chunk_033,33,"the adoption of a uniform-in-volume prior without modelling of the selection function producing posterior predictive distributions of observables clearly discrepant with the data (Fig. 6). While not important for our ma in argument, we also note a spurious asymmetry in HM26’s treatment of the second and third rungs of the distance ladder. They impose a uniform-in-volume prior on MW Cepheids and nearby Cepheid host galaxies, yet for the Hubble flow supernovae they reta in the χ2 treatment of R22. They argue that the BEAMS with Bias Corrections method (BBC; Popovic et al. 2021), while correcting SN Ia distance moduli for observational selection effects and standardisation biases, operates at the level of SN Ia standardisation and is not designed to compensate for assumptions about distance priors in the calibration of the local distance ladder. On this basis they dismiss the suggestion of Desmond et al. (2025) that BBC may already compensate for the use of a flat prior on distance modulus. If this is the case, and BBC does not effectively account for the distance prior, then a uniform-in-volume prior should",18 R.Stiskalek et al,18 R.Stiskalek et al,,,,,Forward-modelling Milky Way Cepheids: selection effects and physical priors in the Gaia-HST calibration,"Richard Stiskalek, Adam Riess, Harry Desmond, Guilhem Lavaux, Dan Scolnic",astro-ph.GA,2026-03-10T16:39:31Z,http://arxiv.org/abs/2603.09880v1,2603.09880,distribution_functions,234,180,False,False,700,880,False,3.0
astrobench_f31aa696a1,astrobench_f31aa696a1_chunk_034,34,"Forward-modelling Milky Way Cepheids: selection effects and physical priors in the Gaia-HST calibration 5.4 Limitations of this work For the C27 sample, the reported selection cuts alone suffice to reproduce the observed distributions in a PPC (Fig. 6). We additionally introduce a mild selection term on the Wesenheit magnitude, in place of a V -band cut to avoid HST saturation, to remove the brightest Cepheids, though this has a negligible effect on the inferred parameters. The C22 sample presents greater challenges. It was drawn from a parent catalogue of MW Cepheids with an implicit completeness limit V ≲ 15 mag, to which three explicit cuts were applied: a period cut P > 8 days, an extinction cut AH < 0. 4 mag, and a saturation cut V > 6 mag. We implement the period and extinction cuts, but these alone do not reproduce the observed distributions of magnitude and parallax. We therefore introduce additional smooth selection terms on the Wesenheit magnitude and observed parallax. The parallax selection dominates; results would be near-indistinguishable had we neglected the Wesenheit magnitude term. This",5.4 Limitations of this work,5.4 Limitations of this work,,,,,Forward-modelling Milky Way Cepheids: selection effects and physical priors in the Gaia-HST calibration,"Richard Stiskalek, Adam Riess, Harry Desmond, Guilhem Lavaux, Dan Scolnic",astro-ph.GA,2026-03-10T16:39:31Z,http://arxiv.org/abs/2603.09880v1,2603.09880,distribution_functions,234,180,False,False,0,180,False,3.0
astrobench_f31aa696a1,astrobench_f31aa696a1_chunk_035,35,"do not reproduce the observed distributions of magnitude and parallax. We therefore introduce additional smooth selection terms on the Wesenheit magnitude and observed parallax. The parallax selection dominates; results would be near-indistinguishable had we neglected the Wesenheit magnitude term. This therefore constitutes an effective selection function, not identical to the reported cuts, and can potentially be understood as partially modelling the selection of the parent sample population itself. The inferred thresholds yield a PPC that closely reproduces the observed distributions (Fig. 6). The parent sample selection is complicated by the fact that it operates on the V -band magnitude, whereas our forward model predicts the Wesenheit magnitude. Modelling the V -band selection self-consistently would require predicting V -band magnitudes and hence modelling the period– luminosity relation in that band, with its own intrinsic scatter correlated with the Wesenheit scatter (see Yas in et al. 2026 for such a treatment of correlated scatter in galaxy cluster scaling relations). While in principle straightforward, this would require extending the framework to multiple bands simultaneously. We instead adopt the simpler approach of modelling an",5.4 Limitations of this work,5.4 Limitations of this work,,,,,Forward-modelling Milky Way Cepheids: selection effects and physical priors in the Gaia-HST calibration,"Richard Stiskalek, Adam Riess, Harry Desmond, Guilhem Lavaux, Dan Scolnic",astro-ph.GA,2026-03-10T16:39:31Z,http://arxiv.org/abs/2603.09880v1,2603.09880,distribution_functions,234,180,False,False,140,320,False,3.0
astrobench_f31aa696a1,astrobench_f31aa696a1_chunk_036,36,"Yas in et al. 2026 for such a treatment of correlated scatter in galaxy cluster scaling relations). While in principle straightforward, this would require extending the framework to multiple bands simultaneously. We instead adopt the simpler approach of modelling an effective selection in Wesenheit magnitude with a smooth cut, even though the data were never selected on this quantity. Since the V -band and Wesenheit magnitudes are strongly correlated, a smooth cut in the latter can effectively mimic a cut in the former. A further limitation concerns the modelling of selection associated with extinction. The C22 sample was subject to an explicit cut AH < 0. 4 mag, but modelling this selection requires knowing the extinction not only along the observed sightlines but in principle at all positions in the Galaxy. We use the Bayestar19 three-dimensional dust map (Green et al. 2019), supplemented by the Marshall et al. (2006) map for sightlines where Bayestar19 lacks coverage; however, the standard deviation of the inter-map differences for the C22 Cepheids is 0. 08 mag, and no existing map provides reliable extinctions throughout",5.4 Limitations of this work,5.4 Limitations of this work,,,,,Forward-modelling Milky Way Cepheids: selection effects and physical priors in the Gaia-HST calibration,"Richard Stiskalek, Adam Riess, Harry Desmond, Guilhem Lavaux, Dan Scolnic",astro-ph.GA,2026-03-10T16:39:31Z,http://arxiv.org/abs/2603.09880v1,2603.09880,distribution_functions,234,180,True,False,280,460,False,3.0
astrobench_f31aa696a1,astrobench_f31aa696a1_chunk_037,37,"(2021) calibration, and achieves a 0. 9% luminosity-scale precision consistent with that of the field Cepheids (Riess et al. 2022b; Cruz Reyes & Anderson 2023). The metallicity dependence of the period–luminosity relation has also been explored extensively (Breuval et al. 2022; Molinaro et al. 2023), although its magnitude remains debated, with recent claims of a negligible effect (Madore et al. 2025; Madore & Freedman 2026) challenged by evidence favouring the standard slope of ∼− 0. 2 ± 0. 1 mag dex [−]1 (Breuval et al. 2025). However, this term has little leverage on H 0, with a change of ∼ 0. 2 km s [−]1 Mpc [−]1 for a 0. 1 mag dex [−]1 change in slope due to the consistency of Cepheid metallicities along the distance ladder. While many potential astrophysical systematics have been investigated, increasing attention has also focused on the statistical framework used to infer the Cepheid calibra- tion and the treatment of selection effects. Several studies have explored the sensitivity of the distance ladder to modelling assumptions. For example, Efstathiou (2021) examined alternative implementations of the",2 R.Stiskalek et al,2 R.Stiskalek et al,,,,,Forward-modelling Milky Way Cepheids: selection effects and physical priors in the Gaia-HST calibration,"Richard Stiskalek, Adam Riess, Harry Desmond, Guilhem Lavaux, Dan Scolnic",astro-ph.GA,2026-03-10T16:39:31Z,http://arxiv.org/abs/2603.09880v1,2603.09880,distribution_functions,234,180,True,False,420,600,False,2.0
astrobench_f31aa696a1,astrobench_f31aa696a1_chunk_038,38,"Forward-modelling Milky Way Cepheids: selection effects and physical priors in the Gaia-HST calibration 12 R.Stiskalek et al Cepheids reach m[W] H[≈]28[mag][,][still][brighter][than][but][ap-] proaching the HST WFC3/IR detection limit in crowded fields. Modelling this would require integrating the multivariate likelihood of Eq. (23) over the selection region and marginalising over the magnitudes of undetected Cepheids, whose covariance with the observed sample is not available.",12 R.Stiskalek et al,12 R.Stiskalek et al,,,,,Forward-modelling Milky Way Cepheids: selection effects and physical priors in the Gaia-HST calibration,"Richard Stiskalek, Adam Riess, Harry Desmond, Guilhem Lavaux, Dan Scolnic",astro-ph.GA,2026-03-10T16:39:31Z,http://arxiv.org/abs/2603.09880v1,2603.09880,distribution_functions,81,62,True,False,0,62,False,2.0
astrobench_f31aa696a1,astrobench_f31aa696a1_chunk_039,39,"of less than 0. 2 km s [−]1 Mpc [−]1; the implications are further discussed in Section 5.3. Figure 5 shows the marginalised posterior distributions of the per-campaign intrinsic scatter σ int. The C22 scatter peaks at ∼ 0. 07 mag, roughly 1. 8 times larger than the C27 value of ∼ 0. 04 mag, possibly reflecting residual extinction scatter in the more distant C22 sample, where dust corrections are larger and the Wesenheit magnitude does not fully remove sightline-to-sightline variations in the reddening law. Including the LMC and N4258 tightens the period– luminosity relation parameters but leaves the MW scatter posteriors unchanged, as expected since σ int is determined by the spread of MW magnitudes about the relation and is largely independent of the global zero-point. To test whether the MW, LMC, and N4258 scatters are consistent, we run two additional configurations. First, we impose a single shared σ int across all four populations (with the 0. 06 mag already in Σ j subtracted in quadrature for the LMC and N4258). The ∼ 500 LMC and N4258 Cepheids dominate",14 R.Stiskalek et al,14 R.Stiskalek et al,,,,,Forward-modelling Milky Way Cepheids: selection effects and physical priors in the Gaia-HST calibration,"Richard Stiskalek, Adam Riess, Harry Desmond, Guilhem Lavaux, Dan Scolnic",astro-ph.GA,2026-03-10T16:39:31Z,http://arxiv.org/abs/2603.09880v1,2603.09880,distribution_functions,234,180,False,False,140,320,False,2.0
astrobench_98f72fa560,astrobench_98f72fa560_chunk_000,0,"A Selection Aware View of Black Hole-Galaxy Coevolution at High Redshift 2.1.Mock Hα spectra We generated mock emission-line spectra centered on the H α line (6563 Å) following a procedure similar to the one outlined in Chakraborty et al. (2025, see their Sec. 5). We model both the narrow and the broad component as Gaussian functions. The physical properties of the two components were computed directly from four input free parameters: black hole mass ( M BH), black hole accretion rate in units of the Eddington rate ( λ Edd), stellar mass of the host galaxy ( M⋆ ), and star formation rate (SFR). To determine the narrow component, we assumed that its luminosity scales linearly with the star formation rate of the host galaxy following the calibration by (Kennicutt & Evans 2012): sampled with a spectral channel of 40 km / s. We then added Gaussian white noise to each synthetic spectrum. We generated two datasets: a deep dataset with a noise level of 6 × 10 [−]21 erg s [−]1 cm [−]2 Å [−]1, matching the depth of",2.1.Mock Hα spectra,2.1.Mock Hα spectra,,,,,A Selection Aware View of Black Hole-Galaxy Coevolution at High Redshift,"Francesco Ziparo, Stefano Carniani, Simona Gallerani, Bartolomeo Trefoloni",astro-ph.GA,2026-03-04T18:25:51Z,http://arxiv.org/abs/2603.04358v1,2603.04358,distribution_functions,234,180,False,False,0,180,False,3.0
astrobench_98f72fa560,astrobench_98f72fa560_chunk_001,1,"of this parameter space where AGN signatures are likely to be recovered, and where they are suppressed due to host galaxy properties or limited sensitivity. These detectability maps are not only informative for understanding the observational limitations of broad-line AGN detection, but also play a fundamental role in the statistical modeling of the M BH– M⋆ relation. Specifically, they define the effective selection function imposed by our detection criteria and observational noise levels, acting as a truncation surface in the multi-dimensional parameter space. As a result, any inference on the intrinsic M BH − M⋆ relation must account for the incompleteness bias with in the parameter space specific regions of the M BH– M⋆ plane. In the next section, we incorporate these maps in to a truncated likelihood framework to derive unbiased estimates of the parameters governing the black hole–stellar mass relation.",2.3.Parameter space and detectability mapping,2.3.Parameter space and detectability mapping,,,,,A Selection Aware View of Black Hole-Galaxy Coevolution at High Redshift,"Francesco Ziparo, Stefano Carniani, Simona Gallerani, Bartolomeo Trefoloni",astro-ph.GA,2026-03-04T18:25:51Z,http://arxiv.org/abs/2603.04358v1,2603.04358,distribution_functions,185,142,False,False,280,422,False,3.0
astrobench_98f72fa560,astrobench_98f72fa560_chunk_002,2,"inference is not biased by truncation effects. Posterior sampling is performed using the emcee (Foreman-Mackey et al. 2013) MCMC sampler with 32 walkers and 20,000 steps per walker. The first 5,000 steps are discarded as burn-in. We adopt a combination of hard bounds and Gaussian priors on the model parameters. Specifically, the parameters are restricted to the ranges α ∈ [ − 12, 0], β ∈ [ − 4, 4], and σ int ∈ [0. 2, 2. 0] dex. The adopted prior centers are motivated by the normalization and slope reported for local SMBH–galaxy scaling relations (e.g., Kormendy & Ho 2013; Reines & Volonteri 2015), while the relatively large dispersions are chosen to ensure weakly informative priors that do not dominate the inference. With in these ranges, we impose Gaussian priors on α, β and σ int, namely1 α ∼N ( − 4. 0, 2. 0), σ int ∼N (0. 5, 0. 7), and β ∼N (1. 1, 0. 3). We validate our implementation with two consistency checks: first, by fitting mock data drawn from a known M BH– M⋆",2.4.Bayesian inference of the M BH -M⋆ relation,2.4.Bayesian inference of the M BH -M⋆ relation,,,,,A Selection Aware View of Black Hole-Galaxy Coevolution at High Redshift,"Francesco Ziparo, Stefano Carniani, Simona Gallerani, Bartolomeo Trefoloni",astro-ph.GA,2026-03-04T18:25:51Z,http://arxiv.org/abs/2603.04358v1,2603.04358,distribution_functions,234,180,False,False,560,740,False,3.0
astrobench_98f72fa560,astrobench_98f72fa560_chunk_003,3,"( − 4. 0, 2. 0), σ int ∼N (0. 5, 0. 7), and β ∼N (1. 1, 0. 3). We validate our implementation with two consistency checks: first, by fitting mock data drawn from a known M BH– M⋆ relation, where we show that our pipeline manages to recover the input parameters with in the 68% credible intervals; and second, by disabling the truncation term in the likelihood, which reproduces the standard uncorrected fit. The resulting posterior distributions and best-fit relation are presented in Sec.3.",2.4.Bayesian inference of the M BH -M⋆ relation,2.4.Bayesian inference of the M BH -M⋆ relation,,,,,A Selection Aware View of Black Hole-Galaxy Coevolution at High Redshift,"Francesco Ziparo, Stefano Carniani, Simona Gallerani, Bartolomeo Trefoloni",astro-ph.GA,2026-03-04T18:25:51Z,http://arxiv.org/abs/2603.04358v1,2603.04358,distribution_functions,112,86,False,False,700,786,False,3.0
astrobench_98f72fa560,astrobench_98f72fa560_chunk_004,4,"A Selection Aware View of Black Hole-Galaxy Coevolution at High Redshift 3.1.Detectability mapping Fig. 2 shows the detectability map of broad H α emission as a function of black hole mass and stellar mass. Each cell of the grid represents the average detection rate over 100 realizations with randomly sampled values of SFR and λ Edd with in the ranges defined in Sec. 2. The color scale encodes the detection probability ( P det), from 0% (black) to 100% (yellow). The right panel corresponds to the deeper configuration, adopting the lower noise level of 6 × 10 [−]21 erg s [−]1 cm [−]2 Å [−]1, representative of the JADES 1 N ( µ, σ ) denotes a normal distribution with mean µ and standard deviation σ. data. The left panel shows the more conservative setup, assuming the higher noise level of 2. 4 × 10 [−]20 erg s [−]1 cm [−]2 Å [−]1. The map reveals a gradual transition between detectable and non-detectable regimes, rather than a sharp threshold. In regions just above the detection boundary, broad-line components are only",3.1.Detectability mapping,3.1.Detectability mapping,,,,,A Selection Aware View of Black Hole-Galaxy Coevolution at High Redshift,"Francesco Ziparo, Stefano Carniani, Simona Gallerani, Bartolomeo Trefoloni",astro-ph.GA,2026-03-04T18:25:51Z,http://arxiv.org/abs/2603.04358v1,2603.04358,distribution_functions,234,180,False,False,0,180,False,3.0
astrobench_98f72fa560,astrobench_98f72fa560_chunk_005,5,"Fig. 2. Detectability of broad H α emission across the M⋆ – M BH parameter space, for two different noise levels. Each pixel represents the average detection rate across 100 realizations with randomly sampled SFR and λ Edd. The color scale ranges from 0% (black) to 100% (yellow). The right panel assumes the lowest noise level (1 × the RMS of JADES source 73488), while the left panel corresponds to the highest noise level (4 × RMS). The gold continuous line indicates the detection threshold at each sensitivity, showing how reduced noise broadens the observable regime. Colored dashed lines represent M⋆ – M BH relations derived in previous works. masses by sampling from a Gaussian distribution centered on the corresponding relation, with intrinsic scatter consistent with the literature values (0.24 dex for Reines & Volonteri, 0.3 dex for Kormendy & Ho), noting that these values refer to the vertical scatter in log M BH, whereas our model defines the intrinsic dispersion orthogonally to the relation. We do not treat the Greene et al. (2020) relation explicitly, as it is consistent",3.2.Testing the recovery of local scaling relations,3.2.Testing the recovery of local scaling relations,,,,,A Selection Aware View of Black Hole-Galaxy Coevolution at High Redshift,"Francesco Ziparo, Stefano Carniani, Simona Gallerani, Bartolomeo Trefoloni",astro-ph.GA,2026-03-04T18:25:51Z,http://arxiv.org/abs/2603.04358v1,2603.04358,distribution_functions,234,180,False,False,140,320,False,3.0
astrobench_98f72fa560,astrobench_98f72fa560_chunk_006,6,"Ho), noting that these values refer to the vertical scatter in log M BH, whereas our model defines the intrinsic dispersion orthogonally to the relation. We do not treat the Greene et al. (2020) relation explicitly, as it is consistent with Reines & Volonteri in normalization and probes a similar region of the black hole–stellar mass plane. We therefore expect our results to be qualitatively similar. We then applied the detectability cut derived from our simulations (Fig. 2, yellow and white dashed lines), corresponding to the two noise levels considered. Since the JADES sample contains sources lying below the contour resulting from the higher noise, the most conservative threshold alone would not capture the observed distribution. To ensure a statistically meaningful comparison, we generated a sufficiently large mock sample and iteratively increased its size until 50 simulated measurements lay above the detectability threshold2. We therefore combined both criteria, adopting the (4x) line for objects above it and the (1x) line for those below, so as to better reproduce the selection in the real data. Each panel in Fig.3 shows the",3.2.Testing the recovery of local scaling relations,3.2.Testing the recovery of local scaling relations,,,,,A Selection Aware View of Black Hole-Galaxy Coevolution at High Redshift,"Francesco Ziparo, Stefano Carniani, Simona Gallerani, Bartolomeo Trefoloni",astro-ph.GA,2026-03-04T18:25:51Z,http://arxiv.org/abs/2603.04358v1,2603.04358,distribution_functions,234,180,False,False,280,460,False,3.0
astrobench_98f72fa560,astrobench_98f72fa560_chunk_007,7,"the detectability threshold2. We therefore combined both criteria, adopting the (4x) line for objects above it and the (1x) line for those below, so as to better reproduce the selection in the real data. Each panel in Fig.3 shows the input relation (green or red), the full sample (gray points), the postcut detectable objects (blue), and the resulting fits using a truncated likelihood method (green, as in Sec. 3.3). The results clearly show that, independently of whether the underlying population follows the Reines & Volonteri (2015) relation (right panel) or the Kormendy & Ho (2013) re- 2 This number is chosen to be comparable to the size of the observed sample ( ∼ 40 objects) and slightly larger to reduce smallnumber fluctuations in the MC realizations. lation (left panel), our methodology recovers the original trend with in the statistical uncertainties after applying the detectability threshold (see Appendix ∼ A for the full posterior distributions). In both cases, the post-cut population remains broadly consistent with the input relation, and the fitting methods reproduce the correct normalization and slope with in the",3.2.Testing the recovery of local scaling relations,3.2.Testing the recovery of local scaling relations,,,,,A Selection Aware View of Black Hole-Galaxy Coevolution at High Redshift,"Francesco Ziparo, Stefano Carniani, Simona Gallerani, Bartolomeo Trefoloni",astro-ph.GA,2026-03-04T18:25:51Z,http://arxiv.org/abs/2603.04358v1,2603.04358,distribution_functions,234,180,False,False,420,600,False,3.0
astrobench_98f72fa560,astrobench_98f72fa560_chunk_008,8,"therefore nearly indistinguishable. The orange dashed curves indicate the detectability boundaries. Solid green and red lines show the input relations, whereas the solid blue lines represent the best-fit relations obtained with our truncated-likelihood model. The blue dotted lines show the best fit obtained without accounting for truncation, and the blue dashed lines indicate the mean result over 50 realizations of our model. In both cases, our method successfully recovers the input relation with in the uncertainties. & Volonteri 2015; Pacucci et al. 2023). Each source is associated with one of the two detection thresholds derived from the maps described in Sec.2. The two orange dotted curves illustrate the dynamic detectability cut adopted in our analysis, combining the thresholds corresponding to different noise levels as motivated in Sec.2. The best-fitting relation obtained with the truncatedlikelihood model (Sec.2), shown as the solid blue line, lies significantly above the low-normalization relation of Reines & Volonteri (2015, green dashed), and is instead consistent with in the uncertainties with the local Kormendy & Ho (2013, red dashed) relation. At the same time, it remains slightly",3.3.Inferring the M BH -M⋆ relation,3.3.Inferring the M BH -M⋆ relation,,,,,A Selection Aware View of Black Hole-Galaxy Coevolution at High Redshift,"Francesco Ziparo, Stefano Carniani, Simona Gallerani, Bartolomeo Trefoloni",astro-ph.GA,2026-03-04T18:25:51Z,http://arxiv.org/abs/2603.04358v1,2603.04358,distribution_functions,234,180,False,False,280,460,False,3.0
astrobench_98f72fa560,astrobench_98f72fa560_chunk_009,9,"This relatively wide range reflects the large intrinsic scatter and illustrates the diversity of BH-to-host mass ratios at early cosmic times. The posterior distributions also show minimal degeneracy between β and σ, demonstrating that the data constra in both the slope and the intrinsic dispersion. The inclusion of detectability cuts in the likelihood ensures that the recovered normalization is not artificially boosted by selection effects, representing a key improvement over previous analyses that neglected modeling detectability effects. Overall, this analysis provides a statistically robust characterization of the M BH- M⋆ relation at z ≳ 4, consistent with local scaling laws in slope and normalization, but with clear evidence for increased intrinsic scatter compared to the nearby Universe.",3.3.Inferring the M BH -M⋆ relation,3.3.Inferring the M BH -M⋆ relation,,,,,A Selection Aware View of Black Hole-Galaxy Coevolution at High Redshift,"Francesco Ziparo, Stefano Carniani, Simona Gallerani, Bartolomeo Trefoloni",astro-ph.GA,2026-03-04T18:25:51Z,http://arxiv.org/abs/2603.04358v1,2603.04358,distribution_functions,153,117,False,False,840,957,False,3.0
astrobench_98f72fa560,astrobench_98f72fa560_chunk_010,10,"floor: even galaxies with identical stellar masses may beg in with systematically different BH masses simply because they originate from different seeds. Numerical experiments show that this imprint can represent a nonnegligible fraction of the total scatter at early times, before accretion-driven regulation and repeated assembly events have had time to dominate the evolution (Zhu & Springel 2025; Bhowmick et al. 2025). As a result, during the first ≲ 1 Gyr of cosmic time, residual seed-to-seed differences can still contribute appreciably to the observed dispersion, while at later epochs their impact becomes progressively subdominant. Measurements of the high-redshift intrinsic scatter therefore offer a direct probe of the breadth of the underlying seed mass function.",F.Ziparo et al.: A Selection Aware View of Black Hole–Galaxy Coevolution at High Redshift,F.Ziparo et al.: A Selection Aware View of Black Hole–Galaxy Coevolution at High Redshift,,,,,A Selection Aware View of Black Hole-Galaxy Coevolution at High Redshift,"Francesco Ziparo, Stefano Carniani, Simona Gallerani, Bartolomeo Trefoloni",astro-ph.GA,2026-03-04T18:25:51Z,http://arxiv.org/abs/2603.04358v1,2603.04358,distribution_functions,149,114,False,False,280,394,False,3.0
astrobench_98f72fa560,astrobench_98f72fa560_chunk_011,11,"applied to the same underlying data. Overall, this comparison suggests that the apparent evidence for overmassive black holes and strong evolution of the M BH– M⋆ relation at high redshift is closely linked to the adopted selection model, underscoring the importance of a detailed and physically motivated treatment of line detectability. A complementary perspective is provided by the population-based forward-modeling study of Li et al. (2025), which investigates the M BH- M⋆ relation at 4 < z < 7 by explicitly accounting for selection effects, measurement uncertainties, and the underlying distributions of galaxy mass and AGN accretion properties. Despite the substantially different modeling strategy, their analysis similarly finds that the observed population of apparently overmassive black holes can be interpreted as the detectable upper envelope of an underlying mass relation broadly consistent with the local normalization, with a large population of lower-mass black holes remaining undetected. Compared to Li et al. (2025), our study is based on a larger and more homogeneous spectroscopic sample from JADES and directly models the detectability of broad H α emission at the object level.",5.Comparison with previous works,5.Comparison with previous works,,,,,A Selection Aware View of Black Hole-Galaxy Coevolution at High Redshift,"Francesco Ziparo, Stefano Carniani, Simona Gallerani, Bartolomeo Trefoloni",astro-ph.GA,2026-03-04T18:25:51Z,http://arxiv.org/abs/2603.04358v1,2603.04358,distribution_functions,234,180,False,False,560,740,False,3.0
astrobench_98f72fa560,astrobench_98f72fa560_chunk_012,12,"our analysis is based on a larger and more heterogeneous spectroscopic sample from JADES that primarily probes lower-mass black holes and host galaxies. The two datasets therefore probe complementary regimes in BH and stellar mass. Despite differences in sample selection and modeling strategy, both analyses reach consistent conclusions: the apparently overmassive SMBHs relative to their host galaxies can be explained as the result of selection effects acting on an underlying mass relation broadly consistent with the local normalization, provided that the intrinsic scatter is large (see also Roberts et al. 2026).",5.Comparison with previous works,5.Comparison with previous works,,,,,A Selection Aware View of Black Hole-Galaxy Coevolution at High Redshift,"Francesco Ziparo, Stefano Carniani, Simona Gallerani, Bartolomeo Trefoloni",astro-ph.GA,2026-03-04T18:25:51Z,http://arxiv.org/abs/2603.04358v1,2603.04358,distribution_functions,119,91,False,False,980,1071,False,3.0
astrobench_98f72fa560,astrobench_98f72fa560_chunk_013,13,"A Selection Aware View of Black Hole-Galaxy Coevolution at High Redshift F.Ziparo et al.: A Selection Aware View of Black Hole–Galaxy Coevolution at High Redshift surveys, and will be essential for deriving robust constraints on SMBH–galaxy scaling laws in the high-redshift regime. Finally, we note that our results are based on a relatively small sample, and uncertainties rema in significant. Larger samples of broad-line AGN at z ≳ 4, combined with improved stellar mass estimates and complementary restUV diagnostics, will be required to confirm the increased scatter and to map its evolution with redshift. Upcoming JWST programs, together with future facilities such as Euclid, the Roman Space Telescope, will provide the necessary data to refine these constraints. In summary, our findings suggest that the M BH- M⋆ relation was already in place by z ∼ 4 − 6 at a level consistent with the local Kormendy & Ho (2013) relation, but with substantially larger intrinsic scatter. Kormendy, J. & Ho, L. C. 2013, ARA&A, 51, 511 - Lauer, T. R., Tremaine, S., Richstone, D., & Faber, S. M. 2007, ApJ,",F.Ziparo et al.: A Selection Aware View of Black Hole–Galaxy Coevolution at High Redshift,F.Ziparo et al.: A Selection Aware View of Black Hole–Galaxy Coevolution at High Redshift,,,,,A Selection Aware View of Black Hole-Galaxy Coevolution at High Redshift,"Francesco Ziparo, Stefano Carniani, Simona Gallerani, Bartolomeo Trefoloni",astro-ph.GA,2026-03-04T18:25:51Z,http://arxiv.org/abs/2603.04358v1,2603.04358,distribution_functions,234,180,False,False,0,180,False,3.0
astrobench_98f72fa560,astrobench_98f72fa560_chunk_014,14,"of 2. 4 × 10 [−]20 erg s [−]1 cm [−]2 Å [−]1. The map reveals a gradual transition between detectable and non-detectable regimes, rather than a sharp threshold. In regions just above the detection boundary, broad-line components are only recovered in a subset ( ∼ 30%) of realizations, typically those with higher λ Edd or lower host galaxy SFRs. This reflects the underlying degeneracy in parameter space: the detectability of broad H α emission does not depend solely on BH mass or the host galaxy properties, but on their combined effect. Since each cell of the map represents the average over multiple realizations with different parameters, broad components are recovered only under favorable conditions. The uneven distribution of these favorable configurations across the M BH– M⋆ plane gives rise to the overall gradient in detectability and sets the overall structure of the transition between detectable and undetectable regions described below. At fixed stellar mass, detectability increases steeply with black hole mass. In the low-mass regime ( M⋆ ≲ 1010 M⊙ ), even relatively small BHs ( M BH ∼",3.1.Detectability mapping,3.1.Detectability mapping,,,,,A Selection Aware View of Black Hole-Galaxy Coevolution at High Redshift,"Francesco Ziparo, Stefano Carniani, Simona Gallerani, Bartolomeo Trefoloni",astro-ph.GA,2026-03-04T18:25:51Z,http://arxiv.org/abs/2603.04358v1,2603.04358,distribution_functions,234,180,False,False,140,320,False,2.0
astrobench_98f72fa560,astrobench_98f72fa560_chunk_015,15,"structure of the transition between detectable and undetectable regions described below. At fixed stellar mass, detectability increases steeply with black hole mass. In the low-mass regime ( M⋆ ≲ 1010 M⊙ ), even relatively small BHs ( M BH ∼ 106 [−]7 M⊙ ) can be reliably detected, as the Hα emission associated with the host galaxy is weaker and broad-line features st and out more clearly. In contrast, at higher stellar masses ( M⋆ ≳ 1011 M⊙ ), the detection threshold shifts upward: only the most massive BHs ( M BH ≳ 108 M⊙ ) rema in detectable, while those with log( M BH /M⊙ ) ≲ 7. 5 become increasingly difficult to recover due to the stronger and broader hostgalaxy component. This counterintuitive behavior arises because more massive galaxies have higher gas velocity dispersions, making the broad component of small BHs comparable to the narrow component associated with the host galaxy, and thus difficult to disentangle the two components in the line fitting. The two panels of Fig. 2 also illustrate how the detectability boundary, shown as solid",3.1.Detectability mapping,3.1.Detectability mapping,,,,,A Selection Aware View of Black Hole-Galaxy Coevolution at High Redshift,"Francesco Ziparo, Stefano Carniani, Simona Gallerani, Bartolomeo Trefoloni",astro-ph.GA,2026-03-04T18:25:51Z,http://arxiv.org/abs/2603.04358v1,2603.04358,distribution_functions,234,180,False,False,280,460,False,2.0
astrobench_98f72fa560,astrobench_98f72fa560_chunk_016,16,"after applying the detectability threshold (see Appendix ∼ A for the full posterior distributions). In both cases, the post-cut population remains broadly consistent with the input relation, and the fitting methods reproduce the correct normalization and slope with in the associated errors. This experiment, therefore, validates our inference framework: the controlled tests demonstrate that our methodology can reliably recover the input relations with in the expected uncertainties. We are thus confident that the approach can be robustly applied to the JADES sample to probe the scaling relation at high redshift.",3.2.Testing the recovery of local scaling relations,3.2.Testing the recovery of local scaling relations,,,,,A Selection Aware View of Black Hole-Galaxy Coevolution at High Redshift,"Francesco Ziparo, Stefano Carniani, Simona Gallerani, Bartolomeo Trefoloni",astro-ph.GA,2026-03-04T18:25:51Z,http://arxiv.org/abs/2603.04358v1,2603.04358,distribution_functions,117,90,False,False,560,650,False,2.0
astrobench_98f72fa560,astrobench_98f72fa560_chunk_017,17,"A Selection Aware View of Black Hole-Galaxy Coevolution at High Redshift 3.3.Inferring the M BH -M⋆ relation Here, we present the inference of the M BH– M⋆ scaling relation using the broad-line AGN sample compiled by (Juodžbalis et al. 2025a) from the JADES spectroscopic survey. We restrict the analysis to sources identified with in the uniform survey observations, excluding individually targeted or follow-up pointings, in order to reta in a homogeneous and statistically representative population and enable a consistent modeling of the selection function and line detectability. The parent catalog already incorporates previously reported objects from other JWST programs (e.g. Early Release Observations; Harikane et al. 2023), which are treated consistently with in the same framework. This choice yields a more homogeneous and statistically representative population, avoiding cherry-picked observations and enabling a consistent modeling of the detectability of broad H α emission across the dataset. Fig.4 shows the distribution of sources in the M BH- M⋆ plane, overlaid with several reference relations (Kormendy & Ho 2013; Reines Article number, page 6 of 12 F. Ziparo et al.: A Selection Aware",3.3.Inferring the M BH -M⋆ relation,3.3.Inferring the M BH -M⋆ relation,,,,,A Selection Aware View of Black Hole-Galaxy Coevolution at High Redshift,"Francesco Ziparo, Stefano Carniani, Simona Gallerani, Bartolomeo Trefoloni",astro-ph.GA,2026-03-04T18:25:51Z,http://arxiv.org/abs/2603.04358v1,2603.04358,distribution_functions,234,180,False,False,0,180,False,2.0
astrobench_98f72fa560,astrobench_98f72fa560_chunk_018,18,"area marking the 68% credible interval. The comparison highlights that while the inferred slope and normalization are consistent with local scaling relations, the intrinsic scatter is significantly larger, indicating that the dominant evolution at z ≳ 4 lies in the dispersion of the relation rather than in its mean trend. this population-wide averaging remains inefficient, and the M BH– M⋆ relation therefore retains a comparatively large intrinsic scatter. A third contribution to the intrinsic dispersion is set by the initial conditions of the BH population. If BHs are seeded over a broad mass range ( ∼ 102 –105, M⊙; Madau et al. 1998; Ferrara et al. 2014; Lupi et al. 2014), this diversity directly establishes a non-zero scatter in M BH already at formation, independently of subsequent growth. In this sense, the seed mass distribution acts as an initial variance floor: even galaxies with identical stellar masses may beg in with systematically different BH masses simply because they originate from different seeds. Numerical experiments show that this imprint can represent a nonnegligible fraction of the total scatter at early times,",F.Ziparo et al.: A Selection Aware View of Black Hole–Galaxy Coevolution at High Redshift,F.Ziparo et al.: A Selection Aware View of Black Hole–Galaxy Coevolution at High Redshift,,,,,A Selection Aware View of Black Hole-Galaxy Coevolution at High Redshift,"Francesco Ziparo, Stefano Carniani, Simona Gallerani, Bartolomeo Trefoloni",astro-ph.GA,2026-03-04T18:25:51Z,http://arxiv.org/abs/2603.04358v1,2603.04358,distribution_functions,234,180,False,False,140,320,False,2.0
astrobench_98f72fa560,astrobench_98f72fa560_chunk_019,19,"A Selection Aware View of Black Hole-Galaxy Coevolution at High Redshift 5.Comparison with previous works Several recent studies have investigated the evolution of the M BH– M⋆ relation in the JWST era. In this section, we compare our results with the most relevant works, focusing in particular on how different treatments of observational selection effects impact the inferred scaling relations. A key aspect of our approach is the explicit forward modeling of the H α detectability, which enables a quantitative assessment of how detection biases shape the observed distribution of broad-line AGN in the (log M⋆, log M BH) plane. A recent analysis of JWST-identified broad-line AGN at 3 < z < 7 has investigated the M BH– M⋆ relation with in a Bayesian truncated-likelihood framework (Jones et al. 2025), building on earlier methodological developments (Pacucci et al. 2023). This study is methodologically similar to ours in several respects, including the use of single-epoch virial black hole mass estimates based on the broad H α line and an explicit attempt to account for observational selection effects, making it a natural",5.Comparison with previous works,5.Comparison with previous works,,,,,A Selection Aware View of Black Hole-Galaxy Coevolution at High Redshift,"Francesco Ziparo, Stefano Carniani, Simona Gallerani, Bartolomeo Trefoloni",astro-ph.GA,2026-03-04T18:25:51Z,http://arxiv.org/abs/2603.04358v1,2603.04358,distribution_functions,234,180,True,False,0,180,False,2.0
astrobench_98f72fa560,astrobench_98f72fa560_chunk_020,20,"study is methodologically similar to ours in several respects, including the use of single-epoch virial black hole mass estimates based on the broad H α line and an explicit attempt to account for observational selection effects, making it a natural point of comparison. A key difference, however, lies in the modeling of the selection function. In that analysis, the truncation of the likelihood is implemented through a fixed lower threshold in black hole mass, motivated by the sensitivity of JWST to broad H α emission. In contrast, our analysis models the detectability of the broad H α component explicitly through forward modeling, resulting in a selection function that varies continuously across the (log M⋆, log M BH) parameter space. Because the detectability of broad emission lines depends on multiple physical properties, such as host galaxy mass and accretion state, a fixed lower mass threshold represents a simplified approximation that can bias the inferred relation. The two studies also adopt partially different samples. While our primary analysis is based on an independent dataset, we have carried out a direct comparison by",5.Comparison with previous works,5.Comparison with previous works,,,,,A Selection Aware View of Black Hole-Galaxy Coevolution at High Redshift,"Francesco Ziparo, Stefano Carniani, Simona Gallerani, Bartolomeo Trefoloni",astro-ph.GA,2026-03-04T18:25:51Z,http://arxiv.org/abs/2603.04358v1,2603.04358,distribution_functions,234,180,False,False,140,320,False,2.0
astrobench_98f72fa560,astrobench_98f72fa560_chunk_021,21,"can be explained by a relation with substantial intrinsic scatter combined with selection effects, rather than by a systematic evolution of the mean relation. A further complementary comparison comes from the population-based analysis of Silverman et al. (2025), which focuses on constraining the intrinsic scatter of the M BH– M⋆ relation at high redshift. In that work, the joint effects of the stellar mass function, Eddington ratio distribution, AGN duty cycle, and observational selection are modeled to reproduce the observed properties of high-redshift quasars. Their results show that models with a normalization broadly consistent with the local M BH– M⋆ relation and a large intrinsic scatter can naturally reproduce the observed quasar population, without requiring a systematically elevated black hole mass normalization. While Silverman et al. (2025) focus on a smaller sample of luminous, massive quasars at z > 6, our analysis is based on a larger and more heterogeneous spectroscopic sample from JADES that primarily probes lower-mass black holes and host galaxies. The two datasets therefore probe complementary regimes in BH and stellar mass. Despite differences in sample selection",5.Comparison with previous works,5.Comparison with previous works,,,,,A Selection Aware View of Black Hole-Galaxy Coevolution at High Redshift,"Francesco Ziparo, Stefano Carniani, Simona Gallerani, Bartolomeo Trefoloni",astro-ph.GA,2026-03-04T18:25:51Z,http://arxiv.org/abs/2603.04358v1,2603.04358,distribution_functions,234,180,False,False,840,1020,False,2.0
astrobench_98f72fa560,astrobench_98f72fa560_chunk_022,22,"level consistent with the local Kormendy & Ho (2013) relation, but with substantially larger intrinsic scatter. Kormendy, J. & Ho, L. C. 2013, ARA&A, 51, 511 - Lauer, T. R., Tremaine, S., Richstone, D., & Faber, S. M. 2007, ApJ, 670, 249 - Li, J., Silverman, J. D., Shen, Y., et al. 2025, ApJ, 981, 19 - Lupi, A., Colpi, M., Devecchi, B., Galanti, G., & Volonteri, M. 2014, MNRAS, 442, 3616 - Lusso, E., Comastri, A., Simmons, B. D., et al. 2012, MNRAS, 425, 623 - Madau, P. & Dickinson, M. 2014, ARA&A, 52, 415 - Madau, P., Pozzetti, L., & Dickinson, M. 1998, ApJ, 498, 106 - Magorrian, J., Tremaine, S., Richstone, D., et al. 1998, The Astronomical Journal, 115, 2285 - Maiolino, R., Scholtz, J., Curtis-Lake, E., et al. 2024, A&A, 691, A145 - Matthee, J., Naidu, R. P., Brammer, G., et al. 2024, ApJ, 963, 129 - Merloni, A., Bongiorno, A., Bolzonella, M., et al. 2010, ApJ, 708, 137 - Pacucci, F., Nguyen, B., Carniani, S., Maiolino, R., & Fan, X. 2023, ApJ, 957, L3 -",F.Ziparo et al.: A Selection Aware View of Black Hole–Galaxy Coevolution at High Redshift,F.Ziparo et al.: A Selection Aware View of Black Hole–Galaxy Coevolution at High Redshift,,,,,A Selection Aware View of Black Hole-Galaxy Coevolution at High Redshift,"Francesco Ziparo, Stefano Carniani, Simona Gallerani, Bartolomeo Trefoloni",astro-ph.GA,2026-03-04T18:25:51Z,http://arxiv.org/abs/2603.04358v1,2603.04358,distribution_functions,234,180,False,False,140,320,False,2.0
astrobench_98f72fa560,astrobench_98f72fa560_chunk_023,23,"crucially for our science case, the scatter σ int is robustly recovered even after applying stringent detectability cuts. This result underpins our ma in finding that the intrinsic scatter of the M BH– M⋆ relation at z ≳ 4 is more than a factor of two larger than in the local Kormendy & Ho (2013) relation. The increase in scatter therefore reflects genuine astrophysical diversity rather than an artifact of the inference framework. Article number, page 12 of 12",Appendix A: Posterior distributions from the recovery tests,Appendix A: Posterior distributions from the recovery tests,,,,,A Selection Aware View of Black Hole-Galaxy Coevolution at High Redshift,"Francesco Ziparo, Stefano Carniani, Simona Gallerani, Bartolomeo Trefoloni",astro-ph.GA,2026-03-04T18:25:51Z,http://arxiv.org/abs/2603.04358v1,2603.04358,distribution_functions,103,79,False,False,280,359,False,2.0
astrobench_98f72fa560,astrobench_98f72fa560_chunk_024,24,"R. P., Brammer, G., et al. 2024, ApJ, 963, 129 - Merloni, A., Bongiorno, A., Bolzonella, M., et al. 2010, ApJ, 708, 137 - Pacucci, F., Nguyen, B., Carniani, S., Maiolino, R., & Fan, X. 2023, ApJ, 957, L3 - Reines, A. E., Greene, J. E., & Geha, M. 2013, ApJ, 775, 116 - Reines, A. E. & Volonteri, M. 2015, ApJ, 813, 82",F.Ziparo et al.: A Selection Aware View of Black Hole–Galaxy Coevolution at High Redshift,F.Ziparo et al.: A Selection Aware View of Black Hole–Galaxy Coevolution at High Redshift,,,,,A Selection Aware View of Black Hole-Galaxy Coevolution at High Redshift,"Francesco Ziparo, Stefano Carniani, Simona Gallerani, Bartolomeo Trefoloni",astro-ph.GA,2026-03-04T18:25:51Z,http://arxiv.org/abs/2603.04358v1,2603.04358,distribution_functions,84,64,False,False,280,344,False,1.0
astrobench_a877243f10,astrobench_a877243f10_chunk_000,0,"Distribution functions for spheroids 1 INTRODUCTION The extent and quality of the data that are available for both our Galaxy and external galaxies has increased enormously in the last few years. In the case of the Milky Way, the Gaia data releases (Gaia Collaboration & Brown 2018; Gaia Collaboration et al. 2023) and data released by several spectroscopic surveys (Steinmetz et al. 2020; Deng et al. 2012; Abdurro’uf et al. 2022; Buder et al. 2025) have enabled us to study the chemodynamics of our archetypal Galaxy in extraordinary detail. Meanwhile, a new generation of integral field units (IFUs) has dramatically increased our ability to dissect neighbouring galaxies (e.g. Jin et al. 2024; Santucci et al. 2024). Notwithstanding these dramatic observational advances, the available data rema in incomplete, are marred by non-negligible uncertainties and influenced by observational biases. The surest way to manage these limitations is to model them with the aid of dynamical models. In its purest form this process involves fitting a model of sufficient sophistication to the data, errors, biases and all. The more advanced the data are,",1 INTRODUCTION,1 INTRODUCTION,,,,,Distribution functions for spheroids,James Binney,astro-ph.GA,2026-02-26T15:41:51Z,http://arxiv.org/abs/2602.23127v1,2602.23127,distribution_functions,234,180,False,False,0,180,True,5.0
astrobench_a877243f10,astrobench_a877243f10_chunk_001,1,"to manage these limitations is to model them with the aid of dynamical models. In its purest form this process involves fitting a model of sufficient sophistication to the data, errors, biases and all. The more advanced the data are, the more sophisticated must be the models fitted. For example, if the data suffice only to constra in the first three moments of the distribution function (DF), namely the luminosity density, the mean velocity and the velocity dispersion, models constructed from the Jeans equations suffice (e.g. Binney et al. 1990; Li et al. 2023; Pickett et al. 2025). Gaia data yield the full velocity distributions at large numbers of locations, and Jeans ⋆ E-mail: James.Binney@physics.ox.ac.uk modelling cannot adequately interpret such data. Moreover the availability of spectroscopy for huge numbers of stars enables us to probe the dynamics of many different populations with in the Milky Way, so models need to furnish predictions for several populations that are confined by a common gravitational potential. Such models can be constructed in several ways. A popular approach is N-body modelling. Unless several million",1 INTRODUCTION,1 INTRODUCTION,,,,,Distribution functions for spheroids,James Binney,astro-ph.GA,2026-02-26T15:41:51Z,http://arxiv.org/abs/2602.23127v1,2602.23127,distribution_functions,234,180,False,False,140,320,True,5.0
astrobench_a877243f10,astrobench_a877243f10_chunk_002,2,"populations with in the Milky Way, so models need to furnish predictions for several populations that are confined by a common gravitational potential. Such models can be constructed in several ways. A popular approach is N-body modelling. Unless several million particles are employed, Poisson noise in the gravitational potential is unacceptably large (e.g. Aumer et al. 2016), so this is inevitably an expensive technique. Moreover, in its standard form the connection between the initial conditions and the final model is opaque, so it is hard to fit a model to given data. Such fits have been achieved by the Made to Measure (M2M) technique (Syer & Tremaine 1996; de Lorenzi et al. 2007) in which the weights of particles are adjusted to optimise the fit to data, but only with a great deal of painstaking labour (e.g. Portail et al. 2017). Another popular, and slightly less labour-intensive approach to galaxy modelling is Schwarzschild’s technique (Schwarzschild 1979), which has been applied to significant numbers of galaxies in the Sauron (Emsellem et al. 2007), califa (S´anchez et al. 2012), atlas 3D (Cappellari",1 INTRODUCTION,1 INTRODUCTION,,,,,Distribution functions for spheroids,James Binney,astro-ph.GA,2026-02-26T15:41:51Z,http://arxiv.org/abs/2602.23127v1,2602.23127,distribution_functions,234,180,True,False,280,460,True,5.0
astrobench_a877243f10,astrobench_a877243f10_chunk_003,3,"2017). Another popular, and slightly less labour-intensive approach to galaxy modelling is Schwarzschild’s technique (Schwarzschild 1979), which has been applied to significant numbers of galaxies in the Sauron (Emsellem et al. 2007), califa (S´anchez et al. 2012), atlas 3D (Cappellari 2011), sami (Bryant et al. 2012), and MANGA (Bundy et al. 2015) surveys (e.g. van den Bosch et al. 2008; Cappellari 2016; Zhu et al. 2018; Jin et al. 2024; Santucci et al. 2024). Here we develop a third approach to galaxy modelling, f (J) modelling. In this approach, which has been applied to the Milky Way (Binney 2010, 2012; Piffl et al. 2014, 2015; Binney & Piffl 2015; Binney & Wong 2017; Binney 2018; Vasiliev 2019b; Li & Binney 2022a,b; Binney & Vasiliev © 0000 RAS 2 2023, 2024), to dwarf spheroidal galaxies (Pascale et al. 2018, 2019, 2024), and to globular clusters (Della Croce et al. 2024), one assigns an analytic function of the action integrals to each of a galaxy’s components as its DF, and then determines the observables by integrating over velocities. In early work, the",1 INTRODUCTION,1 INTRODUCTION,,,,,Distribution functions for spheroids,James Binney,astro-ph.GA,2026-02-26T15:41:51Z,http://arxiv.org/abs/2602.23127v1,2602.23127,distribution_functions,234,180,True,False,420,600,True,5.0
astrobench_a877243f10,astrobench_a877243f10_chunk_004,4,"and to globular clusters (Della Croce et al. 2024), one assigns an analytic function of the action integrals to each of a galaxy’s components as its DF, and then determines the observables by integrating over velocities. In early work, the galaxy’s gravitational potential was assumed up front as in Schwarzschild modelling, but latterly the gravitational potential jointly generated by the components has usually been obtained by solving Poisson’s equation. The agama software package (Vasiliev 2019a) makes the use of the self-consistently generated potential straightforward and Key for the success of f (J) modelling is the availability of a library of functional forms that can be used for the DFs of disc, bulge dark and stellar haloes, etc. Very satisfactory fits to data for the solar neighbourhood were obtained with the ‘quasi-isothermal’ DF for discs, which was introduced by Binney (2010) and refined by Binney & McMillan (2011). Binney & Vasiliev (2023) proposed an improvement on the quasi-isothermal DF and used it to model the large-scale structure of the Galactic disc. Disc DFs can plausible vanish as Jφ → 0 and",1 INTRODUCTION,1 INTRODUCTION,,,,,Distribution functions for spheroids,James Binney,astro-ph.GA,2026-02-26T15:41:51Z,http://arxiv.org/abs/2602.23127v1,2602.23127,distribution_functions,234,180,False,False,560,740,True,5.0
astrobench_a877243f10,astrobench_a877243f10_chunk_005,5,"and refined by Binney & McMillan (2011). Binney & Vasiliev (2023) proposed an improvement on the quasi-isothermal DF and used it to model the large-scale structure of the Galactic disc. Disc DFs can plausible vanish as Jφ → 0 and in this way avoid a problem with current DFs for spheroidal systems, which is the topic of this paper. Posti et al. (2015) introduced the ‘double-power-law’ DF for spheroids, and demonstrated that it can generate Hernquist (1990) and NFW (Navarro et al. 1997) components. Pascale et al. (2018) introduced the ‘exponential’ form, which generates dwarf spheroidal galaxies and used it to probe the structure of the dark haloes of these galaxies. Unfortunately, these forms can be safely used only for systems with essentially isotropic velocity distributions. Here we expla in why this is the case and introduce DFs that work also in the case of velocity anisotropy. It is convenient to break the DF of an axisymmetric model in to parts that are even and odd functions of Jφ. The odd part determines the rotation of the model but plays",1 INTRODUCTION,1 INTRODUCTION,,,,,Distribution functions for spheroids,James Binney,astro-ph.GA,2026-02-26T15:41:51Z,http://arxiv.org/abs/2602.23127v1,2602.23127,distribution_functions,234,180,True,False,700,880,True,5.0
astrobench_a877243f10,astrobench_a877243f10_chunk_006,6,"also in the case of velocity anisotropy. It is convenient to break the DF of an axisymmetric model in to parts that are even and odd functions of Jφ. The odd part determines the rotation of the model but plays no part in determining the density (e.g Binney & Tremaine 2008). Here we focus on the even part, which implicitly defines a non-rotating but possibly flattened stellar system. Section 2 defines the problem to be addressed. Section 3 investigates it analytically. Section 4 solves the problem for spherical systems. Section 5 offers a solution for flattened systems. Section 6 presents self-consistent models rather than components that are confined by an externally generated potential, finding that radial bias in a self-consistent system flattens the even when its DF is f (Jr, L). Section 7 asks whether the conditions on f are still satisfied after the potential has been adiabatically deformed. Section 8 sums up and suggests directions for further work.",1 INTRODUCTION,1 INTRODUCTION,,,,,Distribution functions for spheroids,James Binney,astro-ph.GA,2026-02-26T15:41:51Z,http://arxiv.org/abs/2602.23127v1,2602.23127,distribution_functions,207,159,False,False,840,999,True,5.0
astrobench_a877243f10,astrobench_a877243f10_chunk_007,7,"addition to its stated achievement it ensures that as the centre is approached, the velocity distribution in any spherical model tends smoothly to the isotropic central distribution. The latter depends only on the dependence of f on Jr at L = 0, while infinitesimally away from the centre the dependence of f on L has a big influence on the distribution of tangential components vt. A smooth transition to isotropy at the centre is possible only if the structure of the DF for small L is constrained by equation (12).",3.1 Spherical models,3.1 Spherical models,,,,,Distribution functions for spheroids,James Binney,astro-ph.GA,2026-02-26T15:41:51Z,http://arxiv.org/abs/2602.23127v1,2602.23127,distribution_functions,117,90,False,True,280,370,True,5.0
astrobench_a877243f10,astrobench_a877243f10_chunk_008,8,spheroids 7 Figure 5. Top row: a population of test particles with DF f (h0[J]) trapped in a spherical double power-law potential. In the left panel the red curve shows the density distribution that generates the potential and the black curve shows the density of test particles. The square marks the point at which d ln ρ/d ln r = −2. The middle panel shows the radial and tangential velocity dispersions in this isotropic model. In the right panel black and overplotted orange curves show the distribution of vR and vt velocity components 10 kpc from the centre. The dashed red curve shows the Gaussian with the same standard deviation as N (vt). Centre row: the same diagnostics for a population of test particles with DF f (h2[J]) with βv = 1 trapped in the same potential. In the right panel the dashed red curve shows the Gaussian with the same standard deviation as he orange distribution of vt. Bottom row: as the middle row but for a tangentially biased population with f (h1[J]) with negative βv = −0.5. The,5 OBLATE MODELS,5 OBLATE MODELS,,,,,Distribution functions for spheroids,James Binney,astro-ph.GA,2026-02-26T15:41:51Z,http://arxiv.org/abs/2602.23127v1,2602.23127,distribution_functions,234,180,False,True,420,600,True,5.0
astrobench_a877243f10,astrobench_a877243f10_chunk_009,9,"Distribution functions for spheroids 6 SELF-CONSISTENT MODELS To this point we have considered populations that are confined by given gravitational potentials. Now we consider models in which the potential is generated by the population itself. The upper panel of Fig. 9 shows the density ρ(R, z) of a self-consistent halo with NFW-like DF. The model’s velocity distribution is nearly isotropic: at the location of the Sun its velocity dispersions are (σR, σz, σφ) = (152, 150, 146) km s[−]1 and its density distribution is very nearly spherical. The lower panel of Fig. 9 shows the result of reducing the coefficient of Jr in the definition of the quantity J defined by equation (2) from 1.4 to 0.5. This change creates radial bias such that the velocity dispersions at the Sun become (σR, σz, σφ) = (134, 100, 102) km s[−]1 and the model becomes markedly oblate. Given that the DF depends on Jz + |Jφ|, which, in the case of a spherical potential, corresponds to the total angular momentum L, the oblateness of this model is surprising: the natural expectation",6 SELF-CONSISTENT MODELS,6 SELF-CONSISTENT MODELS,,,,,Distribution functions for spheroids,James Binney,astro-ph.GA,2026-02-26T15:41:51Z,http://arxiv.org/abs/2602.23127v1,2602.23127,distribution_functions,234,180,False,True,0,180,True,5.0
astrobench_a877243f10,astrobench_a877243f10_chunk_010,10,"and the model becomes markedly oblate. Given that the DF depends on Jz + |Jφ|, which, in the case of a spherical potential, corresponds to the total angular momentum L, the oblateness of this model is surprising: the natural expectation is that the model would be spherical but radially biased rather than flattened. Construction of a series of models in which the coefficient of Jr in equation (2) was gradually increased from 0.5, revealed that the model’s axis ratio c/a smoothly moved towards, but never quite reached unity. Fig. 10 shows the © 0000 RAS, MNRAS 000, 000–000 8 Figure 6. The same as the top right and middle right panels of Fig. 5 but at r = 50 kpc. In the ergodic model the distribution of vz, plotted in orange, almost completely obscures those of vR and vφ, plotted in black and cyan. The distributions differ significantly from the Gaussian with the same standard deviation, plotted in broken red. In the radially biased model plotted below, the vt profile is pointed while that of vR is very flat-topped. Figure",6 SELF-CONSISTENT MODELS,6 SELF-CONSISTENT MODELS,,,,,Distribution functions for spheroids,James Binney,astro-ph.GA,2026-02-26T15:41:51Z,http://arxiv.org/abs/2602.23127v1,2602.23127,distribution_functions,234,180,False,True,140,320,True,5.0
astrobench_a877243f10,astrobench_a877243f10_chunk_011,11,"in black and cyan. The distributions differ significantly from the Gaussian with the same standard deviation, plotted in broken red. In the radially biased model plotted below, the vt profile is pointed while that of vR is very flat-topped. Figure 8. Velocity histograms in the equatorial plane at radii R = 5 kpc (upper panel) and R = 50 kpc (lower panel) in the model plotted in Fig. 7. axis ratio as a function of radius in the models shown in Fig. 9 and a third model in which the coefficient of Jr is 1.2. A natural concern is that the oblateness just reported when the DF depends on L is an artifact created by errors in the evaluation of actions by the St¨ackel Fudge. The impact of such errors can be assessed by using the same code to construct an isochrone sphere from the analytic DF f [H(J)] that’s available for the isochrone. The axis ratio c/a of the resulting model ranged from 1.02 near the centre to 0.98 at 20 kpc. Thus it is very unlikely that the",6 SELF-CONSISTENT MODELS,6 SELF-CONSISTENT MODELS,,,,,Distribution functions for spheroids,James Binney,astro-ph.GA,2026-02-26T15:41:51Z,http://arxiv.org/abs/2602.23127v1,2602.23127,distribution_functions,234,180,False,True,280,460,True,5.0
astrobench_a877243f10,astrobench_a877243f10_chunk_012,12,"Distribution functions for spheroids 8 CONCLUSIONS Although an axisymmetric model of a stellar system can be derived from any non-negative and normalisable function f (J), the model will be unphysical unless f satisfies the conditions of equation (16). These conditions serve both to ensure that histograms of vφ do not have cusps at vφ = 0 and to ensure that velocity distribution becomes appropriately symmetric near the centre and near the potential’s symmetry axis. In Section 3 we saw the need for non-trivial cancellations if ∂f/∂vφ is to vanish as vφ → 0, and by considering ergodic DFs we showed that these cancellations require the gradients of f with respect to the actions to mirror relations between the fundamental frequencies. Along the way, we established two interesting relations (17) and (18) between derivatives of actions with respect to velocities. In Section 4 we developed a procedure for generating ergodic DFs for spherical systems and then from these derived anisotropic DFs that satisfy the conditions of equation (16). In Section 5 we tackled the harder problem posed by flattened systems by",8 CONCLUSIONS,8 CONCLUSIONS,,,,,Distribution functions for spheroids,James Binney,astro-ph.GA,2026-02-26T15:41:51Z,http://arxiv.org/abs/2602.23127v1,2602.23127,distribution_functions,234,180,False,True,0,180,True,5.0
astrobench_a877243f10,astrobench_a877243f10_chunk_013,13,"by constructing self-consistent models with DFs that depend on J = aJr + L, where a is a free parameter and L = Jz + |Jφ|. When a ⩽ 1.4, the model is radially biased, the bias increasing as a diminishes. To our surprise, all radially biased models proved to be oblate – there appears to be no space for radially biased but spherical models. Concern that this result is an artifact produced by use of the St¨ackel Fudge to evaluate actions was allayed by the near sphericity of the isochrone model that the code constructed from the isochrone’s known analytic ergodic DF f (J). The oblateness of radially biased models with f (Jr, L) suggests that all radially biased spherical models are unstable to quadrupolar perturbations, but this possibility needs to be confirmed by considering a wider range of density profiles and use of linear-response theory to test for instability. Binney & Vasiliev (2023, 2024) used the agama software package to fit data from the second and third Gaia data releases and the 17 th data release from the",8 CONCLUSIONS,8 CONCLUSIONS,,,,,Distribution functions for spheroids,James Binney,astro-ph.GA,2026-02-26T15:41:51Z,http://arxiv.org/abs/2602.23127v1,2602.23127,distribution_functions,234,180,False,True,280,460,True,5.0
astrobench_a877243f10,astrobench_a877243f10_chunk_014,14,"density profiles and use of linear-response theory to test for instability. Binney & Vasiliev (2023, 2024) used the agama software package to fit data from the second and third Gaia data releases and the 17 th data release from the APOGEE survey with models in which each of our Galaxy’s components is defined by a DF f (J). The DFs of the stellar and dark haloes were chosen such that these components have nearly isotropic velocity distributions in order to avoid the unphysical features described in Section 2. The new DFs open the way to producing much more realistic models of our Galaxy’s stellar halo and to tightening constraints on the structure of the dark halo. N-body simulations of the clustering of dark matter strongly suggest that dark haloes are radially biased. From this fact and the results of Section 6 it follows that the dark halo should be quite oblate. Given that the halo’s contribution to the circular-speed curve vc(R) is already tightly constrained and flattening a halo at fixed mass increases vc, a flatter halo has to be",8 CONCLUSIONS,8 CONCLUSIONS,,,,,Distribution functions for spheroids,James Binney,astro-ph.GA,2026-02-26T15:41:51Z,http://arxiv.org/abs/2602.23127v1,2602.23127,distribution_functions,234,180,False,False,420,600,True,5.0
astrobench_a877243f10,astrobench_a877243f10_chunk_015,15,"Distribution functions for spheroids 3.1 Spherical models Let vt be the magnitude of the tangential component of velocity in a spherical system, and ask how ∂f/∂vt contrives to vanish as vt → 0 in a spherical model. Any spherical model has a DF that can in principle be expressed as f (Jr, L), where the total angular momentum is ==> picture [240 x 10] intentionally omitted <== In the ergodic case, equation (5) can be written ==> picture [181 x 48] intentionally omitted <== Differentiating the defining equation of Jr, we have ==> picture [239 x 24] intentionally omitted <== where rp ⩽ ra are the roots of the bottom of the integr and. As vt → 0, rp tends to zero and the contribution to the integral from the second term on the top becomes large for any finite r. In fact, the product of the rising integral and the prefactor vt tends to a non-zero limit. Appendix A shows that ==> picture [239 x 23] intentionally omitted <== © 0000 RAS, MNRAS 000, 000–000 4 so the two",3.1 Spherical models,3.1 Spherical models,,,,,Distribution functions for spheroids,James Binney,astro-ph.GA,2026-02-26T15:41:51Z,http://arxiv.org/abs/2602.23127v1,2602.23127,distribution_functions,234,180,False,True,0,180,True,4.5
astrobench_a877243f10,astrobench_a877243f10_chunk_016,16,"r. In fact, the product of the rising integral and the prefactor vt tends to a non-zero limit. Appendix A shows that ==> picture [239 x 23] intentionally omitted <== © 0000 RAS, MNRAS 000, 000–000 4 so the two terms in the bracket of equation (8) do cancel provided Ωr = 2Ωt. In the general spherical case we have ==> picture [239 x 21] intentionally omitted <== Since ∂Jr/∂vt is given by equation (10), the terms on the right will cancel as vt → 0 iff ==> picture [240 x 22] intentionally omitted <== Since the ratio on the right is precisely that appearing in the ergodic relations (4), we conclude that any physically acceptable DF of the form f (Jr, L) must tend to the ergodic DF as L → 0 This limiting condition achieves two things. In addition to its stated achievement it ensures that as the centre is approached, the velocity distribution in any spherical model tends smoothly to the isotropic central distribution. The latter depends only on the dependence of f on Jr at L",3.1 Spherical models,3.1 Spherical models,,,,,Distribution functions for spheroids,James Binney,astro-ph.GA,2026-02-26T15:41:51Z,http://arxiv.org/abs/2602.23127v1,2602.23127,distribution_functions,234,180,False,True,140,320,True,4.5
astrobench_a877243f10,astrobench_a877243f10_chunk_017,17,"Distribution functions for spheroids 3.2 Flattened models Consider now the kinematics of a model with DF f (J) that is confined by a possibly flattened potential. Instead of equation (5) we now have ==> picture [239 x 22] intentionally omitted <== where (R, z, φ) are cylindrical polar coordinates. Consideration of how this equation works as vφ → 0 is helped if we return to our analysis of the spherical case with f (Jr, L) but computing ∂f/∂vφ rather than ∂f/∂vt. One easily shows that - ∂L/∂vφ → 0 as vφ → 0 at Jz > 0 but ∂L/∂vφ →±R - when Jz = 0; • the derivative of L behaves thus because in equation (13) the second and third terms on the right usually cancel because ==> picture [239 x 23] intentionally omitted <== • ∂Jr/∂vφ → 0 as vφ →±0 at Jz > 0 but ∂Jr/∂vφ → ∓R/2 when Jz = 0. These results suggest that in a flattened potential two different cancellations are required to ensure that ∂f/∂vφ vanishes with vφ. In a spherical model the third",3.2 Flattened models,3.2 Flattened models,,,,,Distribution functions for spheroids,James Binney,astro-ph.GA,2026-02-26T15:41:51Z,http://arxiv.org/abs/2602.23127v1,2602.23127,distribution_functions,234,180,False,True,0,180,True,4.5
astrobench_a877243f10,astrobench_a877243f10_chunk_018,18,"vφ →±0 at Jz > 0 but ∂Jr/∂vφ → ∓R/2 when Jz = 0. These results suggest that in a flattened potential two different cancellations are required to ensure that ∂f/∂vφ vanishes with vφ. In a spherical model the third term on the right of equation (13) is cancelled by the first term when Jz = 0, while in a flattened potential this cancellation occurs for Jz less than a critical value Jzcrit. In a spherical potential, the second and third terms on the right of equation (13) cancel for Jz > 0 because ∂f/∂Jz = ∂f/∂Jφ and ∂L/∂vφ → 0 when Jz > 0, while in a flattened potential this cancellation occurs for Jz > Jzcrit only. To underst and this situation, it helps to consider orbits in a flattened potential with vanishing Jφ (Wright & Binney 2025). These are conveniently studied in the (x, z) plane Figure 3. Left panel: two orbits of the same energy in a perfect ellipsoid at Lz = 0. The red (loop) orbit has Jz > Jzcrit while the blue (box) orbit has",3.2 Flattened models,3.2 Flattened models,,,,,Distribution functions for spheroids,James Binney,astro-ph.GA,2026-02-26T15:41:51Z,http://arxiv.org/abs/2602.23127v1,2602.23127,distribution_functions,234,180,False,True,140,320,True,4.5
astrobench_a877243f10,astrobench_a877243f10_chunk_019,19,"procedure would be the same. With this algorithm, the DF is defined by the functions g and f0. The path of integration set by g defines a series of orbits of decreasing eccentricity that all have the same phase-space density. The function f0 says what this density is. Figure 4. Each black curve shows how Ωφ/Ωr varies with circularity c at a fixed energy in a dark-halo like potential (upper panel) or a Plummer potential (lower panel). The red lines show y = x. and ==> picture [240 x 21] intentionally omitted <== By considering an ergodic model we have derived relationships, (17) and (18), that are set by the potential alone and can be applied to models with any DF. Given that the derivatives of J that appear in equation (13) satisfy equations (17) and (18), it is now clear that the DF of even an anisotropic model must satisfy ==> picture [240 x 22] intentionally omitted <== and ==> picture [240 x 22] intentionally omitted <==",3.2 Flattened models,3.2 Flattened models,,,,,Distribution functions for spheroids,James Binney,astro-ph.GA,2026-02-26T15:41:51Z,http://arxiv.org/abs/2602.23127v1,2602.23127,distribution_functions,219,168,False,True,840,1008,True,4.5
astrobench_a877243f10,astrobench_a877243f10_chunk_020,20,"Distribution functions for spheroids 4 DFS FOR SPHERICAL MODELS We now give an algorithm for defining DFs f (J) that produce acceptable spherical models. Given a point (Jr, L) in reduced action space, we integrate the ODE ==> picture [239 x 21] intentionally omitted <== where g > 0 is some positive function, in the direction of If we set g = Ωr/Ωt, the Hamiltonian will be constant along the integration path, and the DF will be that of an ergodic model. If we set g < Ωr/Ωt, L will increase more slowly as Jr decreases than in the ergodic case, with the consequence that our final value Lc of L will be smaller than in the ergodic case and the DF f (Jr, L) = f0(Lc) will be larger than in the ergodic model. Thus setting g < Ωr/Ωt generates a radially biased model, while setting g > Ωr/Ωt generates a tangentially biased model. Regardless of what type of model we are generating, g must satisfy limL→0 g = 2 so ∂f/∂vt vanishes with vt.",4 DFS FOR SPHERICAL MODELS,4 DFS FOR SPHERICAL MODELS,,,,,Distribution functions for spheroids,James Binney,astro-ph.GA,2026-02-26T15:41:51Z,http://arxiv.org/abs/2602.23127v1,2602.23127,distribution_functions,229,176,False,True,0,176,True,4.5
astrobench_a877243f10,astrobench_a877243f10_chunk_021,21,"Distribution functions for spheroids 5 OBLATE MODELS The strategy used in the last section to obta in anisotropic models of spherical systems is not feasible in the oblate case because it requires a model of the frequency ratios Ωr/Ωφ and Ωz/Ωφ as functions of J, and from section 3.2 we know that these ratios have a complex dependence on J near the plane Jφ = 0 (cf. Fig 5 of Wright & Binney 2025). Moreover, an ergodic model cannot generate a flattened gravitational potential – by the virial theorem, flattening requires �vR2 � to exceed �vz2 �. Consequently, the strategy we pursued in the previous section to obta in anisotropic DFs by modifying an ergodic DF, makes less sense and will not be pursued here. Given a DF f (J), we define an auxiliary DF f[′] (J) by ==> picture [240 x 28] intentionally omitted <== where ǫ is a small constant with the dimensions of action and the relations Jzcrit(Jr) and Jrcrit(Jz) can be computed by the algorithm described by Wright & Binney (2025) and implemented as the agamab",5 OBLATE MODELS,5 OBLATE MODELS,,,,,Distribution functions for spheroids,James Binney,astro-ph.GA,2026-02-26T15:41:51Z,http://arxiv.org/abs/2602.23127v1,2602.23127,distribution_functions,234,180,False,True,0,180,True,4.5
astrobench_a877243f10,astrobench_a877243f10_chunk_022,22,"Section 4 we developed a procedure for generating ergodic DFs for spherical systems and then from these derived anisotropic DFs that satisfy the conditions of equation (16). In Section 5 we tackled the harder problem posed by flattened systems by defining an auxiliary DF that satisfies the constraints near Jφ = 0, and then defining the DF to be a linear combination of the original and auxiliary DFs that tends to the auxiliary DF as Jφ → 0. We showed that a component with one of these DFs that resides in an externally generated potential can have physically acceptable kinematics: σz is always less that σR while σφ is smaller than σR at large radii but tends to σR as the centre is approached. Moreover, in these models the vφ distributions don’t have cusps at vφ = 0. We finished by constructing self-consistent models with DFs that depend on J = aJr + L, where a is a free parameter and L = Jz + |Jφ|. When a ⩽ 1.4, the model is radially biased, the bias increasing as a",8 CONCLUSIONS,8 CONCLUSIONS,,,,,Distribution functions for spheroids,James Binney,astro-ph.GA,2026-02-26T15:41:51Z,http://arxiv.org/abs/2602.23127v1,2602.23127,distribution_functions,234,180,False,True,140,320,True,4.5
astrobench_a877243f10,astrobench_a877243f10_chunk_023,23,Distribution functions for spheroids 3.3 Summary At the beginning of this section we saw that ∂f/∂vφ will not vanish with vφ unless certa in products of derivatives of f and of the actions cancel nicely. We further saw that for such cancellation to occur the partial derivatives of f as Jφ → 0 must satisfy ∂f/∂Jr = 21[∂f/∂J][φ][at][J][z][less][than] a critical value and ∂f/∂Jz = ∂f/∂Jφ at lager Jz. These conditions should ensure that ∂f/∂vφ vanishes by virtue of a relation that we inferred between derivatives of the actions with respect to vφ.,3.3 Summary,3.3 Summary,,,,,Distribution functions for spheroids,James Binney,astro-ph.GA,2026-02-26T15:41:51Z,http://arxiv.org/abs/2602.23127v1,2602.23127,distribution_functions,120,92,False,True,0,92,True,4.0
astrobench_a877243f10,astrobench_a877243f10_chunk_024,24,"6 it follows that the dark halo should be quite oblate. Given that the halo’s contribution to the circular-speed curve vc(R) is already tightly constrained and flattening a halo at fixed mass increases vc, a flatter halo has to be less massive. Stellar streams, large numbers of which have been found in Gaia data (Ibata et al. 2024), should be able to measure the halo’s mass and oblateness with some precision.",8 CONCLUSIONS,8 CONCLUSIONS,,,,,Distribution functions for spheroids,James Binney,astro-ph.GA,2026-02-26T15:41:51Z,http://arxiv.org/abs/2602.23127v1,2602.23127,distribution_functions,93,71,True,False,560,631,True,4.0
astrobench_a877243f10,astrobench_a877243f10_chunk_025,25,"are conveniently studied in the (x, z) plane Figure 3. Left panel: two orbits of the same energy in a perfect ellipsoid at Lz = 0. The red (loop) orbit has Jz > Jzcrit while the blue (box) orbit has Jz < Jzcrit. Right panel: two orbits that differ from those in the left panel in having small but non-zero Lz and hence must be in the meridional plane. (Fig. 3), y being always zero. In this plane a flattened potential is elongated along the x axis and Jz plays the role of an generalised angular momentum. There is a critical value Jzcrit of Jz such that orbits with Jz > Jzcrit circulate, while those with Jz < Jzcrit librate about the x axis: one speaks of loop and box orbits. Fig. 3 illustrates this situation by plotting box orbits in blue and loop orbits in red both at vanishing Jφ (left panel) and at non-zero Jφ (right panel). When Jφ = 0, the azimuthal coordinate switches from φ = 0 when x > 0 to φ = π when",3.2 Flattened models,3.2 Flattened models,,,,,Distribution functions for spheroids,James Binney,astro-ph.GA,2026-02-26T15:41:51Z,http://arxiv.org/abs/2602.23127v1,2602.23127,distribution_functions,234,180,False,True,280,460,True,3.5
astrobench_a877243f10,astrobench_a877243f10_chunk_026,26,"in blue and loop orbits in red both at vanishing Jφ (left panel) and at non-zero Jφ (right panel). When Jφ = 0, the azimuthal coordinate switches from φ = 0 when x > 0 to φ = π when x < 0. It is not hard to see that on a loop orbit the period of these oscillations in φ coincides with the period of the oscillations in both x and z, while on a box orbit the φ period equals the period in x but is typically longer than the period in z. That is, when Jφ = 0 ==> picture [240 x 28] intentionally omitted <== Since R = |x|, on box orbits Ωr = 2Ωx and Ωφ = Ωr/2. Consider now orbits with non-zero Jφ. When Jφ = 0 an orbit cannot reach the symmetry axis and it is no longer confined to a plane. When Jφ is small we have very anharmonic evolution in φ in that it changes slowly until the star approaches the axis, and then φ rapidly increases by ∼ π as",3.2 Flattened models,3.2 Flattened models,,,,,Distribution functions for spheroids,James Binney,astro-ph.GA,2026-02-26T15:41:51Z,http://arxiv.org/abs/2602.23127v1,2602.23127,distribution_functions,234,180,False,True,420,600,True,3.5
astrobench_a877243f10,astrobench_a877243f10_chunk_027,27,"and it is no longer confined to a plane. When Jφ is small we have very anharmonic evolution in φ in that it changes slowly until the star approaches the axis, and then φ rapidly increases by ∼ π as the star passes the axis before evolving slowly as the star moves out to apocentre and back. Since the frequencies must be continuous functions on action space, Ωφ must lie close to Ωr/2 if Jz is small, and close to Ωz for larger Jz. That is, the relationship (15) must be approximately valid even for non-zero Jφ with Jzcrit now identified from the run of orbital frequencies. Applying these limiting forms of the frequency ratios to the ergodic relations (4), we find that an ergodic DF must be such that ==> picture [202 x 47] intentionally omitted <== For these limiting ratios of derivatives in equation to lead to required cancellations in equation (13), we must have that ==> picture [240 x 22] intentionally omitted <== © 0000 RAS, MNRAS 000, 000–000 Distribution functions for spheroids 5 decreasing Jr and",3.2 Flattened models,3.2 Flattened models,,,,,Distribution functions for spheroids,James Binney,astro-ph.GA,2026-02-26T15:41:51Z,http://arxiv.org/abs/2602.23127v1,2602.23127,distribution_functions,234,180,False,True,560,740,True,3.5
astrobench_a877243f10,astrobench_a877243f10_chunk_028,28,"limiting ratios of derivatives in equation to lead to required cancellations in equation (13), we must have that ==> picture [240 x 22] intentionally omitted <== © 0000 RAS, MNRAS 000, 000–000 Distribution functions for spheroids 5 decreasing Jr and increasing L until Jr = 0 and L = Lc. Then we set the value f (Jr, L) of the DF at our original point to the value f0(Lc) taken by a non-negative monotone decreasing function f0 of one variable. In the case of a dark halo, a suitable choice for f0 would be ==> picture [240 x 22] intentionally omitted <== which is the DF defined by equation (1) evaluated on J = (0, 0, L). If the target were a dwarf spheroidal the exponential DF introduced by Pascale et al. (2018) would be our starting point but the procedure would be the same. With this algorithm, the DF is defined by the functions g and f0. The path of integration set by g defines a series of orbits of decreasing eccentricity that all have the same phase-space density.",3.2 Flattened models,3.2 Flattened models,,,,,Distribution functions for spheroids,James Binney,astro-ph.GA,2026-02-26T15:41:51Z,http://arxiv.org/abs/2602.23127v1,2602.23127,distribution_functions,234,180,False,True,700,880,True,3.5
astrobench_a877243f10,astrobench_a877243f10_chunk_029,29,"[240 x 28] intentionally omitted <== where ǫ is a small constant with the dimensions of action and the relations Jzcrit(Jr) and Jrcrit(Jz) can be computed by the algorithm described by Wright & Binney (2025) and implemented as the agamab function getJzcrit. The DF (27) satisfies equations (19) and (20). Let 0 ⩽ w(J) ⩽ 1 be a weight function such that ==> picture [240 x 16] intentionally omitted <== then the DF we use for modelling is ==> picture [240 x 11] intentionally omitted <== It’s straightforward to show that ==> picture [240 x 17] intentionally omitted <== regardless of f, so f[′′], like f[′], satisfies equations (19) and (20). Figs. 7 and 8 show profiles of a stellar system that’s trapped in the potential well of a body that has the NFW density profile and is flattened to axis ratio c/a = 0.5. For this figure f in equations (27) and (29) took the form given by equation (1) with J = 0.7Jr + 1.4Jz + |Jφ| and J0, α, β, and Jcut as given in Table 1.",5 OBLATE MODELS,5 OBLATE MODELS,,,,,Distribution functions for spheroids,James Binney,astro-ph.GA,2026-02-26T15:41:51Z,http://arxiv.org/abs/2602.23127v1,2602.23127,distribution_functions,234,180,False,True,140,320,True,3.5
astrobench_a877243f10,astrobench_a877243f10_chunk_030,30,"axis ratio c/a = 0.5. For this figure f in equations (27) and (29) took the form given by equation (1) with J = 0.7Jr + 1.4Jz + |Jφ| and J0, α, β, and Jcut as given in Table 1. Fig. 7 shows in black the principal velocity dispersions at points in the equatorial plane – note that at small radii, σφ tends to σR as it should while σz is everywhere smaller. Fig. 8 shows the velocity distributions at points in the equatorial plane at R = 5 kpc (upper panel) and R = 50 kpc (lower panel). Crucially, none of the histograms has a central cusp. Note that at R = 50 kpc the vz and vφ histograms have quite different shapes even though their second moments are similar. © 0000 RAS, MNRAS 000, 000–000 Distribution functions for spheroids 7 Figure 5. Top row: a population of test particles with DF f (h0[J]) trapped in a spherical double power-law potential. In the left panel the red curve shows the density distribution that generates the potential and the black",5 OBLATE MODELS,5 OBLATE MODELS,,,,,Distribution functions for spheroids,James Binney,astro-ph.GA,2026-02-26T15:41:51Z,http://arxiv.org/abs/2602.23127v1,2602.23127,distribution_functions,234,180,False,True,280,460,True,3.5
astrobench_a877243f10,astrobench_a877243f10_chunk_031,31,panel the dashed red curve shows the Gaussian with the same standard deviation as he orange distribution of vt. Bottom row: as the middle row but for a tangentially biased population with f (h1[J]) with negative βv = −0.5. The weight function used to obta in Figs. 7 and 8 was ==> picture [240 x 48] intentionally omitted <==,5 OBLATE MODELS,5 OBLATE MODELS,,,,,Distribution functions for spheroids,James Binney,astro-ph.GA,2026-02-26T15:41:51Z,http://arxiv.org/abs/2602.23127v1,2602.23127,distribution_functions,77,59,False,True,560,619,True,2.5
astrobench_a877243f10,astrobench_a877243f10_chunk_032,32,"Distribution functions for spheroids 7 ADIABATIC DEFORMATION The realisation that the DF of a stellar component is restricted by the potential that it populates raises an interesting issue when the potential is adiabatically deformed. Conventional wisdom (e.g. Binney & Tremaine 2008, §4.6.1) is that the function f (J) changes under deformation only to the extent that orbits are resonantly trapped or chaotic. Trapping and chaos are absent in any St¨ackel potential, so consider what happens when a perfect ellipsoid is flattened. The flattening increases Jzcrit at any value of Jr and thus changes the conditions (19) and (20) imposed on a physical DF. Does the DF evolve so it continues to satisfy these conditions, or does it become unphysical? Consider orbits with vanishing Jφ. Then as the potential flattens, the natural value of Ωz moves upwards, and when Jzcrit reaches Jz, the link between Ωφ and Ωz breaks and Ωz jumps up while Ωφ drops to1 2[Ω][r][.][During][the][transition,][at] least one of the frequency differences Ωz − Ωφ and1 2[Ω][r][ −][Ω][φ] must be small and adiabatic conservation of the actions is not",7 ADIABATIC DEFORMATION,7 ADIABATIC DEFORMATION,,,,,Distribution functions for spheroids,James Binney,astro-ph.GA,2026-02-26T15:41:51Z,http://arxiv.org/abs/2602.23127v1,2602.23127,distribution_functions,234,180,False,False,0,180,False,2.0
astrobench_a877243f10,astrobench_a877243f10_chunk_033,33,"Jz, the link between Ωφ and Ωz breaks and Ωz jumps up while Ωφ drops to1 2[Ω][r][.][During][the][transition,][at] least one of the frequency differences Ωz − Ωφ and1 2[Ω][r][ −][Ω][φ] must be small and adiabatic conservation of the actions is not assured. Hence it is plausible that the density of stars shifts to either mainta in the conditions (16) if they already hold, or moves the DF closer to satisfying them if they do not already hold. It would be interesting to explore this idea by numerically integrating orbits in a slowly deforming St¨ackel potential. © 0000 RAS, MNRAS 000, 000–000 10",7 ADIABATIC DEFORMATION,7 ADIABATIC DEFORMATION,,,,,Distribution functions for spheroids,James Binney,astro-ph.GA,2026-02-26T15:41:51Z,http://arxiv.org/abs/2602.23127v1,2602.23127,distribution_functions,132,101,False,False,140,241,False,2.0
astrobench_a877243f10,astrobench_a877243f10_chunk_034,34,"of the components vR and vφ in the radial and azimuthal directions should converge on the distribution of vx. For this to happen, the dependencies of f on Jz [which has control of f (vR)] and on Jφ [which dominates f (vφ)] must converge, and ensuring that f satisfies the condition (6) also imposes this convergence.",2 THE PROBLEM,2 THE PROBLEM,,,,,Distribution functions for spheroids,James Binney,astro-ph.GA,2026-02-26T15:41:51Z,http://arxiv.org/abs/2602.23127v1,2602.23127,distribution_functions,73,56,False,False,840,896,False,1.0
astrobench_a877243f10,astrobench_a877243f10_chunk_035,35,"frequencies only tend to zero as |J| →∞. It follows that the last term in the big bracket generates a non-zero value that must be cancelled by the other two terms in the bracket. That is, as vφ → 0 at least one of ∂Jr/∂vφ and ∂Jz/∂vφ must tend to a non-zero value that after weighting by the frequencies magically cancels the last term.(Piffl et al. 2015). Piffl et al. (2015) pointed out that taking the argument",3 ANALYTIC CONSIDERATIONS,3 ANALYTIC CONSIDERATIONS,,,,,Distribution functions for spheroids,James Binney,astro-ph.GA,2026-02-26T15:41:51Z,http://arxiv.org/abs/2602.23127v1,2602.23127,distribution_functions,101,77,True,False,140,217,False,1.0
astrobench_c4e7b8fe70,astrobench_c4e7b8fe70_chunk_000,0,"Scattering, Migration, Re-circularization and Relaxation to Build Out Galaxy Disks with Exponential Profiles 2.1.Numerical Disk Model The results presented below are based on test particle model scattering disks, which are modified versions of the code used in Elmegreen & Struck (2013) and subsequent papers in this series. The disk is initialized with 9759 test particles placed on circular orbits in the central x-y plane in a rigid halo gravitational potential. The initial surface density is constant out to a radius of 8.0 units to highlight the subsequent development of the exponential. The test particles are then given random vertical (z) positions in the interval ( − 0. 3, 0. 3) units (see below), and random vertical velocities in the interval ( − 1. 5, 1. 5) units to produce a disk of finite thickness. An ensemble of 65 massive clumps are placed on 40 evenly spaced rings in the disk at random initial azimuths to scatter the test particle stars. Specifically, the first ring has a radius of 1.2 units and subsequent rings have a spacing of 0.15 units (units",2.1.Numerical Disk Model,2.1.Numerical Disk Model,,,,,"Scattering, Migration, Re-circularization and Relaxation to Build Out Galaxy Disks with Exponential Profiles","Curtis Struck, Bruce G. Elmegreen, Elena DOnghia",astro-ph.GA,2026-02-24T18:17:09Z,http://arxiv.org/abs/2602.21171v1,2602.21171,distribution_functions,234,180,False,False,0,180,True,5.0
astrobench_c4e7b8fe70,astrobench_c4e7b8fe70_chunk_001,1,"Scattering, Migration, Re-circularization and Relaxation to Build Out Galaxy Disks with Exponential Profiles 3.1.Model Evolution In this section we consider the evolution of two realizations of a fiducial model of the scattering disk system. These models are essentially the same except for different values of the random variables in the initialization. (These initial random variables are: the initial particle azimuth, the initial particle vertical position as a fraction of the maximum of 0.3 units, and the initial particle vertical velocity as a fraction of the maximum of 1.5 units.) They will be compared to show the range of variation of the outcomes as a function of small initial setup changes. We beg in by considering the evolution of the first model as illustrated in Fig. 1. For reasons that will be described, we will call this model run the Normal, and the second one (Fig. 2) the Anomalous run. The rows of Fig. 1 show four snapshots in the evolution of various quantities. The first row shows the primary x-y plane of the disk with color-coded star points and asterisks",3.1.Model Evolution,3.1.Model Evolution,,,,,"Scattering, Migration, Re-circularization and Relaxation to Build Out Galaxy Disks with Exponential Profiles","Curtis Struck, Bruce G. Elmegreen, Elena DOnghia",astro-ph.GA,2026-02-24T18:17:09Z,http://arxiv.org/abs/2602.21171v1,2602.21171,distribution_functions,234,180,False,False,0,180,True,5.0
astrobench_c4e7b8fe70,astrobench_c4e7b8fe70_chunk_002,2,"I (single exponential). The eccentricity distribution broadens quickly over the full range of values, and retains that broad distribution as the disk expands in radius at later times. In fact, at the start of a run a large number of particles are scattered up to eccentricities of more than 0.80, e.g., more than 50% at the largest clump masses. However, as we will see in more detail below, the large eccentricity fraction and the eccentricity distribution reach a near-steady state quite quickly. That is, the ongoing scattering process does not drive the overall stellar ensemble to ever more eccentric orbits. Figure 2 shows a similar simulation, the Anomalous run, with slightly different initial conditions. However, there are substantial differences between the two, especially in the disk thicknesses by the end of the runs. First a thickening disk develops and by the end of the run some stars have been scattered in to the halo. This run is called Anomalous because this behavior is unusual among these runs. The differences are unlikely the result of divergent evolution due to star scattering",3.1.Model Evolution,3.1.Model Evolution,,,,,"Scattering, Migration, Re-circularization and Relaxation to Build Out Galaxy Disks with Exponential Profiles","Curtis Struck, Bruce G. Elmegreen, Elena DOnghia",astro-ph.GA,2026-02-24T18:17:09Z,http://arxiv.org/abs/2602.21171v1,2602.21171,distribution_functions,234,180,False,False,560,740,True,5.0
astrobench_c4e7b8fe70,astrobench_c4e7b8fe70_chunk_003,3,"the end of the run some stars have been scattered in to the halo. This run is called Anomalous because this behavior is unusual among these runs. The differences are unlikely the result of divergent evolution due to star scattering off single clumps. As evident in the models of Struck & Elmegreen (2017) and Wu et al. (2020), clump scattering is amplified by chance alignments of multi-clump combinations. These alignments can produce massive local concentrations or transient spiral segments. These concentrations are more persistent and have greater effect in the Anomalous run of Figure 2. Their appearance depends sensitively on initial conditions, so small random differences in these can generate large-scale differences in late time disk structure. The cases shown in Figs. 1 and 2 are extremes among our runs, with a ratio of mean vertical (z) values of 0.63/0.39 (or 1.3 kpc and 0.78 kpc in the disk galaxy units above) at the end of the runs. The effect does not depend sensitively on clump mass, but smaller clump mass runs need to involve more clumps in the large",3.1.Model Evolution,3.1.Model Evolution,,,,,"Scattering, Migration, Re-circularization and Relaxation to Build Out Galaxy Disks with Exponential Profiles","Curtis Struck, Bruce G. Elmegreen, Elena DOnghia",astro-ph.GA,2026-02-24T18:17:09Z,http://arxiv.org/abs/2602.21171v1,2602.21171,distribution_functions,234,180,False,False,700,880,True,5.0
astrobench_c4e7b8fe70,astrobench_c4e7b8fe70_chunk_004,4,"described above) shown in the second row. The top row shows x-y (disk plane) views of the star particles and the massive clumps (asterisks). The star particles are color coded and binned by their initial radii, and only half of those used in the model are plotted. Extensive mixing is evident at late times. The second row shows x-z views of the disk, showing the effects of vertical scattering. The third row shows the disk plane aga in, but with color coding of the eccentricity; blue colors are the lowest eccentricity, while red are the highest (blue for e < 0. 3, cyan for 0. 3 < e < 0. 5, yellow for 0. 5 < e < 0. 65, and red for e > 0. 65.) The fourth row shows two quantities. The red dotted curves give the surface density profiles; refer to the base ten log scale on the far right panel of the plots, and which applies to all of the panels. The evolution from the initial flat profile to near exponential profiles is evident. The dots",3.1.Model Evolution,3.1.Model Evolution,,,,,"Scattering, Migration, Re-circularization and Relaxation to Build Out Galaxy Disks with Exponential Profiles","Curtis Struck, Bruce G. Elmegreen, Elena DOnghia",astro-ph.GA,2026-02-24T18:17:09Z,http://arxiv.org/abs/2602.21171v1,2602.21171,distribution_functions,234,180,False,False,980,1160,True,5.0
astrobench_c4e7b8fe70,astrobench_c4e7b8fe70_chunk_005,5,"are placed on 40 evenly spaced rings in the disk at random initial azimuths to scatter the test particle stars. Specifically, the first ring has a radius of 1.2 units and subsequent rings have a spacing of 0.15 units (units are defined below). These clumps are maintained in constant circular orbits at their initial radii throughout the model runs, providing a clean scenario for particle scattering without the complications of clumpclump interactions or dynamical friction. The clumps are treated as softened point masses with a small softening length (i.e., 0.05 units) and their gravitational attraction on the test particles is computed at each time step. The initial distribution of the clumps extends well beyond the initial distribution of the test particles, so there are always scattering sites available as the stars move out (Fig. 1). Following Elmegreen & Struck (2013) and Struck & Elmegreen (2018), a power-law form is assumed for the radial acceleration, given by, ==> picture [325 x 26] intentionally omitted <== 4 where r is the central radius in three dimensions, and the 0.01 is a softening",2.1.Numerical Disk Model,2.1.Numerical Disk Model,,,,,"Scattering, Migration, Re-circularization and Relaxation to Build Out Galaxy Disks with Exponential Profiles","Curtis Struck, Bruce G. Elmegreen, Elena DOnghia",astro-ph.GA,2026-02-24T18:17:09Z,http://arxiv.org/abs/2602.21171v1,2602.21171,distribution_functions,234,180,False,True,140,320,True,4.5
astrobench_c4e7b8fe70,astrobench_c4e7b8fe70_chunk_006,6,"(or 1.3 kpc and 0.78 kpc in the disk galaxy units above) at the end of the runs. The effect does not depend sensitively on clump mass, but smaller clump mass runs need to involve more clumps in the large scale asymmetry. 6 This bifurcation between a minority of models that develop strong clump alignments and subsequent disk heating, versus those that do not, does not seem to be an obvious peculiarity of the simple model used here. However, it requires study in full N-body models, where it may be moderated by more complex (e.g., self-gravitational) processes. It is potentially an important phenomena, possibly driving a divergence between early and late-type disk galaxies. ==> picture [361 x 337] intentionally omitted <== Figure 1. Evolution of the fiducial (Normal) model. Each row shows four snapshots at times (in typical disk units described above) shown in the second row. The top row shows x-y (disk plane) views of the star particles and the massive clumps (asterisks). The star particles are color coded and binned by their initial radii, and only half of",3.1.Model Evolution,3.1.Model Evolution,,,,,"Scattering, Migration, Re-circularization and Relaxation to Build Out Galaxy Disks with Exponential Profiles","Curtis Struck, Bruce G. Elmegreen, Elena DOnghia",astro-ph.GA,2026-02-24T18:17:09Z,http://arxiv.org/abs/2602.21171v1,2602.21171,distribution_functions,234,180,False,True,840,1020,True,4.5
astrobench_c4e7b8fe70,astrobench_c4e7b8fe70_chunk_007,7,"and the second one (Fig. 2) the Anomalous run. The rows of Fig. 1 show four snapshots in the evolution of various quantities. The first row shows the primary x-y plane of the disk with color-coded star points and asterisks marking the clump locations. Specifically, the four colors are derived by binning the initial star radii, and successive snapshots show the mixing resulting from the scattering. It is clear that the mixing of outer disk particles is extensive, but less for initial inner disk particles. The second row shows the vertical (x-z) growth of the disk. The vertical scattering is generally of second order relative to planar scattering, and generally modest, as in this run. The relatively mild vertical heating observed in many of our other simulations run over the same timescale suggests that cloud scattering is less likely to induce strong bulge components or thick disks compared to violent dynamical heating from mergers or bar buckling. This aligns with observational results showing th in exponential disks in low-mass galaxies with no classical bulge component (Kormendy & Freeman 2016). The",3.1.Model Evolution,3.1.Model Evolution,,,,,"Scattering, Migration, Re-circularization and Relaxation to Build Out Galaxy Disks with Exponential Profiles","Curtis Struck, Bruce G. Elmegreen, Elena DOnghia",astro-ph.GA,2026-02-24T18:17:09Z,http://arxiv.org/abs/2602.21171v1,2602.21171,distribution_functions,234,180,False,False,140,320,True,4.0
astrobench_c4e7b8fe70,astrobench_c4e7b8fe70_chunk_008,8,"induce strong bulge components or thick disks compared to violent dynamical heating from mergers or bar buckling. This aligns with observational results showing th in exponential disks in low-mass galaxies with no classical bulge component (Kormendy & Freeman 2016). The third row of Fig. 1 illustrates the development of orbital eccentricities across the disk. In this row eccentricities in the range (-0.05, 0.3) are colored blue, those in the range (0.3, 0.5) are colored cyan, those in the range (0.5, 0.65) are colored yellow, and those in the range (0.65, 0.99) are colored red. (Note: these are p-ellipse eccentricities, see Struck 2006). The initial blue dominance of circular orbits evolves quickly to a broad distribution across the disk,as eccentricities initially increase rapidly, and eccentric particles spread across the disk. The fourth row of Fig. 1 extends our view of the eccentricity distribution by showing eccentricities versus radius for the stars (black points), and the evolution of the surface density profile (solid red curve). (The logarithmic scale (base ten) on the right-most panel applies to all of the surface density curves.)",3.1.Model Evolution,3.1.Model Evolution,,,,,"Scattering, Migration, Re-circularization and Relaxation to Build Out Galaxy Disks with Exponential Profiles","Curtis Struck, Bruce G. Elmegreen, Elena DOnghia",astro-ph.GA,2026-02-24T18:17:09Z,http://arxiv.org/abs/2602.21171v1,2602.21171,distribution_functions,234,180,False,False,280,460,True,4.0
astrobench_c4e7b8fe70,astrobench_c4e7b8fe70_chunk_009,9,"eccentricity distribution by showing eccentricities versus radius for the stars (black points), and the evolution of the surface density profile (solid red curve). (The logarithmic scale (base ten) on the right-most panel applies to all of the surface density curves.) The global mean eccentricity of the stars is also given, and the blue, solid histograms show the mean eccentricity as a function of radius. Both the global value and the histogram bins are computed for all stars in the eccentricity range (0.0, 0.80). Stars with higher values of the eccentricity are viewed as essentially having escaped from the disk. There is also a maximum eccentricity of 0.95 allowed from the polynomial approximation described above. The surface density curves show that the exponential form develops promptly, initially as a Type II (double exponential) profile and later as more nearly a Type I (single exponential). The eccentricity distribution broadens quickly over the full range of values, and retains that broad distribution as the disk expands in radius at later times. In fact, at the start of a run a large number of",3.1.Model Evolution,3.1.Model Evolution,,,,,"Scattering, Migration, Re-circularization and Relaxation to Build Out Galaxy Disks with Exponential Profiles","Curtis Struck, Bruce G. Elmegreen, Elena DOnghia",astro-ph.GA,2026-02-24T18:17:09Z,http://arxiv.org/abs/2602.21171v1,2602.21171,distribution_functions,234,180,False,False,420,600,True,4.0
astrobench_c4e7b8fe70,astrobench_c4e7b8fe70_chunk_010,10,"and Struck & Elmegreen (2018), a power-law form is assumed for the radial acceleration, given by, ==> picture [325 x 26] intentionally omitted <== 4 where r is the central radius in three dimensions, and the 0.01 is a softening constant. Throughout this paper we1 − use γ γ = 1. 2 (positive), which corresponds to a slightly declining rotation curve, with a circular velocity that goes as R 2, where R is the projected radius with in the disc. The gravitational mass with in a radius r is M ( r ) = MH ( r/H )2 [−][γ] where MH and H are the halo mass and radius. There is also an effective acceleration in the vertical direction as in (Struck & Elmegreen 2017), it is given by, ==> picture [338 x 27] intentionally omitted <== where z is the distance from the midplane, σz is the mean vertical velocity distribution averaged over the whole disk, and σzo is the initial value of that quantity. The value of σz is recalculated every 5.0 time units. It increases by less",2.1.Numerical Disk Model,2.1.Numerical Disk Model,,,,,"Scattering, Migration, Re-circularization and Relaxation to Build Out Galaxy Disks with Exponential Profiles","Curtis Struck, Bruce G. Elmegreen, Elena DOnghia",astro-ph.GA,2026-02-24T18:17:09Z,http://arxiv.org/abs/2602.21171v1,2602.21171,distribution_functions,234,180,False,True,280,460,True,3.5
astrobench_c4e7b8fe70,astrobench_c4e7b8fe70_chunk_011,11,"the distance from the midplane, σz is the mean vertical velocity distribution averaged over the whole disk, and σzo is the initial value of that quantity. The value of σz is recalculated every 5.0 time units. It increases by less than a factor of two in the runs described below. In (Struck & Elmegreen 2017), the acceleration gz is linear in z, and σz is assumed constant.",2.1.Numerical Disk Model,2.1.Numerical Disk Model,,,,,"Scattering, Migration, Re-circularization and Relaxation to Build Out Galaxy Disks with Exponential Profiles","Curtis Struck, Bruce G. Elmegreen, Elena DOnghia",astro-ph.GA,2026-02-24T18:17:09Z,http://arxiv.org/abs/2602.21171v1,2602.21171,distribution_functions,88,67,False,False,420,487,True,3.0
astrobench_c4e7b8fe70,astrobench_c4e7b8fe70_chunk_012,12,"are the same as in Fig. 1, but with slightly different stochastic initial conditions (see text). The result is similar surface profile and eccentricity distribution evolution, but much more vertical thickening. Many particles with high eccentricities leave the disk. A substantial population with low to moderate eccentricity remains at all radii in the disk, even at late times. The first of these is that the majority of the trajectories change quite frequently, though stable orbits are not rare, e.g., see the black solid curve of panel c). Most of these changes are small, single clump scatterings. However, the curves of panel d) show a large jump in eccentricity at early times. The black, solid curve in that panel shows an example of recircularization at a considerably smaller guiding center radius than the initial, like the bold, red one in panel a). The black curve in panel c) shows a modest recircularization around a larger than initial guiding center. This same general behavior in individual trajectories is also seen in the N-body models of Wu et al. (2020). Finally, we note",3.2.Trajectories and Recircularization,3.2.Trajectories and Recircularization,,,,,"Scattering, Migration, Re-circularization and Relaxation to Build Out Galaxy Disks with Exponential Profiles","Curtis Struck, Bruce G. Elmegreen, Elena DOnghia",astro-ph.GA,2026-02-24T18:17:09Z,http://arxiv.org/abs/2602.21171v1,2602.21171,distribution_functions,234,180,False,False,140,320,False,3.0
astrobench_c4e7b8fe70,astrobench_c4e7b8fe70_chunk_013,13,"Scattering, Migration, Re-circularization and Relaxation to Build Out Galaxy Disks with Exponential Profiles 5.CLOUD SCATTERING VERSUS SPIRAL ARM SCATTERING The cloud-star scattering experiments discussed in the previous section changed an initially flat stellar profile in to a tapered profile that approached an exponential after a sufficiently long time. The velocity dispersion was higher than in real galaxies because the clouds were relatively massive and each one strongly scattered its nearby stars. Churning at the corotation resonance of a spiral arm can also move stars radially, and the velocity dispersion does not increase as much (Sellwood & Binney 2002), suggesting that the churning model is more favorable. For churning, a star that approaches corotation from a smaller radius is attracted outward by the spiral, and then after reaching a larger radius, moves more slowly than the spiral and falls back in azimuth. In the corotating frame, the star makes a horseshoe-shape orbit from prograde inside to retrograde outside corotation. We showed in Wu et al. (2022) that the same horseshoe orbits occur for weak interactions between a cloud and a star,",5.CLOUD SCATTERING VERSUS SPIRAL ARM SCATTERING,5.CLOUD SCATTERING VERSUS SPIRAL ARM SCATTERING,,,,,"Scattering, Migration, Re-circularization and Relaxation to Build Out Galaxy Disks with Exponential Profiles","Curtis Struck, Bruce G. Elmegreen, Elena DOnghia",astro-ph.GA,2026-02-24T18:17:09Z,http://arxiv.org/abs/2602.21171v1,2602.21171,distribution_functions,234,180,False,False,0,180,False,3.0
astrobench_c4e7b8fe70,astrobench_c4e7b8fe70_chunk_014,14,"azimuth. In the corotating frame, the star makes a horseshoe-shape orbit from prograde inside to retrograde outside corotation. We showed in Wu et al. (2022) that the same horseshoe orbits occur for weak interactions between a cloud and a star, with the cloud taking the place of the corotation point in the spiral arm. A problem with cloud scattering is that the scattering can be much stronger than spiral arm corotation scattering if the cloud is massive. This is likely to be the case for young galaxies with giant clumps of star formation (Bournaud et al. 2007). Then the stellar velocity dispersion can get large, and the result is more like random scattering than churning. This problem may not occur for lower mass clouds that make up for their weak scatterings by an increased number. The current paper attempts to move in this direction, but the clouds are not low enough in mass or numerous enough yet to keep the stellar dispersion low while still migrating stars outward. There are several difficulties with spiral-arm scattering as an explanation for exponential",5.CLOUD SCATTERING VERSUS SPIRAL ARM SCATTERING,5.CLOUD SCATTERING VERSUS SPIRAL ARM SCATTERING,,,,,"Scattering, Migration, Re-circularization and Relaxation to Build Out Galaxy Disks with Exponential Profiles","Curtis Struck, Bruce G. Elmegreen, Elena DOnghia",astro-ph.GA,2026-02-24T18:17:09Z,http://arxiv.org/abs/2602.21171v1,2602.21171,distribution_functions,234,180,True,False,140,320,False,3.0
astrobench_c4e7b8fe70,astrobench_c4e7b8fe70_chunk_015,15,"by 40 Myr for typical disk units above) in runs with a range of clump masses. Crosses show estimates estimated visually from run outputs, while the arrow shows the end-of-run time for a runs that did not completely establish an exponential profile. The criterion for establishing an exponential was a straight line running over a factor of about 3 in radius in a log(surface density) versus radius plot, and a clear change in surface density with in that radial range. The point in the lower left corresponds to that in the upper left of panel a) and the averaged 10times model is shown by the x symbol. 12 resonance-to-resonance length of a spiral arm. Zhang et al. (2025) also note that orbital migration is much stronger than heating, implying highly asymmetric scattering. McCluskey et al. (2025) conclude the same thing for the Milky Way, which has an unusually low ratio of velocity dispersion to orbit speed among local galaxies. For the spiral arm scattering model, Hamilton et al. (2024) state that the small ratio of heating to scattering requires a",5.CLOUD SCATTERING VERSUS SPIRAL ARM SCATTERING,5.CLOUD SCATTERING VERSUS SPIRAL ARM SCATTERING,,,,,"Scattering, Migration, Re-circularization and Relaxation to Build Out Galaxy Disks with Exponential Profiles","Curtis Struck, Bruce G. Elmegreen, Elena DOnghia",astro-ph.GA,2026-02-24T18:17:09Z,http://arxiv.org/abs/2602.21171v1,2602.21171,distribution_functions,234,180,False,False,560,740,False,3.0
astrobench_c4e7b8fe70,astrobench_c4e7b8fe70_chunk_016,16,"for the Milky Way, which has an unusually low ratio of velocity dispersion to orbit speed among local galaxies. For the spiral arm scattering model, Hamilton et al. (2024) state that the small ratio of heating to scattering requires a history of spirals that were more open, more concentrated around corotation, and/or shorter-lived than the current Milky Way spirals. The openness constraint allows the spirals to apply more azimuthal forcing to influence the angular momentum distribution without applying as much radial forcing, which goes in to the velocity dispersion. The concentration around corotation removes the scattering at the Lindblad resonances, where the spiral-to-spiral period equals some resonant multiple of the epicyclic period and spirals pump epicyclic (random) motions directly. The short life applies to what Hamilton et al. (2024) call the resonant regime, which is where the arm-to-arm time is less than the duration of the spirals, and this is less than half the libration time. The libration time was defined for horseshoe orbits and is the arm-to-arm time divided by the ratio of the square root of the spiral",5.CLOUD SCATTERING VERSUS SPIRAL ARM SCATTERING,5.CLOUD SCATTERING VERSUS SPIRAL ARM SCATTERING,,,,,"Scattering, Migration, Re-circularization and Relaxation to Build Out Galaxy Disks with Exponential Profiles","Curtis Struck, Bruce G. Elmegreen, Elena DOnghia",astro-ph.GA,2026-02-24T18:17:09Z,http://arxiv.org/abs/2602.21171v1,2602.21171,distribution_functions,234,180,False,False,700,880,False,3.0
astrobench_c4e7b8fe70,astrobench_c4e7b8fe70_chunk_017,17,"less than the duration of the spirals, and this is less than half the libration time. The libration time was defined for horseshoe orbits and is the arm-to-arm time divided by the ratio of the square root of the spiral potential to the orbit speed. All three of these constraints can be more easily satisfied for cloud-star scattering than spiral arm scattering. Consider the third constraint first. Clouds are much more numerous and much weaker than spiral arms. The ratio of the square root of the cloud potential energy to the orbit speed is ∼ 0. 01, because the internal cloud velocity dispersion, in the case of virialized GMCs for example, is only a few km s [−]1 or less, and the orbit speed is ∼ 100 times this. This lower scattering potential is offset, however, by an increased number of scatterers (clouds), which is like increasing the number of spiral arms, m, in equation (5) in Hamilton et al. (2024). These two changes keep the libration time about the same for the cloud model as the spiral model, but",5.CLOUD SCATTERING VERSUS SPIRAL ARM SCATTERING,5.CLOUD SCATTERING VERSUS SPIRAL ARM SCATTERING,,,,,"Scattering, Migration, Re-circularization and Relaxation to Build Out Galaxy Disks with Exponential Profiles","Curtis Struck, Bruce G. Elmegreen, Elena DOnghia",astro-ph.GA,2026-02-24T18:17:09Z,http://arxiv.org/abs/2602.21171v1,2602.21171,distribution_functions,234,180,False,False,840,1020,False,3.0
astrobench_c4e7b8fe70,astrobench_c4e7b8fe70_chunk_018,18,"of scatterers (clouds), which is like increasing the number of spiral arms, m, in equation (5) in Hamilton et al. (2024). These two changes keep the libration time about the same for the cloud model as the spiral model, but the higher effective m decreases greatly the resonant time, which is the time between cloud scatterings in the cloud model. Thus the third solution suggested by Hamilton et al. (2024) is plausible for the cloud model. A definitive assessment of the relative roles of cloud scattering and spiral-arm scattering will require fully self-consistent simulations that include both clouds and transient spiral structure. Clouds also have all of their forcing at corotation and little forcing at their Lindblad resonances, because they are relatively small in radial extent (i.e., 10-100 pc) while their resonances are several kpc away. Clouds are also everywhere in a gas disk, which often extends far beyond the stellar disk for a spiral galaxy and dominates the stellar disk in a dwarf irregular. Thus, they are always available to scatter stars even when there are no spirals.",5.CLOUD SCATTERING VERSUS SPIRAL ARM SCATTERING,5.CLOUD SCATTERING VERSUS SPIRAL ARM SCATTERING,,,,,"Scattering, Migration, Re-circularization and Relaxation to Build Out Galaxy Disks with Exponential Profiles","Curtis Struck, Bruce G. Elmegreen, Elena DOnghia",astro-ph.GA,2026-02-24T18:17:09Z,http://arxiv.org/abs/2602.21171v1,2602.21171,distribution_functions,233,179,False,False,980,1159,False,3.0
astrobench_c4e7b8fe70,astrobench_c4e7b8fe70_chunk_019,19,"Scattering, Migration, Re-circularization and Relaxation to Build Out Galaxy Disks with Exponential Profiles 2.3.Precessing Ellipse Fitting Important results of this paper derive from analyzing the evolution of the disk plane orbital eccentricities of the stellar ensemble due to scattering, so a key issue is how to compute those eccentricities. As we shall see below, this issue is complicated by the fact that the eccentricities can change on less than an orbital timescale. Thus, computing them over a full orbital period, or even over a half period from pericenter to apocenter is not entirely relevant, nor computationally efficient. Instead we have chosen to estimate eccentricities and semi-major axes using the precessing ellipse (p-ellipse) approximation of Struck (2006). This approximation is quite accurate for orbits in power-law potentials (Struck 2015), especially near flat rotation curve potentials, and the ellipse quantities can be easily estimated from the positions and velocities of a single orbital point. As per Struck (2006), Appendix B, orbital positions and velocities yield specific energies and angular momenta for the orbits, which can be expressed in terms of eccentricities and",2.3.Precessing Ellipse Fitting,2.3.Precessing Ellipse Fitting,,,,,"Scattering, Migration, Re-circularization and Relaxation to Build Out Galaxy Disks with Exponential Profiles","Curtis Struck, Bruce G. Elmegreen, Elena DOnghia",astro-ph.GA,2026-02-24T18:17:09Z,http://arxiv.org/abs/2602.21171v1,2602.21171,distribution_functions,234,180,True,False,0,180,False,2.0
astrobench_c4e7b8fe70,astrobench_c4e7b8fe70_chunk_020,20,"a). The black curve in panel c) shows a modest recircularization around a larger than initial guiding center. This same general behavior in individual trajectories is also seen in the N-body models of Wu et al. (2020). Finally, we note that while these particular trajectories were chosen to illustrate certa in characteristics, none of them are especially rare. A visual inspection of approximately 100 trajectories selected from a dozen runs revealed that about 20% experienced a recircularization event of large magnitude over the course of the run (120 time units). Here, large magnitude is roughly > 10%, with typical values of around 20%, with a very broad distribution. However, as evident in Fig. 3, most trajectories are quite stable for large portions of the runs, though as noted, small increases or decreases of eccentricity are common.",3.2.Trajectories and Recircularization,3.2.Trajectories and Recircularization,,,,,"Scattering, Migration, Re-circularization and Relaxation to Build Out Galaxy Disks with Exponential Profiles","Curtis Struck, Bruce G. Elmegreen, Elena DOnghia",astro-ph.GA,2026-02-24T18:17:09Z,http://arxiv.org/abs/2602.21171v1,2602.21171,distribution_functions,177,136,False,False,280,416,False,2.0
astrobench_c4e7b8fe70,astrobench_c4e7b8fe70_chunk_021,21,"move in this direction, but the clouds are not low enough in mass or numerous enough yet to keep the stellar dispersion low while still migrating stars outward. There are several difficulties with spiral-arm scattering as an explanation for exponential radial profiles. First, not all exponential disks have spiral arms. Dwarf irregular galaxies and the outer parts of spiral galaxies are examples (Sect. I). Second, even with spiral arms, the corotation resonance occupies only a small range of radii, close to where the Toomre Q parameter is low and the disk is most unstable. The exponential can extend much further than this, sometimes up to 10 scale lengths (Sect. I). A third possible problem is that although spirals may churn stars near corotation without much increase in velocity dispersion, they still increase the stellar dispersion at their Lindblad resonances. Hamilton et al. (2024) note, following Frankel et al. (2020), that the ratio of the radial action change to the angular momentum change in the Solar neighborhood over the last 6 Gyr is small, ∼ 0. 1. This implies that Milky",5.CLOUD SCATTERING VERSUS SPIRAL ARM SCATTERING,5.CLOUD SCATTERING VERSUS SPIRAL ARM SCATTERING,,,,,"Scattering, Migration, Re-circularization and Relaxation to Build Out Galaxy Disks with Exponential Profiles","Curtis Struck, Bruce G. Elmegreen, Elena DOnghia",astro-ph.GA,2026-02-24T18:17:09Z,http://arxiv.org/abs/2602.21171v1,2602.21171,distribution_functions,234,180,False,False,280,460,False,2.0
astrobench_c4e7b8fe70,astrobench_c4e7b8fe70_chunk_022,22,"Scattering, Migration, Re-circularization and Relaxation to Build Out Galaxy Disks with Exponential Profiles Scattering, Migration, Re-circularization and Relaxation to Build Out Galaxy Disks with Exponential Profiles Curtis Struck,1 Bruce G. Elmegreen,2 and Elena D’Onghia[3, 4] 1 Iowa State University 2 Retired, Katonah, NY 10536 3 Department of Physics, University of Wiscons in-Madison, Madison, WI 53706, USA 4 Department of Astronomy, University of Wiscons in-Madison, Madison, WI 53706, USA","Scattering, Migration, Re-circularization and Relaxation to Build Out Galaxy Disks with Exponential Profiles","Scattering, Migration, Re-circularization and Relaxation to Build Out Galaxy Disks with Exponential Profiles",,,,,"Scattering, Migration, Re-circularization and Relaxation to Build Out Galaxy Disks with Exponential Profiles","Curtis Struck, Bruce G. Elmegreen, Elena DOnghia",astro-ph.GA,2026-02-24T18:17:09Z,http://arxiv.org/abs/2602.21171v1,2602.21171,distribution_functions,89,68,True,False,0,68,False,1.0
astrobench_3644e67b5c,astrobench_3644e67b5c_chunk_000,0,"Probabilistic inference in very large universes Appendix A: Motivating the Principle of Self-Locating Indifference assuming that the model U∗ for the real universe is known As part of our justification of the Principle of SelfLocating Indifference, here we adopt the simplifying assumption that we know which model universe U∗ ∈{Uα} is actually realized. Since the goal is to define a procedure for extracting first-person predictions from theories in very large universes, we will use the success of such predictions as our criterion for comparing different possible procedures. Thus, we will motivate the PSLI by considering a toy model of an experiment, and we will show that the expected number of observers who will make correct inferences from their experiments is maximized if every observer interprets his data using the PSLI. This is an application of the same “counting argument” that we discussed in Sec. III-C: if we can devise a procedure for which observers who make incorrect inferences are very rare, then we can assume that we are very unlikely to fall in to this class. For our toy model",Appendix A: Motivating the Principle of Self-Locating Indifference assuming that the model U∗ for the real universe is known,Appendix A: Motivating the Principle of Self-Locating Indifference assuming that the model U∗ for the real universe is known,,,,,Probabilistic inference in very large universes,"Feraz Azhar, Alan H. Guth, Mohammad Hossein Namjoo",astro-ph.CO,2026-02-02T19:00:05Z,http://arxiv.org/abs/2602.02667v1,2602.02667,distribution_functions,234,180,False,False,0,180,True,5.0
astrobench_3644e67b5c,astrobench_3644e67b5c_chunk_001,1,"we discussed in Sec. III-C: if we can devise a procedure for which observers who make incorrect inferences are very rare, then we can assume that we are very unlikely to fall in to this class. For our toy model experiment, we will imagine that some observable quantity θ is measured by many different observer-instants I in the same subjective state, all in the universe described by U∗. The quantity θ might be, for example, the value of the Higgs mass, or the finestructure constant, or the cosmological constant. While any observable in reality could be correlated with any number of other observables, we will assume for our toy model that θ has no correlations with any other observable. Furthermore, we will assume that θ has the same value throughout the universe. Consider two possible assumptions about typicality that each of the observers could adopt: ‘typicality’ and ‘atypicality’. Define ‘typicality’ as the assumption of the PSLI—the assumption that each observer should calculate first-person probabilities as if their current observer instant were chosen randomly and uniformly from among all the observer-instants",Appendix A: Motivating the Principle of Self-Locating Indifference assuming that the model U∗ for the real universe is known,Appendix A: Motivating the Principle of Self-Locating Indifference assuming that the model U∗ for the real universe is known,,,,,Probabilistic inference in very large universes,"Feraz Azhar, Alan H. Guth, Mohammad Hossein Namjoo",astro-ph.CO,2026-02-02T19:00:05Z,http://arxiv.org/abs/2602.02667v1,2602.02667,distribution_functions,234,180,False,False,140,320,True,5.0
astrobench_3644e67b5c,astrobench_3644e67b5c_chunk_002,2,"of the observers could adopt: ‘typicality’ and ‘atypicality’. Define ‘typicality’ as the assumption of the PSLI—the assumption that each observer should calculate first-person probabilities as if their current observer instant were chosen randomly and uniformly from among all the observer-instants Ii. Observers who adopt ‘typicality’ will be referred to as ‘typicality-accepting’. We also consider an ‘atypicality’ assumption—the assumption that each observer should calculate first-person probabilities as if their current observer instant is expected to be atypical in some specific way. Observers who adopt ‘atypicality’ will be referred to as ‘typicality-denying’. For our toy model, ‘typicality-denying’ observers will assume that their first-person expectation value for the measurement of θ is higher than the theoretical value by 10%. (Note that the assumption that the first-person probability distribution for θ is affected by the atypicality assumption is generic. If no observables are affected, then the atypicality assumption is completely irrelevant. As long as at least one observable is affected, we can choose θ to be that observable. We assume here for simplicity that the expectation value is affected, but similar conclusions could be",Appendix A: Motivating the Principle of Self-Locating Indifference assuming that the model U∗ for the real universe is known,Appendix A: Motivating the Principle of Self-Locating Indifference assuming that the model U∗ for the real universe is known,,,,,Probabilistic inference in very large universes,"Feraz Azhar, Alan H. Guth, Mohammad Hossein Namjoo",astro-ph.CO,2026-02-02T19:00:05Z,http://arxiv.org/abs/2602.02667v1,2602.02667,distribution_functions,234,180,False,False,280,460,True,5.0
astrobench_3644e67b5c,astrobench_3644e67b5c_chunk_003,3,"the result, motivated by the assumption that we are atypical, then the protocol would become biased. The toy model example in this appendix is really just a step-by-step illustration of why unbiased measurements are considered to be obviously preferable to biased measurements (provided that all other aspects are equal). The toy model example described here is very simplified, and uses numbers chosen to be fairly extreme, but the qualitative result is universal. Ideal experiments are designed to be “unbiased,” which means that the expectation value of the result should be equal to the true value of the quantity. The expectation value is what, in 22",Appendix A: Motivating the Principle of Self-Locating Indifference assuming that the model U∗ for the real universe is known,Appendix A: Motivating the Principle of Self-Locating Indifference assuming that the model U∗ for the real universe is known,,,,,Probabilistic inference in very large universes,"Feraz Azhar, Alan H. Guth, Mohammad Hossein Namjoo",astro-ph.CO,2026-02-02T19:00:05Z,http://arxiv.org/abs/2602.02667v1,2602.02667,distribution_functions,137,105,False,False,1120,1225,True,5.0
astrobench_3644e67b5c,astrobench_3644e67b5c_chunk_004,4,"(the same) theories of the measurement of this observable at their disposal. Each theory yields a probability density function for the measurement of θ, which includes any experimental errors that arise in the measurement process, as well as any quantum uncertainties intrinsic to the measurement. We denote a given theory by T ( θt ), where we have labeled the theory via the mean, θt, of the probability density function that the theory yields for θ. The probability density function for measuring θ, according to the theory T ( θt ), will then be denoted by p ( θ|θt ). 21 We will proceed under the simplifying assumption that this distribution is a normal distribution, ==> picture [166 x 11] intentionally omitted <== where Nθ ( θt, σ ) represents a normal distribution in θ with mean θt and standard deviation σ. Denote the true value of θ in the model universe U∗ by θ true, which we assume to be nonzero. For our toy model experiment, we will take σ = θ true / 100. We will denote the",Appendix A: Motivating the Principle of Self-Locating Indifference assuming that the model U∗ for the real universe is known,Appendix A: Motivating the Principle of Self-Locating Indifference assuming that the model U∗ for the real universe is known,,,,,Probabilistic inference in very large universes,"Feraz Azhar, Alan H. Guth, Mohammad Hossein Namjoo",astro-ph.CO,2026-02-02T19:00:05Z,http://arxiv.org/abs/2602.02667v1,2602.02667,distribution_functions,234,180,False,True,560,740,True,4.5
astrobench_3644e67b5c,astrobench_3644e67b5c_chunk_005,5,"deviation σ. Denote the true value of θ in the model universe U∗ by θ true, which we assume to be nonzero. For our toy model experiment, we will take σ = θ true / 100. We will denote the measured value of θ by θD (where “ D ” is for “data”). For our example, suppose that all the observers adopt a prior probability distribution that is flat and ranges from − 10 θ true to 10 θ true; that is: ==> picture [199 x 12] intentionally omitted <== Recall that we are working in a Bayesian setting, where the primary distribution of interest, as the observer completes further trials, is the first-person posterior probability p[(1] post; [p][)] a[(] [θ][t][|][θ][D][).][This][is][given,][in][general,][by][Bayes’] theorem: ==> picture [217 x 28] intentionally omitted <== where ==> picture [204 x 23] intentionally omitted <== Our two classes of observers can then compute two different first-person posterior probability distributions for θt by substituting Eqs. (A2) and (A3) in to Eq. (A5). where Uθ ( a, b ) denotes the uniform distribution for the random variable θ,",Appendix A: Motivating the Principle of Self-Locating Indifference assuming that the model U∗ for the real universe is known,Appendix A: Motivating the Principle of Self-Locating Indifference assuming that the model U∗ for the real universe is known,,,,,Probabilistic inference in very large universes,"Feraz Azhar, Alan H. Guth, Mohammad Hossein Namjoo",astro-ph.CO,2026-02-02T19:00:05Z,http://arxiv.org/abs/2602.02667v1,2602.02667,distribution_functions,234,180,False,True,700,880,True,4.5
astrobench_3644e67b5c,astrobench_3644e67b5c_chunk_006,6,"ask, what is the probability that, according to the true theory, the peak is with in a range around the true value, say in the range [ θ true(1 − ϵ ), θ true(1 + ϵ )] where ϵ is a small number. This probability is given by ==> picture [466 x 59] intentionally omitted <== For ‘typicality-accepting’ observers, where κ typ = 1, this probability is significantly higher than for ‘typicalitydenying’ observers. For example, for ϵ = 2%, this probability is 0.95 for ‘typicality-accepting’ observers and 3. 1 × 10 [−]15 for ‘typicality-denying’ observers. Thus the expected number of observers who will find the peak in the specified range is vastly larger if the observers are ‘typicality-accepting’. our language, is the expected average value that would be obtained by typical observers. If one were to apply a correction to the result, motivated by the assumption that we are atypical, then the protocol would become biased. The toy model example in this appendix is really just a step-by-step illustration of why unbiased measurements are considered to be obviously preferable to",Appendix A: Motivating the Principle of Self-Locating Indifference assuming that the model U∗ for the real universe is known,Appendix A: Motivating the Principle of Self-Locating Indifference assuming that the model U∗ for the real universe is known,,,,,Probabilistic inference in very large universes,"Feraz Azhar, Alan H. Guth, Mohammad Hossein Namjoo",astro-ph.CO,2026-02-02T19:00:05Z,http://arxiv.org/abs/2602.02667v1,2602.02667,distribution_functions,234,180,False,True,980,1160,True,4.5
astrobench_3644e67b5c,astrobench_3644e67b5c_chunk_007,7,"then the atypicality assumption is completely irrelevant. As long as at least one observable is affected, we can choose θ to be that observable. We assume here for simplicity that the expectation value is affected, but similar conclusions could be justified if the standard deviation or any other property of the probability distribution is affected.) The observers use their assumptions about their own typicality in interpreting the results of their measurements. We will show that the assumption of typicality leads to the largest expectation value for the fraction of observers reaching accurate inferences. In the absence of any way to know where we will lie in the distribution of outcomes, the best way to ensure that our inferences will be correct is to maximize the expectation value of the number of observers who will make accurate inferences. The observers have (the same) theories of the measurement of this observable at their disposal. Each theory yields a probability density function for the measurement of θ, which includes any experimental errors that arise in the measurement process, as well as any quantum",Appendix A: Motivating the Principle of Self-Locating Indifference assuming that the model U∗ for the real universe is known,Appendix A: Motivating the Principle of Self-Locating Indifference assuming that the model U∗ for the real universe is known,,,,,Probabilistic inference in very large universes,"Feraz Azhar, Alan H. Guth, Mohammad Hossein Namjoo",astro-ph.CO,2026-02-02T19:00:05Z,http://arxiv.org/abs/2602.02667v1,2602.02667,distribution_functions,234,180,False,False,420,600,True,4.0
astrobench_3644e67b5c,astrobench_3644e67b5c_chunk_008,8,"Probabilistic inference in very large universes Probabilistic inference in very large universes Feraz Azhar,[1,] [ ∗] Alan H. Guth,[2,] [ †] and Mohammad Hosse in Namjoo[3,] [ ‡] 1 Department of Philosophy, University of Notre Dame, Notre Dame, IN 46556, USA 2 Department of Physics, Laboratory for Nuclear Science, and Center for Theoretical Physics – A Leinweber Institute, Massachusetts Institute of Technology, Cambridge, MA 02139 3 School of Astronomy, Institute for Research in Fundamental Sciences (IPM), Tehran, Iran (Dated: February 2, 2026) Our current favored cosmological theories allow for the striking and controversial possibility that the observable universe is just a small part of a much larger universe in which parameters that describe the effective, low-energy laws of physics vary from one region to another. The controversy is largely driven by the fact that such a “very large universe” is mostly observationally inaccessible to us, so the issue arises of how we can reasonably assess a theory that describes such a universe. In this paper we propose a Bayesian method for theory assessment based on theory-generated probability distributions for our",Probabilistic inference in very large universes,Probabilistic inference in very large universes,,,,,Probabilistic inference in very large universes,"Feraz Azhar, Alan H. Guth, Mohammad Hossein Namjoo",astro-ph.CO,2026-02-02T19:00:05Z,http://arxiv.org/abs/2602.02667v1,2602.02667,distribution_functions,234,180,True,False,0,180,False,3.0
astrobench_3644e67b5c,astrobench_3644e67b5c_chunk_009,9,"mostly observationally inaccessible to us, so the issue arises of how we can reasonably assess a theory that describes such a universe. In this paper we propose a Bayesian method for theory assessment based on theory-generated probability distributions for our observations. We focus on the principles that define this method, leaving aside concerns about how, in practice, one would carry out the required calculations. (One important issue that we set aside is the measure problem.) We argue that cosmological theories can be tested by the standard method of Bayesian updating, but we need to use theoretical predictions for “first-person” probabilities—that is, probabilities that we should use for our observations, taking in to account all relevant selection effects. These selection effects can vary from one observer to another, and can vary with time, so, in principle, first-person probabilities are defined for each observer-instant —an observer at a specific instant of time. Calculations of first-person probabilities should take in to account everything that the observer believes about herself and her surroundings, which we refer to as her subjective state. If the universe",Probabilistic inference in very large universes,Probabilistic inference in very large universes,,,,,Probabilistic inference in very large universes,"Feraz Azhar, Alan H. Guth, Mohammad Hossein Namjoo",astro-ph.CO,2026-02-02T19:00:05Z,http://arxiv.org/abs/2602.02667v1,2602.02667,distribution_functions,234,180,False,False,140,320,False,3.0
astrobench_3644e67b5c,astrobench_3644e67b5c_chunk_010,10,"planet, meteorite, and speck of dust that ever exists. As described in Footnote 7, we are assuming that, for these purposes, a classical description suffices. We assume that Uα describes the universe modulo coordinate redefinitions, so two descriptions that are related by a coordinate redefinition correspond to the same Uα. (In this paper, as we described in the Introduction, we will consider explicitly only the case in which the universe has a finite spacetime volume, although we expect our conclusions to also apply to infinite universes, once a measure is adopted.) In this language, the physical world that we observe— which we denote by U real—is theorized to be the realization of one of the {Uα}, meaning that U real is fully described by a particular model universe Uα. The model universe Uα that is realized will be denoted by U∗. The theory does not tell us which of the Uα will be realized, and we do not have any expectation that we will ever gather enough information to learn which Uα is realized. But the theory in principle allows",III.CALCULATING FIRST-PERSON PROBABILITIES IN VERY LARGE UNIVERSES,III.CALCULATING FIRST-PERSON PROBABILITIES IN VERY LARGE UNIVERSES,,,,,Probabilistic inference in very large universes,"Feraz Azhar, Alan H. Guth, Mohammad Hossein Namjoo",astro-ph.CO,2026-02-02T19:00:05Z,http://arxiv.org/abs/2602.02667v1,2602.02667,distribution_functions,234,180,False,False,140,320,False,3.0
astrobench_3644e67b5c,astrobench_3644e67b5c_chunk_011,11,"prediction for the probability of a particular model universe Uα, as specified by P cos( Uα ), knowledge of P cos( Uα ) for all the Uα ’s can be used to extract probabilistic predictions for observables that we will be able to test.11 It may at first seem inadequate to assign probabilities only to fully described universes Uα, while not explicitly assigning probabilities to events with in such universes. To underst and why only these full-universe probabilities are needed, imagine that the label α can be written explicitly as a huge set of real-valued parameters. Then the specification of the probabilities P cos( Uα ) would amount to a specification of the joint probability distribution for these parameters. The probability distributions for any subset of parameters can be found by marginalizing the full joint probability distribution over the other parameters.",III.CALCULATING FIRST-PERSON PROBABILITIES IN VERY LARGE UNIVERSES,III.CALCULATING FIRST-PERSON PROBABILITIES IN VERY LARGE UNIVERSES,,,,,Probabilistic inference in very large universes,"Feraz Azhar, Alan H. Guth, Mohammad Hossein Namjoo",astro-ph.CO,2026-02-02T19:00:05Z,http://arxiv.org/abs/2602.02667v1,2602.02667,distribution_functions,184,141,False,False,420,561,False,3.0
astrobench_3644e67b5c,astrobench_3644e67b5c_chunk_012,12,"Probabilistic inference in very large universes III-B.Principle of Self-Locating Indifference To describe the answer that we propose to this question, we first define some terms that will be useful. Recall that we are attempting to describe the consequences of a fully detailed cosmological theory, which provides a set of possible physical states (i.e., the set of possible universes {Uα} ) and a probability distribution P cos( Uα ) over these physical states. Following discussions that are common in statistical mechanics textbooks, we will imagine using the theory to generate a large list of model universes U 1[ens], U 2[ens],..., UN[ens][—called][an] [ensemble][.] Each entry Uλ[ens] on the list is one of the possible universes {Uα}, chosen according to the probability distribution P cos( Uα ).12 Note that the ensemble is not a set, since a given model universe Uα can appear in the ensemble multiple times, while a given element can appear in a set only once. Note also that the ensemble is not uniquely determined by the theory, since each entry is chosen randomly. We will be interested, however, exclusively",III-B.Principle of Self-Locating Indifference,III-B.Principle of Self-Locating Indifference,,,,,Probabilistic inference in very large universes,"Feraz Azhar, Alan H. Guth, Mohammad Hossein Namjoo",astro-ph.CO,2026-02-02T19:00:05Z,http://arxiv.org/abs/2602.02667v1,2602.02667,distribution_functions,234,180,False,False,0,180,False,3.0
astrobench_3644e67b5c,astrobench_3644e67b5c_chunk_013,13,"in the ensemble multiple times, while a given element can appear in a set only once. Note also that the ensemble is not uniquely determined by the theory, since each entry is chosen randomly. We will be interested, however, exclusively in the statistical properties of the ensemble in the limit N →∞, which are uniquely defined by the theory. To be clear, we co in the term asymptotic ensemble to refer to an ensemble that is described as a list of N entries, but for which the only properties that one is allowed to extract are those that arise from the statistical distribution in the limit N →∞. Thus, each theory determines a unique asymptotic ensemble. The ensemble is not essential to our methods, but it simplifies the discussion by encoding the probability distribution P cos( Uα ) in to the multiplicities of universes Uα in the ensemble. Thus, choosing an entry randomly and uniformly from the asymptotic ensemble is equivalent to choosing a model universe Uα according to the probability distribution P cos( Uα ). If we know the",III-B.Principle of Self-Locating Indifference,III-B.Principle of Self-Locating Indifference,,,,,Probabilistic inference in very large universes,"Feraz Azhar, Alan H. Guth, Mohammad Hossein Namjoo",astro-ph.CO,2026-02-02T19:00:05Z,http://arxiv.org/abs/2602.02667v1,2602.02667,distribution_functions,234,180,False,False,140,320,False,3.0
astrobench_3644e67b5c,astrobench_3644e67b5c_chunk_014,14,"the multiplicities of universes Uα in the ensemble. Thus, choosing an entry randomly and uniformly from the asymptotic ensemble is equivalent to choosing a model universe Uα according to the probability distribution P cos( Uα ). If we know the asymptotic ensemble implied by a theory, and if somebody asks us the probability that Uα is the universe that is realized, we can immediately answer P cos( Uα ), without any further thought. But to compare the predictions of the theory with observations, we need 12 Gibbs 46 originally defined the notion of an ensemble in exactly this way, as a “great number of independent systems,” each in a definite state described by a point in phase space. The density of these points in phase space was used instead of any notion of probability. 8 to be able to answer a much wider class of questions. Since each Uα is a complete description of the universe, we should be able to answer questions about probabilities for anything that can happen with in a universe. We are interested in constructing a",III-B.Principle of Self-Locating Indifference,III-B.Principle of Self-Locating Indifference,,,,,Probabilistic inference in very large universes,"Feraz Azhar, Alan H. Guth, Mohammad Hossein Namjoo",astro-ph.CO,2026-02-02T19:00:05Z,http://arxiv.org/abs/2602.02667v1,2602.02667,distribution_functions,234,180,False,False,280,460,False,3.0
astrobench_3644e67b5c,astrobench_3644e67b5c_chunk_015,15,"a much wider class of questions. Since each Uα is a complete description of the universe, we should be able to answer questions about probabilities for anything that can happen with in a universe. We are interested in constructing a method to calculate probabilities for arbitrary questions that an observer might ask about her future, or even her past, or for events in regions that are space-like separated from her current observer-instant. In the classical approximation to reality that we are describing, the entire spacetime around the observer has a well-defined description, whether the observer has direct access to these regions of spacetime or not. Our goal is to define a method to calculate the probability for any proposition of interest pertaining to an observer at a particular instant in time. We want to be able to calculate, for example, the probability that a specific event happens in the future or the past of some observer-instant, or perhaps the probability that a specific set of such events happen in the future or the past of some observer-instant. It could also",III-B.Principle of Self-Locating Indifference,III-B.Principle of Self-Locating Indifference,,,,,Probabilistic inference in very large universes,"Feraz Azhar, Alan H. Guth, Mohammad Hossein Namjoo",astro-ph.CO,2026-02-02T19:00:05Z,http://arxiv.org/abs/2602.02667v1,2602.02667,distribution_functions,234,180,False,False,420,600,False,3.0
astrobench_3644e67b5c,astrobench_3644e67b5c_chunk_016,16,"3 such observerinstants in universes of type U 2. Since about 3/5 of these 5 N/ 3 observer-instants suffer a myocardial infarction with in the next 24 hours, an observer-instant chosen randomly and uniformly from this set will have a probability of 60% of having a myocardial infarction with in the next 24 hours. Thus, according to the PSLI, the real observer of interest should predict that she has a 60% probability of having a myocardial infarction with in 24 hours. This example may be generalized to a statement which we dub the Method of Many Repetitions. The Method of Many Repetitions is logically equivalent to the PSLI, but its wording more directly describes how first-person probabilities are to be operationally calculated.",Principle of Self-Locating Indifference,Principle of Self-Locating Indifference,,,,,Probabilistic inference in very large universes,"Feraz Azhar, Alan H. Guth, Mohammad Hossein Namjoo",astro-ph.CO,2026-02-02T19:00:05Z,http://arxiv.org/abs/2602.02667v1,2602.02667,distribution_functions,159,122,False,False,280,402,False,3.0
astrobench_3644e67b5c,astrobench_3644e67b5c_chunk_017,17,"each of which has recorded a sequence of 100 creation numbers, each from 1 to 5, and a sequence of 100 randomized numbers, also from 1 to 5. Suppose we imagine a variant of the experiment in which the clones are told that they will each be assigned a creation number and a randomized number, as in the original version, but in this case the numbers will be presented as X and Y. The clones are told only that the symbols will be used consistently—X will always be the creation number, and Y the randomized number, or maybe the other way around. In this case, we see no way that the clones could determine which sequence was which—even if they had the opportunity to pool all of the data from the 5100 clones. We believe that in either case, we can rely on the belief that if only 0.23% of the group will lose money, and I have no way of knowing where in the group I will fall, then I can assume that it is very unlikely that I","In Ref.[20], Hartle and Srednicki wrote","In Ref.[20], Hartle and Srednicki wrote",,,,,Probabilistic inference in very large universes,"Feraz Azhar, Alan H. Guth, Mohammad Hossein Namjoo",astro-ph.CO,2026-02-02T19:00:05Z,http://arxiv.org/abs/2602.02667v1,2602.02667,distribution_functions,234,180,False,False,1120,1300,False,3.0
astrobench_3644e67b5c,astrobench_3644e67b5c_chunk_018,18,"Probabilistic inference in very large universes IV-B.When we evaluate theories, should we use only what we know for certain? When we perform a measurement obtaining data D 0, the only fact about the universe that we know for certa in (assuming that we can trust our analysis) is that there exists at least one instance of D 0 in the universe. In Ref. 20, Hartle and Srednicki argued that in evaluating theories, we should use only this certa in information. As described in Sec. III, we (strongly) disagree with this assertion, but for purposes of discussion we give it a name—the Principle of Required Certainty. 13 Principle of Required Certainty (PRC). When we perform a measurement obtaining some data D 0, only the fact that we know for certa in—the fact that at least one instance of D 0 exists in the universe—should enter in to our evaluation of theories of the universe. By contrast, a more standard Bayesian analysis would take in to account the probabilistic inferences stemming from the fact that we have done one experiment of this","IV-B.When we evaluate theories, should we use only what we know for certain?","IV-B.When we evaluate theories, should we use only what we know for certain?",,,,,Probabilistic inference in very large universes,"Feraz Azhar, Alan H. Guth, Mohammad Hossein Namjoo",astro-ph.CO,2026-02-02T19:00:05Z,http://arxiv.org/abs/2602.02667v1,2602.02667,distribution_functions,234,180,False,False,0,180,False,3.0
astrobench_3644e67b5c,astrobench_3644e67b5c_chunk_019,19,"in the universe—should enter in to our evaluation of theories of the universe. By contrast, a more standard Bayesian analysis would take in to account the probabilistic inferences stemming from the fact that we have done one experiment of this type, and found the result D 0. In the authors’ own words (Ref. 20, p. 2), All we know is that there exists at least one such region [region with exactly our data] containing our data. In evaluating the implications of a measurement, these authors base all of their reasoning solely on this point of certainty. After stating that the existence of at least one instance of D 0 is all we know for certa in, the authors of Ref. 20 proceed to reason on the basis of this fact as if it were standard in science to rely only on what we know for certa in. In our view, however, this is an extremely inaccurate description of how science proceeds. Scientific reasoning has never been limited to what we know for certa in, and indeed science as we know","IV-B.When we evaluate theories, should we use only what we know for certain?","IV-B.When we evaluate theories, should we use only what we know for certain?",,,,,Probabilistic inference in very large universes,"Feraz Azhar, Alan H. Guth, Mohammad Hossein Namjoo",astro-ph.CO,2026-02-02T19:00:05Z,http://arxiv.org/abs/2602.02667v1,2602.02667,distribution_functions,234,180,False,False,140,320,False,3.0
astrobench_3644e67b5c,astrobench_3644e67b5c_chunk_020,20,"by first asking what we know for certa in about the urns, the answer would be that the draw of a white ball tells us only that the urn contains at least one white ball. Since we already knew that both urns conta in at least one white ball, we have learned nothing. The PRC would therefore imply that the probability that we chose the first urn would be unchanged from its prior, which was taken to be 1/2. Thus, the PRC is in contradiction with conventional Bayesian reasoning. (Note that we are not saying that Hartle and Srednicki 20 have incorrectly applied Bayes’ theorem. Rather, we are saying that they departed from conventional Bayesian reasoning by using only the fact that the universe contains at least one instance of our data.) To see how the PRC affects the analysis of an experiment, consider an effort to measure the decay rate of a particle X. Suppose that we put N of them in a bottle, and in time ∆ t we observe that k of them decay. We assume the","IV-B.When we evaluate theories, should we use only what we know for certain?","IV-B.When we evaluate theories, should we use only what we know for certain?",,,,,Probabilistic inference in very large universes,"Feraz Azhar, Alan H. Guth, Mohammad Hossein Namjoo",astro-ph.CO,2026-02-02T19:00:05Z,http://arxiv.org/abs/2602.02667v1,2602.02667,distribution_functions,234,180,False,False,560,740,False,3.0
astrobench_3644e67b5c,astrobench_3644e67b5c_chunk_021,21,"is smaller by a factor of a billion, or larger by a factor of a billion? Yes, although the result that we found would have been very unlikely in that case. But it is not impossible. So the only thing that we learn for certa in is that the decay rate is nonzero. This situation is not changed if we imagine repeating the experiment many (but only a finite number) of times. If we pool all the data from all the repetitions, we can ask the same questions, and they will have the same answers. In the standard Bayesian analysis, by contrast, we never learn for certa in what the decay rate is, but if the experiment involves a high number of counts, it will strongly favor the theory in which the decay rate is near k/ ( N ∆ t ). Physics as we know it depends crucially on such probabilistic inferences. If only certainties were allowed in our scientific reasoning, we would know essentially nothing. One important consequence of the PRC is to dramatically weaken our ability to","IV-B.When we evaluate theories, should we use only what we know for certain?","IV-B.When we evaluate theories, should we use only what we know for certain?",,,,,Probabilistic inference in very large universes,"Feraz Azhar, Alan H. Guth, Mohammad Hossein Namjoo",astro-ph.CO,2026-02-02T19:00:05Z,http://arxiv.org/abs/2602.02667v1,2602.02667,distribution_functions,234,180,False,False,840,1020,False,3.0
astrobench_3644e67b5c,astrobench_3644e67b5c_chunk_022,22,"t ). Physics as we know it depends crucially on such probabilistic inferences. If only certainties were allowed in our scientific reasoning, we would know essentially nothing. One important consequence of the PRC is to dramatically weaken our ability to use empirical data to compare theories. As Hartle and Srednicki 20 put it, Cosmological models that predict that at least one instance of our data exists (with probability one) somewhere in spacetime are indistinguishable no matter how many other exact copies of these data exist. To illustrate their methods, Hartle and Srednicki introduce a toy model in which the universe consists of N cycles in time, each of which is either “red” or “blue”, and each of which contains an “observing system” with probability pE. They consider two alternative theories: an “all red” ( AR ) theory in which all cycles are red, and a “some red” ( SR ) theory in which NR < N cycles are red, and the rest are blue. Among other limits, they consider the limit in which N and NR approach infinity, writing 14","IV-B.When we evaluate theories, should we use only what we know for certain?","IV-B.When we evaluate theories, should we use only what we know for certain?",,,,,Probabilistic inference in very large universes,"Feraz Azhar, Alan H. Guth, Mohammad Hossein Namjoo",astro-ph.CO,2026-02-02T19:00:05Z,http://arxiv.org/abs/2602.02667v1,2602.02667,distribution_functions,234,180,False,False,980,1160,False,3.0
astrobench_3644e67b5c,astrobench_3644e67b5c_chunk_023,23,"cycles are red, and a “some red” ( SR ) theory in which NR < N cycles are red, and the rest are blue. Among other limits, they consider the limit in which N and NR approach infinity, writing 14 If the number of red cycles is infinite in both models, then the two theories are not distinguished by our data even if the number of [ sic ] fraction of red cycles is small in SR. That is because our data is that there is at least one red cycle. As the number of red cycles approaches infinity, that becomes a certainty in both theories. Even though the typical observing system in the SR theory is observing blue, our data provides no evidence that we are typical. Thus, we conclude that acceptance of the PRC would make science as we know it impossible, at least under the assumption that the universe might be extremely large or infinite. Since the PRC seems to be a radical and unmotivated departure from scientific practice, and since—in the case of a very large","IV-B.When we evaluate theories, should we use only what we know for certain?","IV-B.When we evaluate theories, should we use only what we know for certain?",,,,,Probabilistic inference in very large universes,"Feraz Azhar, Alan H. Guth, Mohammad Hossein Namjoo",astro-ph.CO,2026-02-02T19:00:05Z,http://arxiv.org/abs/2602.02667v1,2602.02667,distribution_functions,234,180,False,False,1120,1300,False,3.0
astrobench_3644e67b5c,astrobench_3644e67b5c_chunk_024,24,"either large or small. The proper time cutoff measure does not lead to BB domination, but it is ruled out in any case by the “youngness” problem [56–59]. As a simple example of a cosmological theory that leads to BB domination, we can consider the currently standard ΛCDM model14 that is used to describe our universe. Assuming that the vacuum is absolutely stable, the universe in this model approaches at late times a future-eternal de Sitter phase, as the matter density thins to zero, leaving only the cosmological constant to control the evolution. The Gibbons-Hawking temperature for this model is about T GH ∼ 2 × 10 [−]34 eV, so the probability of spontaneously nucleating anything like a human bra in is absurdly small. However, since the de Sitter phase would under these assumptions continue forever, the ratio of BBs to OOs would be infinite. To keep the discussion on the topic of very large but finite universes—to avoid the need to introduce a measure—we will imagine modifying the description so that the universe ends at some time, but we",IV-C.Rejection of theories in which Boltzmann Brains dominate,IV-C.Rejection of theories in which Boltzmann Brains dominate,,,,,Probabilistic inference in very large universes,"Feraz Azhar, Alan H. Guth, Mohammad Hossein Namjoo",astro-ph.CO,2026-02-02T19:00:05Z,http://arxiv.org/abs/2602.02667v1,2602.02667,distribution_functions,234,180,False,False,420,600,False,3.0
astrobench_3644e67b5c,astrobench_3644e67b5c_chunk_025,25,"to OOs would be infinite. To keep the discussion on the topic of very large but finite universes—to avoid the need to introduce a measure—we will imagine modifying the description so that the universe ends at some time, but we will consider an ending time that is arbitrarily long. In particular, we will assume that for any possible subjective state S, the BBs in that state vastly outnumber the OOs in that state. According to the PSLI, we should calculate first-person probabilities as if our current observer-instant were chosen randomly and uniformly from all observer-instants in the same subjective state in the asymptotic ensemble generated from the theory. Recall that a real observer in subjective state S would have absolutely no way of distinguishing herself from any of the OOs or BBs in the ensemble in subjective state S. (She could in principle determine from the model universes Uα which of these observers were OOs and which were BBs, but since she would not know her own status, there would be no logic to using this distinction to influence her",IV-C.Rejection of theories in which Boltzmann Brains dominate,IV-C.Rejection of theories in which Boltzmann Brains dominate,,,,,Probabilistic inference in very large universes,"Feraz Azhar, Alan H. Guth, Mohammad Hossein Namjoo",astro-ph.CO,2026-02-02T19:00:05Z,http://arxiv.org/abs/2602.02667v1,2602.02667,distribution_functions,234,180,False,False,560,740,False,3.0
astrobench_3644e67b5c,astrobench_3644e67b5c_chunk_026,26,"could in principle determine from the model universes Uα which of these observers were OOs and which were BBs, but since she would not know her own status, there would be no logic to using this distinction to influence her beliefs about which of these observers in the model universe describes her own situation.) Thus, we see no reasonable alternative to her making predictions as if her current observerinstant were chosen randomly from this group. 14 That is, the cosmological model which assumes that the dominant contributions to the energy density of the universe are a cosmological constant (Λ) and cold dark matter (CDM). 15 Using this method, the first-person probabilities would imply that any real observer is vastly more likely to be a BB than an OO. However, even if we focus on BBs who are selected to exactly match the current subjective state of a real observer, those BBs would still, with overwhelming probability, see the world around them rapidly dissolve in to a thermal equilibrium mix. Thus, this model seems to clearly be in conflict with our",IV-C.Rejection of theories in which Boltzmann Brains dominate,IV-C.Rejection of theories in which Boltzmann Brains dominate,,,,,Probabilistic inference in very large universes,"Feraz Azhar, Alan H. Guth, Mohammad Hossein Namjoo",astro-ph.CO,2026-02-02T19:00:05Z,http://arxiv.org/abs/2602.02667v1,2602.02667,distribution_functions,234,180,False,False,700,880,False,3.0
astrobench_3644e67b5c,astrobench_3644e67b5c_chunk_027,27,"match the current subjective state of a real observer, those BBs would still, with overwhelming probability, see the world around them rapidly dissolve in to a thermal equilibrium mix. Thus, this model seems to clearly be in conflict with our observations. This consequence of the ΛCDM model with an absolutely stable vacuum was noticed by Page 60 in 2008, who suggested that it might show that our vacuum must decay on a time scale of gigayears—so that BBs cannot dominate. But the situation is more subtle than it seems, because if the true theory really does predict BB domination, then with overwhelming likelihood we would be BBs. However, since BBs have not evolved in coordination with their surroundings over the history of the universe, everything they think they know is really just the result of the random configurations of atoms in their mental circuitry. There is therefore no reason for a BB to trust either his memory or thought processes. So, if BBs really vastly outnumber OOs, how can we rule out the possibility that we are BBs who merely",IV-C.Rejection of theories in which Boltzmann Brains dominate,IV-C.Rejection of theories in which Boltzmann Brains dominate,,,,,Probabilistic inference in very large universes,"Feraz Azhar, Alan H. Guth, Mohammad Hossein Namjoo",astro-ph.CO,2026-02-02T19:00:05Z,http://arxiv.org/abs/2602.02667v1,2602.02667,distribution_functions,234,180,False,False,840,1020,False,3.0
astrobench_3644e67b5c,astrobench_3644e67b5c_chunk_028,28,"[a preponderance of Boltzmann brains] is ruled out by data, but that the theories that predict them are cognitively unstable: they cannot simultaneously be true and justifiably believed.” We agree with this conclusion completely, but we have minor quibbles with some statements that Carroll made along the way.15 In Ref. 63, Page took issue with Carroll’s Ref. 61, while also, like us, agreeing with Carroll’s ma in point about cognitive instability. But Page argued that BBdominated theories can be ruled out without “appeal to this argumentation” by “conventional Bayesian reasoning.” In our view, Page’s argument appeared to rely on the ability of the reader to underst and and verify the Bayesian argument even if he is a BB, which we find dubious. - 15 In particular, Carroll wrote (Sec. 5.3) that “While we know (or at least seem to perceive) that we are not disembodied brains floating in an otherwise empty void, we don’t know that we and our local environments haven’t fluctuated in to existence from a higher-entropy equilibrium state — in a long-lived, randomlyfluctuating universe, it’s overwhelmingly likely",we find,we find,,,,,Probabilistic inference in very large universes,"Feraz Azhar, Alan H. Guth, Mohammad Hossein Namjoo",astro-ph.CO,2026-02-02T19:00:05Z,http://arxiv.org/abs/2602.02667v1,2602.02667,distribution_functions,234,180,False,False,140,320,False,3.0
astrobench_3644e67b5c,astrobench_3644e67b5c_chunk_029,29,"that we are not disembodied brains floating in an otherwise empty void, we don’t know that we and our local environments haven’t fluctuated in to existence from a higher-entropy equilibrium state — in a long-lived, randomlyfluctuating universe, it’s overwhelmingly likely that we have indeed done so.” Although we “seem to perceive” that we are not disembodied brains, we of course cannot trust these perceptions if we are likely to be Boltzmann brains. We agree with Albrecht and Sorbo (in Sec. III-C of Ref. 62) that “The most likely fluctuation consistent with everything you know is simply your bra in (complete with “memories” of the Hubble deep fields, microwave background data, etc.) fluctuating briefly out of chaos and then immediately equilibrating back in to chaos aga in.” Carroll also wrote (also Sec. 5.3) that “The best we can do is to decline to enterta in the possibility that the universe is described by a cognitively unstable theory, by setting our prior for such a possibility to zero (or at least very close to it). That is what priors are all about:",we find,we find,,,,,Probabilistic inference in very large universes,"Feraz Azhar, Alan H. Guth, Mohammad Hossein Namjoo",astro-ph.CO,2026-02-02T19:00:05Z,http://arxiv.org/abs/2602.02667v1,2602.02667,distribution_functions,234,180,False,False,280,460,False,3.0
astrobench_3644e67b5c,astrobench_3644e67b5c_chunk_030,30,"decline to enterta in the possibility that the universe is described by a cognitively unstable theory, by setting our prior for such a possibility to zero (or at least very close to it). That is what priors are all about: setting credences for models on the basis of how simple and reasonable they seem to be before we have collected any relevant data.” To us, this sentence seems to contradict the key point that Carroll and we agree on: BB-dominated theories should be rejected not because they are difficult to believe, but because they cannot be used to do science. 16 Srednicki and Hartle (in Sec. VII of Ref. (8) take a very different point of view, arguing that BB-dominated theories are perfectly acceptable, as one can prevent the prediction that we should be BBs by adopting a xerographic distribution that is “nonzero only for locations sufficiently close to a big bang to make it much more likely that we are OOs rather than BBs.” They argue that “scientists favor frameworks that are predictive,” and that a uniform xerographic distribution",we find,we find,,,,,Probabilistic inference in very large universes,"Feraz Azhar, Alan H. Guth, Mohammad Hossein Namjoo",astro-ph.CO,2026-02-02T19:00:05Z,http://arxiv.org/abs/2602.02667v1,2602.02667,distribution_functions,234,180,False,False,420,600,False,3.0
astrobench_3644e67b5c,astrobench_3644e67b5c_chunk_031,31,"Probabilistic inference in very large universes IV-E.Use of “Old Evidence” This paper has been mainly aimed at developing a method of assessing theories of a very large universe, in which the effective, low-energy approximations to the laws of physics might vary from one region to another. We have focused on the definition of first-person probabilities—probabilities predicted by a given theory for what we should expect to see, taking in to account all selection effects. Such first-person probabilities would 16 Clinicians are trained to look for signs that their patients might not match the characteristics of a study group, but in the absence of such signs it is standard practice to take the percentages of a study group as predicted probabilities for the patient. For example, in the Clinicians’ Guide to Statistics for Medical Practice and Research: Part I 65, an example is given of a study of heart transplant patients who received hearts from donors over the age of 35. 27% of the study patients experienced cardiac death with in 5 years, so the textbook advises that the data can",IV-E.Use of “Old Evidence”,IV-E.Use of “Old Evidence”,,,,,Probabilistic inference in very large universes,"Feraz Azhar, Alan H. Guth, Mohammad Hossein Namjoo",astro-ph.CO,2026-02-02T19:00:05Z,http://arxiv.org/abs/2602.02667v1,2602.02667,distribution_functions,234,180,False,False,0,180,False,3.0
astrobench_3644e67b5c,astrobench_3644e67b5c_chunk_032,32,"example is given of a study of heart transplant patients who received hearts from donors over the age of 35. 27% of the study patients experienced cardiac death with in 5 years, so the textbook advises that the data can be used “to predict that the next patient seen in clinic... will have a probability of 0.27 of experiencing cardiac death with in 5 years.” In other words, in the absence of evidence to the contrary, it is standard medical practice to assume that any given patient is typical of the study group. 18 then be used to update the probabilities assigned to theories on the basis of new experiments, following the usual Bayesian method. When assessing theories, however, one cannot avoid the question of how previously acquired data should affect the probability that we might assign to a new theory. Philosophers refer to this as the ‘Old Evidence Problem’ 66. A commonly discussed example is the role of the precession of the perihelion of Mercury’s orbit as evidence for general relativity, as the precession was known many years before",IV-E.Use of “Old Evidence”,IV-E.Use of “Old Evidence”,,,,,Probabilistic inference in very large universes,"Feraz Azhar, Alan H. Guth, Mohammad Hossein Namjoo",astro-ph.CO,2026-02-02T19:00:05Z,http://arxiv.org/abs/2602.02667v1,2602.02667,distribution_functions,234,180,False,False,140,320,False,3.0
astrobench_3644e67b5c,astrobench_3644e67b5c_chunk_033,33,"example in which our knowledge base contains the pair of propositions {E, E →B}. But the knowledge base might alternatively be described by including the pair of propositions {E, B}, which leads to the same consequences. The two descriptions are equivalent, but if E is removed, then B would still hold in the second case, but not the first. would produce probability assignments that would have been relevant just after E was discovered, so to obta in currently relevant probabilities we might have to continue the process to include all other relevant experiments between then and now. A crucial difficulty with this procedure is the assignment of prior probabilities at the time just before E was discovered, because it is hard to know how much our choices might be biased by knowledge of data obtained later. For that reason, the implications of old evidence are generally more controversial—more subject to the differing opinions of various researchers—than the implications of new experiments.",IV-E.Use of “Old Evidence”,IV-E.Use of “Old Evidence”,,,,,Probabilistic inference in very large universes,"Feraz Azhar, Alan H. Guth, Mohammad Hossein Namjoo",astro-ph.CO,2026-02-02T19:00:05Z,http://arxiv.org/abs/2602.02667v1,2602.02667,distribution_functions,210,161,False,False,700,861,False,3.0
astrobench_3644e67b5c,astrobench_3644e67b5c_chunk_034,34,"each observer-instant —an observer at a specific instant of time. Calculations of first-person probabilities should take in to account everything that the observer believes about herself and her surroundings, which we refer to as her subjective state. If the universe is very large, a theory might predict that there are many observer-instants in the same subjective state; we argue that first-person probabilities should be calculated using a Principle of Self-Locating Indifference (PSLI), the assumption that any real observer should make predictions for her future as if she were chosen randomly and uniformly from the theoretically predicted observer-instants that share her subjective state. We believe the PSLI is intuitively very reasonable, but we also argue that, if the theory is correct, the use of this principle maximizes the expected fraction of observers who will make correct predictions. A further complication is that cosmological theories are not expected to fully predict the detailed properties of the universe, but rather will predict a set of possible universes, each with a probability. Different possible universes will generically have different numbers of observers. We argue",Probabilistic inference in very large universes,Probabilistic inference in very large universes,,,,,Probabilistic inference in very large universes,"Feraz Azhar, Alan H. Guth, Mohammad Hossein Namjoo",astro-ph.CO,2026-02-02T19:00:05Z,http://arxiv.org/abs/2602.02667v1,2602.02667,distribution_functions,234,180,False,False,280,460,False,2.0
astrobench_3644e67b5c,astrobench_3644e67b5c_chunk_035,35,"that cosmological theories are not expected to fully predict the detailed properties of the universe, but rather will predict a set of possible universes, each with a probability. Different possible universes will generically have different numbers of observers. We argue that, in the calculation of first-person probabilities, the probability for each possible universe should be weighted by the number of observer-instants in the specified subjective state that it contains. These issues have been controversial in the literature, so we also provide: a rebuttal to the claim that principles like the PSLI involve a “selection fallacy”; a rebuttal to what we dub the Principle of Required Certainty; an argument rejecting theories that predict a preponderance of Boltzmann brains; a rebuttal to a parable about humans and Jovians used by Hartle and Srednicki to argue that assumptions of typicality can lead to absurd consequences; and finally, a discussion about how the use of “old evidence” can be fit in to a Bayesian mold.",Probabilistic inference in very large universes,Probabilistic inference in very large universes,,,,,Probabilistic inference in very large universes,"Feraz Azhar, Alan H. Guth, Mohammad Hossein Namjoo",astro-ph.CO,2026-02-02T19:00:05Z,http://arxiv.org/abs/2602.02667v1,2602.02667,distribution_functions,210,161,False,False,420,581,False,2.0
astrobench_3644e67b5c,astrobench_3644e67b5c_chunk_036,36,"Probabilistic inference in very large universes III.CALCULATING FIRST-PERSON PROBABILITIES IN VERY LARGE UNIVERSES We beg in by assuming that we are exploring the predictions of a fully detailed cosmological theory. An (ideal) complete cosmological theory provides a set of possible universes {Uα}, where each Uα is a full description of a possible spacetime and everything that happens in it. Each Uα describes an entire universe, even if the universe has disconnected components. (Some theories may predict universes with disconnected components, and others may not. We are allowing for both possibilities.) Each Uα is fully detailed, describing not only the cosmological features of the universe, but also the complete histories of every being and every object in the universe, including every experiment that is ever done, every word that is ever uttered, every thought that is ever thunk, and every star, planet, meteorite, and speck of dust that ever exists. As described in Footnote 7, we are assuming that, for these purposes, a classical description suffices. We assume that Uα describes the universe modulo coordinate redefinitions, so two descriptions that are",III.CALCULATING FIRST-PERSON PROBABILITIES IN VERY LARGE UNIVERSES,III.CALCULATING FIRST-PERSON PROBABILITIES IN VERY LARGE UNIVERSES,,,,,Probabilistic inference in very large universes,"Feraz Azhar, Alan H. Guth, Mohammad Hossein Namjoo",astro-ph.CO,2026-02-02T19:00:05Z,http://arxiv.org/abs/2602.02667v1,2602.02667,distribution_functions,234,180,False,False,0,180,False,2.0
astrobench_3644e67b5c,astrobench_3644e67b5c_chunk_037,37,"Probabilistic inference in very large universes III-A.Probabilities, third person and first person The probabilities P cos( Uα ) describe the probability distribution for the universe from a third person point of view—the point of view of an external observer (who is outside of the universe) and can observe the entire universe. However, the theory says nothing whatever about who I am, so we have to make further assumptions to make predictions about what I (or any other particular observer) should expect to experience. The probabilities that describe what any particular observer should expect to experience are called first-person probabilities. In more detail, even if we assume that the theory is correct and that we know which Uα describes the real universe U real, it is quite possible in a very large universe that U real will conta in multiple observer-instants that are LIKE any given observer-instant I∗ for which predictions are sought. That is, it is possible that U real contains multiple observer-instants Ii that are in the same subjective state as I∗, S ( I∗ ), so that the","III-A.Probabilities, third person and first person","III-A.Probabilities, third person and first person",,,,,Probabilistic inference in very large universes,"Feraz Azhar, Alan H. Guth, Mohammad Hossein Namjoo",astro-ph.CO,2026-02-02T19:00:05Z,http://arxiv.org/abs/2602.02667v1,2602.02667,distribution_functions,234,180,False,False,0,180,False,2.0
astrobench_3644e67b5c,astrobench_3644e67b5c_chunk_038,38,"that are LIKE any given observer-instant I∗ for which predictions are sought. That is, it is possible that U real contains multiple observer-instants Ii that are in the same subjective state as I∗, S ( I∗ ), so that the observer O ( I∗ ) (who is inside the universe) cannot at time t ( I∗ ) distinguish any of them from herself. Furthermore, since we don’t expect that anyone will actually know which Uα describes the real universe U real, there is the further complication that different possible universes Uα might each have different 11 For simplicity we will treat the label α as a discrete variable, but it would be straightforward to generalize our arguments to the case in which the possible universes are labeled by a set of variables, any of which may be discrete or continuous. numbers of observer-instants Ii which are in the subjective state S ( I∗ ). In this situation, the following question arises: How should the observer O ( I∗ ) compute probabilities for what she will experience? That is, how should","III-A.Probabilities, third person and first person","III-A.Probabilities, third person and first person",,,,,Probabilistic inference in very large universes,"Feraz Azhar, Alan H. Guth, Mohammad Hossein Namjoo",astro-ph.CO,2026-02-02T19:00:05Z,http://arxiv.org/abs/2602.02667v1,2602.02667,distribution_functions,234,180,False,False,140,320,False,2.0
astrobench_3644e67b5c,astrobench_3644e67b5c_chunk_039,39,"the probability that a specific event happens in the future or the past of some observer-instant, or perhaps the probability that a specific set of such events happen in the future or the past of some observer-instant. It could also be, as another example, the probability that a distant vacuum decay event occurs (one that was initially spacelike separated from the observer), which sets off an expanding bubble wall that will collide with the observer 5 years in to the future. The probabilities of interest can be time-specific (e.g., the probability that the observer will have a car accident 22 days in the future), or not time-specific (e.g., the probability that the observer will have a car accident sometime in her future). We can now state the principle that we advocate to calculate such first-person probabilities. We will first state the principle, discussing motivation and justification below.",III-B.Principle of Self-Locating Indifference,III-B.Principle of Self-Locating Indifference,,,,,Probabilistic inference in very large universes,"Feraz Azhar, Alan H. Guth, Mohammad Hossein Namjoo",astro-ph.CO,2026-02-02T19:00:05Z,http://arxiv.org/abs/2602.02667v1,2602.02667,distribution_functions,192,147,False,False,560,707,False,2.0
astrobench_ef28bece42,astrobench_ef28bece42_chunk_000,0,"Galactic disc warps from $z = 2.5$ to modern epoch: ruling out observational effects 2.SAMPLE AND DATA ANALYSIS The final sample of galaxies for this study is presented in 16 and consists of two subsamples. In the first, there are objects from COSMOS field observed by HST in F814W filter, selected in 17. For a small part of galaxies from the mentioned work it was not possible to measure the shape of the disc (see below) and we limited ourselves with galaxies with stellar mass M∗ higher than 109 M⊙, so only 780 galaxies (out of 950 in 17) were studied in this work. These galaxies are mostly located at z ≲ 1. The second subsample which was constructed in 16, is based on DAWN JWST Archive (DJA) data 18, which contains images from several deep JWST fields. For this JWST subsample, we end up with 247 galaxies with images available in F115W or F444W filters, or both. In total, our sample contains 1027 edge-on galaxies up to redshift z ≲ 2.5. Their redshift and mass distribution is shown in",2.SAMPLE AND DATA ANALYSIS,2.SAMPLE AND DATA ANALYSIS,,,,,Galactic disc warps from $z = 2.5$ to modern epoch: ruling out observational effects,"Ilia V. Chugunov, Vladimir P. Reshetnikov, Alexander A. Marchuk",astro-ph.GA,2026-02-01T15:39:04Z,http://arxiv.org/abs/2602.01286v1,2602.01286,distribution_functions,234,180,False,True,0,180,True,5.0
astrobench_ef28bece42,astrobench_ef28bece42_chunk_001,1,"JWST subsample, we end up with 247 galaxies with images available in F115W or F444W filters, or both. In total, our sample contains 1027 edge-on galaxies up to redshift z ≲ 2.5. Their redshift and mass distribution is shown in Figure 1. The complete sample is available online at https:// github.com/IVChugunov/Distantdiscwarps. To measure the shapes of discs, in 16 we used an approach from 3. The key method in this approach is the skeletonization of the isophotes. We built multiple isophotes, and, for each one, we selected the area enclosed by it, constructed its skeleton image and selected the longest “thread” in it. By definition, skeleton is a one-pixel wide line representing the general shape of the area inside the isophote. Using skele- ∗ E-mail: chugunov21@list.ru x–1 Modern Astronomy: Science and Education (to 270th Anniversary of Moscow University) ==> picture [222 x 267] intentionally omitted <== ----- Start of picture text -----<br> Sample galaxies mass and redshif<br>JWST<br>200 HST<br>150<br>100<br>50<br>0<br>0.0 0.5 1.0 1.5 2.0 2.5<br>z<br>11.5<br>JWST<br>HST<br>11.0 10 9 M ⊙<br>10.5<br>10.0<br>9.5<br>9.0<br>0.0 0.5 1.0 1.5 2.0 2.5<br>N<br>)<br>⊙<br>M/<br>(M<br>10<br>log<br>----- End of picture text -----<br> Figure 1. Distribution",2.SAMPLE AND DATA ANALYSIS,2.SAMPLE AND DATA ANALYSIS,,,,,Galactic disc warps from $z = 2.5$ to modern epoch: ruling out observational effects,"Ilia V. Chugunov, Vladimir P. Reshetnikov, Alexander A. Marchuk",astro-ph.GA,2026-02-01T15:39:04Z,http://arxiv.org/abs/2602.01286v1,2602.01286,distribution_functions,234,180,False,True,140,320,True,4.5
astrobench_ef28bece42,astrobench_ef28bece42_chunk_002,2,"[222 x 267] intentionally omitted <== ----- Start of picture text -----<br> Sample galaxies mass and redshif<br>JWST<br>200 HST<br>150<br>100<br>50<br>0<br>0.0 0.5 1.0 1.5 2.0 2.5<br>z<br>11.5<br>JWST<br>HST<br>11.0 10 9 M ⊙<br>10.5<br>10.0<br>9.5<br>9.0<br>0.0 0.5 1.0 1.5 2.0 2.5<br>N<br>)<br>⊙<br>M/<br>(M<br>10<br>log<br>----- End of picture text -----<br> Figure 1. Distribution of galaxies by redshift (top) and the diagram showing stellar mass in solar units and redshift for galaxies in the sample (bottom). tons of different isophotes, we averaged the locations of skeletons and obtained the centre-line of a disc this way, with an example shown in Figure 2. The following measurements of warp properties, in particular their existence in each individual galaxy, warp angle and other parameters, are based on the parameters of centre-line. Formally, centre-line is the set of multiple measurements of the disc offset from the central plane, ∆H, for different galactocentric radii r. Central plane is a tangent to the galactic disc in the centre of a galaxy. ==> picture [222 x 179] intentionally omitted <== ----- Start of picture text -----<br> A galaxy with an S-shaped warp at z = 0.20<br>Centre-line<br>ψe = 5.3 ∘<br>----- End of",2.SAMPLE AND DATA ANALYSIS,2.SAMPLE AND DATA ANALYSIS,,,,,Galactic disc warps from $z = 2.5$ to modern epoch: ruling out observational effects,"Ilia V. Chugunov, Vladimir P. Reshetnikov, Alexander A. Marchuk",astro-ph.GA,2026-02-01T15:39:04Z,http://arxiv.org/abs/2602.01286v1,2602.01286,distribution_functions,234,180,False,True,280,460,True,4.5
astrobench_ef28bece42,astrobench_ef28bece42_chunk_003,3,"tangent to the galactic disc in the centre of a galaxy. ==> picture [222 x 179] intentionally omitted <== ----- Start of picture text -----<br> A galaxy with an S-shaped warp at z = 0.20<br>Centre-line<br>ψe = 5.3 ∘<br>----- End of picture text -----<br> Figure 2. An example showing a galaxy, its isophotes and measured centre-line (top) and the illustration of how warp angle is defined (bottom). This galaxy is located at z = 0.20 and has a conspicuous warp which angle is ψe = 5.3[◦]. Warp angle ψe is defined in a manner similar to 3 and schematically shown in Figure 2. However, there is a difference between the definition from this work and from 3: we measure ψe at the galactocentric radius corresponding to the outermost extent of the available centre-line measurements instead of R25. Insufficent image depth, as well as band-shifting effects and cosmological surface brightness dimming make us unable to consistently use R25. In the same time, we are fully aware that ψe measured in this way inherently depend on the spatial extent of the data, and",2.SAMPLE AND DATA ANALYSIS,2.SAMPLE AND DATA ANALYSIS,,,,,Galactic disc warps from $z = 2.5$ to modern epoch: ruling out observational effects,"Ilia V. Chugunov, Vladimir P. Reshetnikov, Alexander A. Marchuk",astro-ph.GA,2026-02-01T15:39:04Z,http://arxiv.org/abs/2602.01286v1,2602.01286,distribution_functions,234,180,False,True,420,600,True,4.5
astrobench_ef28bece42,astrobench_ef28bece42_chunk_004,4,"well as band-shifting effects and cosmological surface brightness dimming make us unable to consistently use R25. In the same time, we are fully aware that ψe measured in this way inherently depend on the spatial extent of the data, and in Section 3.1 we pay attention to rule out any possible observational",2.SAMPLE AND DATA ANALYSIS,2.SAMPLE AND DATA ANALYSIS,,,,,Galactic disc warps from $z = 2.5$ to modern epoch: ruling out observational effects,"Ilia V. Chugunov, Vladimir P. Reshetnikov, Alexander A. Marchuk",astro-ph.GA,2026-02-01T15:39:04Z,http://arxiv.org/abs/2602.01286v1,2602.01286,distribution_functions,68,52,False,False,560,612,True,4.0
astrobench_ef28bece42,astrobench_ef28bece42_chunk_005,5,"prevalent in the past compared to the modern epoch. We check how selection effects and varying image quality between objects in our sample could influence our results and conclude that varying fraction of warped galaxies is not caused by observational effects, but represents a genuine evolution. Such a trend may be consistent with mergers and interactions between galaxies being the primary mechanism of warp formation, as number density of galaxies decreases with time, implying higher rate of mergers and interactions in the past. PACS numbers: 98.62.Ai, 98.62.Hr",Galactic disc warps from z = 2.5 to modern epoch: ruling out observational effects,Galactic disc warps from z = 2.5 to modern epoch: ruling out observational effects,,,,,Galactic disc warps from $z = 2.5$ to modern epoch: ruling out observational effects,"Ilia V. Chugunov, Vladimir P. Reshetnikov, Alexander A. Marchuk",astro-ph.GA,2026-02-01T15:39:04Z,http://arxiv.org/abs/2602.01286v1,2602.01286,distribution_functions,114,87,False,False,140,227,False,2.0
astrobench_6b026e54cb,astrobench_6b026e54cb_chunk_000,0,"The LEGARE Project. I. Chemical evolution model of the Nuclear Stellar Disc in a Bayesian framework Chemical evolution model of the Nuclear Stellar Disc in a Bayesian framework E. Spitoni 1, 2 ⋆, M. Schultheis 3, F. Matteucci 1, 4, 5, N. Ryde 6, G. Cescutti 4, 5, 1, A. Saro 4, 2, 1, 5, 7, M.C. Sormani 8 and B. Thorsbro 3, 6 1 I.N.A.F. Osservatorio Astronomico di Trieste, via G.B. Tiepolo 11, 34143, Trieste, Italy 2 IFPU, Institute for Fundamental Physics of the Universe, Via Beirut 2, I-34151 Trieste, Italy 3 Université Côte d’Azur, Observatoire de la Côte d’Azur, Laboratoire Lagrange, CNRS, Blvd de l’Observatoire, 06304 Nice, France 4 Dipartimen to di Fisica, Sezione di Astronomia, Università di Trieste, Via G. B. Tiepolo 11, 34143 Trieste, Italy - 5 INFN Sezione di Trieste, via Valerio 2, 34134 Trieste, Italy 6 Division of Astrophysics, Department of Physics, Lund University, Box 118, 221 00 Lund, Sweden 7 ICSC – Italian Research Center on High Performance Computing, Big Data and Quantum Computing, Via Magnanelli 2, 40033 Casalecchio di Reno, Italy 8",Chemical evolution model of the Nuclear Stellar Disc in a Bayesian framework,Chemical evolution model of the Nuclear Stellar Disc in a Bayesian framework,,,,,The LEGARE Project. I. Chemical evolution model of the Nuclear Stellar Disc in a Bayesian framework,"E. Spitoni, M. Schultheis, F. Matteucci, N. Ryde, G. Cescutti, A. Saro, M. C. Sormani, B. Thorsbro",astro-ph.GA,2026-01-28T20:48:30Z,http://arxiv.org/abs/2601.21032v1,2601.21032,distribution_functions,234,180,False,False,0,180,True,5.0
astrobench_6b026e54cb,astrobench_6b026e54cb_chunk_001,1,"than that already achieved by the thick disc ([Fe/H] ≃−0.5 dex), temporarily decreases the metallicity of the stellar populations formed immediately after the infall event (see discussion in Spitoni et al. 2019, 2021, 2022). We also indicated the minimum metallicity reached after the onset of the bar, [Fe/H]min = −0.10 dex. In the right panel of Fig. 1, we present the temporal evolution of the abundance ratios [Fe/H] versus [X/Fe] (with X = Mg, Si, Ca) predicted by the Galactic disc model at 4 kpc. Shortly after the onset of the second infall, a distinctive loop appears in the chemical plane, displaying a ribbon-like shape (Spitoni et al. 2024). In fact, the accretion of the above-mentioned chemically poor gas triggers a dilution phase. Once star formation resumes, CC-SNe drive a sharp increase in the [X/Fe] ratio, which is then followed by a decline and a shift toward higher metallicities, as Type Ia SNe contribute substantial amounts of Fe. We define the abundance by mass of an element i in the inner Galactic disc, computed at 4 kpc, as the quantity:",2.1.Chemical evolution model for the inner Galactic disc,2.1.Chemical evolution model for the inner Galactic disc,,,,,The LEGARE Project. I. Chemical evolution model of the Nuclear Stellar Disc in a Bayesian framework,"E. Spitoni, M. Schultheis, F. Matteucci, N. Ryde, G. Cescutti, A. Saro, M. C. Sormani, B. Thorsbro",astro-ph.GA,2026-01-28T20:48:30Z,http://arxiv.org/abs/2601.21032v1,2601.21032,distribution_functions,234,180,True,True,560,740,True,5.0
astrobench_6b026e54cb,astrobench_6b026e54cb_chunk_002,2,"The LEGARE Project. I. Chemical evolution model of the Nuclear Stellar Disc in a Bayesian framework 2.2.The chemical evolution model for the NSD As indicated in the Introduction, the NSD is primarily fueled by gas channeled inward by the Galactic bar from the inner disc re- Article number, page 3 of 13 A&A proofs: manuscript no. spitoni gions. In this work, we refer generically to gas ""flows"" without distinguishing between material originating in the disc and any possible residual contribution from other Galactic components. Our focus is on the chemical enrichment expected for the NSD, and in particular on constraining the degree of chemical preenrichment from the Galactic disc that is required to reproduce the available spectroscopic observations. We emphasise that our model assumes in situ formation for all NSD stars, whereas the gas reservoir feeding their formation may be supplied by the Galactic disc or other Galactic components. Hence, the equation of the evolution of the surface density of the chemical element i is: modelling of the Galactic bulge in Matteucci et al. (2019) and more recently to expla",2.2.The chemical evolution model for the NSD,2.2.The chemical evolution model for the NSD,,,,,The LEGARE Project. I. Chemical evolution model of the Nuclear Stellar Disc in a Bayesian framework,"E. Spitoni, M. Schultheis, F. Matteucci, N. Ryde, G. Cescutti, A. Saro, M. C. Sormani, B. Thorsbro",astro-ph.GA,2026-01-28T20:48:30Z,http://arxiv.org/abs/2601.21032v1,2601.21032,distribution_functions,234,180,False,False,0,180,True,5.0
astrobench_6b026e54cb,astrobench_6b026e54cb_chunk_003,3,"The LEGARE Project. I. Chemical evolution model of the Nuclear Stellar Disc in a Bayesian framework 3.Data sample for the NSD metallicity distribution The models presented in this work will be constrained by the MDF derived from an updated stellar sample of candidate NSD members originally presented by Schultheis et al. (2021). In Schultheis et al. (2021), they presented the kinematics and global metallicities for NSD candidates based on the observations of K/M giant stars via a dedicated KMOS (VLT, ESO) spectroscopic survey. We call Sample A the same subsample of stars used in Sormani et al. (2022) to construct self-consistent dynamical models of the NSD. These authors used a preliminary version of the second version of Via Lactea survey Infrared Astrometric Catalogue (VIRAC2, Smith et al. 2025) to exclude stars that had large error on proper motions. Here, we do not use the proper motions, but we simply select the same sample of stars for consistency. By simultaneously modelling the contamination from the Galactic bar with an N -body simulation, they were able to assign posterior membership probabilities to",3.Data sample for the NSD metallicity distribution,3.Data sample for the NSD metallicity distribution,,,,,The LEGARE Project. I. Chemical evolution model of the Nuclear Stellar Disc in a Bayesian framework,"E. Spitoni, M. Schultheis, F. Matteucci, N. Ryde, G. Cescutti, A. Saro, M. C. Sormani, B. Thorsbro",astro-ph.GA,2026-01-28T20:48:30Z,http://arxiv.org/abs/2601.21032v1,2601.21032,distribution_functions,234,180,False,False,0,180,True,5.0
astrobench_6b026e54cb,astrobench_6b026e54cb_chunk_004,4,"do not use the proper motions, but we simply select the same sample of stars for consistency. By simultaneously modelling the contamination from the Galactic bar with an N -body simulation, they were able to assign posterior membership probabilities to individual stars, thereby providing a robust probabilistic framework for the identification of genuine NSD members. The Sample A comprises 1806 stars. In Fig. 3, the MDF in terms of [Fe/H] for this sample is shown as filled pink histograms. As anticipated in Section 2.2, the MDF of the selected NSD stars covers a wide metallicity range, from −1.44 dex to 0.95 dex in [Fe/H], with a median value of [Fe/H]median = 0.08 dex. In Sample A, we find that ∼ 22% of the stars have total velocities exceeding v tot > 250 km s[−]1. These high velocities are characteristic of bulge populations, and the derived fraction should be regarded as a conservative lower limit. Hence, we also considered another sample to minimise the contamination of NSD disc stars by the Galactic bulge. From Figure 13 of Schultheis et al. (2021),",3.Data sample for the NSD metallicity distribution,3.Data sample for the NSD metallicity distribution,,,,,The LEGARE Project. I. Chemical evolution model of the Nuclear Stellar Disc in a Bayesian framework,"E. Spitoni, M. Schultheis, F. Matteucci, N. Ryde, G. Cescutti, A. Saro, M. C. Sormani, B. Thorsbro",astro-ph.GA,2026-01-28T20:48:30Z,http://arxiv.org/abs/2601.21032v1,2601.21032,distribution_functions,234,180,False,True,140,320,True,5.0
astrobench_6b026e54cb,astrobench_6b026e54cb_chunk_005,5,"The LEGARE Project. I. Chemical evolution model of the Nuclear Stellar Disc in a Bayesian framework 5.Results for the NSD chemical evolution In this Section, we present the ma in results of our chemical evolution models for the NSD, obtained with in the Bayesian MCMC framework described in Section 4, and constrained by the MDFs derived from Sample A and Sample B, as introduced in Section 3. In Section 5.1, we first present the different models characterised by different degrees of chemical dilution in the inflowing gas from the inner disc. In Section 5.2, we discuss the best-fit model parameters as inferred from the MCMC analysis. In Section 5.3, we then compare these best-fit models with additional observational constraints, including the star formation history estimated by Sanders et al. (2024). Finally, in Section 5.4, we confront the model predictions with abundance ratios as reported by Ryde et al. (2025).",5.Results for the NSD chemical evolution,5.Results for the NSD chemical evolution,,,,,The LEGARE Project. I. Chemical evolution model of the Nuclear Stellar Disc in a Bayesian framework,"E. Spitoni, M. Schultheis, F. Matteucci, N. Ryde, G. Cescutti, A. Saro, M. C. Sormani, B. Thorsbro",astro-ph.GA,2026-01-28T20:48:30Z,http://arxiv.org/abs/2601.21032v1,2601.21032,distribution_functions,194,149,False,False,0,149,True,5.0
astrobench_6b026e54cb,astrobench_6b026e54cb_chunk_006,6,"and gas inflow rate for the four enrichment scenarios. The predicted star formation histories in Fig. 8 show a pronounced enhancement of star formation immediately after the formation of the Galactic bar (about 8 Gyr ago), marking the onset of NSD formation. Stronger dilution scenarios lead to sharper peaks closer to this epoch, since a larger number of stars must form rapidly in order to reach the chemical enrichment level observed in present-day NSD stars. The SFR estimated by Sanders et al. (2024) and drawn in the upper panel of Fig. 8 shows a rapid decline in recent times, approaching a near-zero value, while all other proposed models exhibit a less pronounced decrease, retaining 20-45% of their peak levels at present. It is important to stress that Sanders et al. (2024) derived the NSD star formation history from MIRA variables used as age tracers. These evolved stars provide strong constraints on ancient star formation episodes (around 8 ± 1 Gyr ago), but are less sensitive to very recent activity. This limitation likely explains the almost negligible star formation at the",5.3.Comparison with other observational data,5.3.Comparison with other observational data,,,,,The LEGARE Project. I. Chemical evolution model of the Nuclear Stellar Disc in a Bayesian framework,"E. Spitoni, M. Schultheis, F. Matteucci, N. Ryde, G. Cescutti, A. Saro, M. C. Sormani, B. Thorsbro",astro-ph.GA,2026-01-28T20:48:30Z,http://arxiv.org/abs/2601.21032v1,2601.21032,distribution_functions,234,180,False,False,140,320,True,5.0
astrobench_6b026e54cb,astrobench_6b026e54cb_chunk_007,7,"used as age tracers. These evolved stars provide strong constraints on ancient star formation episodes (around 8 ± 1 Gyr ago), but are less sensitive to very recent activity. This limitation likely explains the almost negligible star formation at the most recent epochs in their reconstruction, in contrast with our models, which predict a more extended star formation history. The star formation history inferred by Sanders et al. (2024) also shows a modest component prior to the epoch of bar formation. As already highlighted in previous Sections, in our modelling we assume that the NSD formed only after the establishment of the Galactic bar (Baba & Kawata 2020; Cole et al. 2014). We interpret the small pre-bar component in Sanders et al. (2024) reconstruction as likely spurious, or the result of contamination from the surrounding bulge– Galactic bar system. In the lower panel of Fig. 8, we show the temporal evolution of the SFR, expressed in units of M⊙ yr[−]1, as predicted by our models with different dilution levels. Our results for models including gas dilution (i.e. those constrained by",5.3.Comparison with other observational data,5.3.Comparison with other observational data,,,,,The LEGARE Project. I. Chemical evolution model of the Nuclear Stellar Disc in a Bayesian framework,"E. Spitoni, M. Schultheis, F. Matteucci, N. Ryde, G. Cescutti, A. Saro, M. C. Sormani, B. Thorsbro",astro-ph.GA,2026-01-28T20:48:30Z,http://arxiv.org/abs/2601.21032v1,2601.21032,distribution_functions,234,180,False,False,280,460,True,5.0
astrobench_6b026e54cb,astrobench_6b026e54cb_chunk_008,8,"NSD data from Ryde et al. (2025, red points). Each panel shows the evolution of [Mg/Fe], [Si/Fe], and [Ca/Fe] as a function of [Fe/H], as predicted by the four chemical evolution models considered in this work (PRIM, ENRD10, ENRD05, and ENRD03; see Table 1 for the adopted parameters). Shaded regions around the model curves indicate the uncertainties, obtained by Gaussian smoothing with σ[Fe/H] = 0.2 dex - consistent with the MDF fitting procedure - and σ[X/Fe] = 0.1 dex, where X denotes the considered element. Typical uncertainties of the Ryde et al. (2025) data are indicated in the lower-left corner of each panel by a red cross. Sample B substantially underestimates the Henshaw et al. (2023) value, predicting a rate of only 0.032 M⊙ yr[−]1. The predicted build-up of stellar mass (see Fig. 9) is broadly consistent with estimates of the present-day NSD mass of ∼ 109 M⊙. Our models based on the Sample A slightly overestimate this value, with predictions ranging from 1.15 × 109 M⊙ (Model ENRD03) to 1.35×109 M⊙ (Model PRIM). On the other hand, Model ENR,",5.3.Comparison with other observational data,5.3.Comparison with other observational data,,,,,The LEGARE Project. I. Chemical evolution model of the Nuclear Stellar Disc in a Bayesian framework,"E. Spitoni, M. Schultheis, F. Matteucci, N. Ryde, G. Cescutti, A. Saro, M. C. Sormani, B. Thorsbro",astro-ph.GA,2026-01-28T20:48:30Z,http://arxiv.org/abs/2601.21032v1,2601.21032,distribution_functions,234,180,False,True,560,740,True,5.0
astrobench_6b026e54cb,astrobench_6b026e54cb_chunk_009,9,"the present-day NSD mass of ∼ 109 M⊙. Our models based on the Sample A slightly overestimate this value, with predictions ranging from 1.15 × 109 M⊙ (Model ENRD03) to 1.35×109 M⊙ (Model PRIM). On the other hand, Model ENR, based on the Sample B, underestimates the present-day stellar mass, predicting a value of 3.14 × 108 M⊙. In Fig. 10, we also present the predicted evolution in time of the gas mass by different models. As reference we use the estimated value observed for the CMZ of 2−6×107 M ⊙ (Dahmen et al. 1998; Ferrière et al. 2007). We can notice that only models PRIM and ENRD10 fall in this observed range. Models with lower dilution tend to overestimate the present-day gas mass. In fact, since fewer stars are needed to reproduce the observed MDF as indicated in Fig. 9 (due to the higher chemical enrichment of the infalling gas), the system is left with more gas. On the same line, Model ENR, where no chemical dilution of the inflowing gas is considered, gives a value of 2.90 ×",5.3.Comparison with other observational data,5.3.Comparison with other observational data,,,,,The LEGARE Project. I. Chemical evolution model of the Nuclear Stellar Disc in a Bayesian framework,"E. Spitoni, M. Schultheis, F. Matteucci, N. Ryde, G. Cescutti, A. Saro, M. C. Sormani, B. Thorsbro",astro-ph.GA,2026-01-28T20:48:30Z,http://arxiv.org/abs/2601.21032v1,2601.21032,distribution_functions,234,180,False,False,700,880,True,5.0
astrobench_6b026e54cb,astrobench_6b026e54cb_chunk_010,10,"9 (due to the higher chemical enrichment of the infalling gas), the system is left with more gas. On the same line, Model ENR, where no chemical dilution of the inflowing gas is considered, gives a value of 2.90 × 108 M ⊙. Finally, Fig. 11 shows the temporal evolution of the gas inflow rate predicted by the models, extended to the entire region occupied by the CMZ. This is computed by adopting the same total surface mass density as in Eq. (7), multiplied by the area π R2 CMZ[with] [R][CMZ][=]150[pc.][The][pink][point][with][error][bars] corresponds to the estimate of Hatchfield et al. (2021), obtained from hydrodynamic simulations with AREPO. All model predictions lie below the 1σ Hatchfield et al. (2021) estimate. The best agreement with the data is obtained for Model ENRD05.",5.3.Comparison with other observational data,5.3.Comparison with other observational data,,,,,The LEGARE Project. I. Chemical evolution model of the Nuclear Stellar Disc in a Bayesian framework,"E. Spitoni, M. Schultheis, F. Matteucci, N. Ryde, G. Cescutti, A. Saro, M. C. Sormani, B. Thorsbro",astro-ph.GA,2026-01-28T20:48:30Z,http://arxiv.org/abs/2601.21032v1,2601.21032,distribution_functions,168,129,False,True,840,969,True,5.0
astrobench_6b026e54cb,astrobench_6b026e54cb_chunk_011,11,"The LEGARE Project. I. Chemical evolution model of the Nuclear Stellar Disc in a Bayesian framework 2.1.Chemical evolution model for the inner Galactic disc In Spitoni et al. (2021), the authors presented a multi-zone twoinfall chemical evolution model designed to reproduce APOGEE DR16 (Ahumada et al. 2020) abundance ratios at different Galactocentric distances using a Bayesian analysis based on MCMC methods. For this work we will consider the best model for the innermost Galactic region disc computed at 4 kpc. To trace the evolution of the thick and th in disc components, they adopted a two-infall prescription for the gas accretion, whose functional form for the infall rate at 4 kpc is: ==> picture [256 x 16] intentionally omitted <== where Thigh=0.11 Gyr, Tlow=0.376 Gyr, are the timescales of the two distinct gas infall episodes. The Heaviside step function is represented by θ. X 1, i and X 2, i is the abundance by mass unit of the element i in the two different infalling gas. They suggested that for the high-α the infall has a primordial composition whereas for",2.1.Chemical evolution model for the inner Galactic disc,2.1.Chemical evolution model for the inner Galactic disc,,,,,The LEGARE Project. I. Chemical evolution model of the Nuclear Stellar Disc in a Bayesian framework,"E. Spitoni, M. Schultheis, F. Matteucci, N. Ryde, G. Cescutti, A. Saro, M. C. Sormani, B. Thorsbro",astro-ph.GA,2026-01-28T20:48:30Z,http://arxiv.org/abs/2601.21032v1,2601.21032,distribution_functions,234,180,True,True,0,180,True,4.5
astrobench_6b026e54cb,astrobench_6b026e54cb_chunk_012,12,"represented by θ. X 1, i and X 2, i is the abundance by mass unit of the element i in the two different infalling gas. They suggested that for the high-α the infall has a primordial composition whereas for the second gas infall a chemical enrichment must be obtained from the model of the high-α disc phase corresponding to [Fe/H]=-0.5 dex. Finally, the coefficients A and B are associated to the surface mass densities of the disc components. The star formation rate (SFR) follows the Kennicutt (1998) law: ==> picture [256 x 13] intentionally omitted <== where σ g is the gas surface density and k = 1.5 is the exponent. The parameter νhigh,low denotes the star formation efficiency (SFE), which can take different values during distinct phases of Galactic evolution. In particular, Spitoni et al. (2021) adopted νhigh = 3 Gyr[−]1 and νlow = 1 Gyr[−]1. The remaining best-fit parameters obtained from the Bayesian analysis are reported in Table 2 of Spitoni et al. (2021). Figures 1 and 2 show model results for the Galactic disc at a",2.1.Chemical evolution model for the inner Galactic disc,2.1.Chemical evolution model for the inner Galactic disc,,,,,The LEGARE Project. I. Chemical evolution model of the Nuclear Stellar Disc in a Bayesian framework,"E. Spitoni, M. Schultheis, F. Matteucci, N. Ryde, G. Cescutti, A. Saro, M. C. Sormani, B. Thorsbro",astro-ph.GA,2026-01-28T20:48:30Z,http://arxiv.org/abs/2601.21032v1,2601.21032,distribution_functions,234,180,False,True,140,320,True,4.5
astrobench_6b026e54cb,astrobench_6b026e54cb_chunk_013,13,"= 3 Gyr[−]1 and νlow = 1 Gyr[−]1. The remaining best-fit parameters obtained from the Bayesian analysis are reported in Table 2 of Spitoni et al. (2021). Figures 1 and 2 show model results for the Galactic disc at a Galactocentric distance of 4 kpc. They are obtained using the parameter set of Table 2 in Spitoni et al. (2021), the nucleosynthesis prescriptions of Romano et al. (2010, see Section 2.3 for Article number, page 2 of 13 Spitoni et al.: CEMs of the NSD ==> picture [224 x 218] intentionally omitted <== ==> picture [241 x 260] intentionally omitted <== Fig. 1. Chemical evolution of the inner Galactic disc at 4 kpc, computed with the same model parameters adopted in Spitoni et al. (2021) but using the stellar yields of Romano et al. (2010). Left panel: Predicted age-metallicity relation highlighting the minimum [Fe/H] value after the bar formation (Age ≤ 8 Gyr). Right panel: Evolution of the abundance ratios [Fe/H] versus [X/Fe] (with X = Mg, Si, Ca). Large black-edged circles connected by the vertical green line indicate the",2.1.Chemical evolution model for the inner Galactic disc,2.1.Chemical evolution model for the inner Galactic disc,,,,,The LEGARE Project. I. Chemical evolution model of the Nuclear Stellar Disc in a Bayesian framework,"E. Spitoni, M. Schultheis, F. Matteucci, N. Ryde, G. Cescutti, A. Saro, M. C. Sormani, B. Thorsbro",astro-ph.GA,2026-01-28T20:48:30Z,http://arxiv.org/abs/2601.21032v1,2601.21032,distribution_functions,234,180,False,True,280,460,True,4.5
astrobench_6b026e54cb,astrobench_6b026e54cb_chunk_014,14,"highlighting the minimum [Fe/H] value after the bar formation (Age ≤ 8 Gyr). Right panel: Evolution of the abundance ratios [Fe/H] versus [X/Fe] (with X = Mg, Si, Ca). Large black-edged circles connected by the vertical green line indicate the predicted chemical composition of the ISM at the epoch of bar formation. ==> picture [233 x 260] intentionally omitted <== Fig. 2. Evolution of the abundance by mass X 4 D, i ( t ) of the elements considered in this study ( i =Mg, Si, Ca and Fe) as predicted by the model of the inner Galactic disc at 4 kpc after the formation of the Galactic bar (Age< 8 Gyr). The left panel of Fig. 1 shows the age–metallicity relation. We highlight that the accretion of gas in the second infall with a chemical enrichment level significantly lower than that already achieved by the thick disc ([Fe/H] ≃−0.5 dex), temporarily decreases the metallicity of the stellar populations formed immediately after the infall event (see discussion in Spitoni et al. 2019, 2021, 2022). We also indicated the minimum metallicity",2.1.Chemical evolution model for the inner Galactic disc,2.1.Chemical evolution model for the inner Galactic disc,,,,,The LEGARE Project. I. Chemical evolution model of the Nuclear Stellar Disc in a Bayesian framework,"E. Spitoni, M. Schultheis, F. Matteucci, N. Ryde, G. Cescutti, A. Saro, M. C. Sormani, B. Thorsbro",astro-ph.GA,2026-01-28T20:48:30Z,http://arxiv.org/abs/2601.21032v1,2601.21032,distribution_functions,234,180,False,True,420,600,True,4.5
astrobench_6b026e54cb,astrobench_6b026e54cb_chunk_015,15,"supplied by the Galactic disc or other Galactic components. Hence, the equation of the evolution of the surface density of the chemical element i is: modelling of the Galactic bulge in Matteucci et al. (2019) and more recently to expla in the inner bulge chemical abundances new data in the paper of Nieuwmunster et al. (2023). For low and intermediate-mass stars (0.8–8 M⊙) we adopt the metallicity–dependent yields of Karakas (2010), which include the contribution of thermal pulses. For massive stars (with masses ≳ 11–13 M⊙, depending on the explosion energy), which give rise to either Type II supernovae or hypernovae, we adopt metallicity–dependent He, C, N and O yields computed with the Geneva evolutionary models that include the combined effects of stellar rotation and mass loss (Meynet & Maeder 2002; Hirschi 2005, 2007; Ekström et al. 2008). For the elements heavier than oxygen, we use the stellar yields calculated by Kobayashi et al. (2006). ==> picture [256 x 10] intentionally omitted <== ==> picture [12 x 10] intentionally omitted <== The first term on the right-hand side of the",2.2.The chemical evolution model for the NSD,2.2.The chemical evolution model for the NSD,,,,,The LEGARE Project. I. Chemical evolution model of the Nuclear Stellar Disc in a Bayesian framework,"E. Spitoni, M. Schultheis, F. Matteucci, N. Ryde, G. Cescutti, A. Saro, M. C. Sormani, B. Thorsbro",astro-ph.GA,2026-01-28T20:48:30Z,http://arxiv.org/abs/2601.21032v1,2601.21032,distribution_functions,234,180,False,True,140,320,True,4.5
astrobench_6b026e54cb,astrobench_6b026e54cb_chunk_016,16,"elements heavier than oxygen, we use the stellar yields calculated by Kobayashi et al. (2006). ==> picture [256 x 10] intentionally omitted <== ==> picture [12 x 10] intentionally omitted <== The first term on the right-hand side of the equation accounts for the depletion of chemical elements from the ISM as they are locked in to newly formed stars. Here, XNS D, i ( t ) denotes the abundance by mass of a given element i, ψ NS D is the SFR defined by the Kennicutt (1998) law of eq. (2) with the same exponent k as the disc model and ν the star formation efficiency. The second term, RNS D, i ( t ), represents the fraction of matter that is restored to the ISM in the form of the element i originating from stellar winds and SN explosions. The FNS D, i quantity indicates the gas flow rate on to the NSD for the element i, and it can be written as: ==> picture [256 x 12] intentionally omitted <== which enforces that the NSD can only",2.2.The chemical evolution model for the NSD,2.2.The chemical evolution model for the NSD,,,,,The LEGARE Project. I. Chemical evolution model of the Nuclear Stellar Disc in a Bayesian framework,"E. Spitoni, M. Schultheis, F. Matteucci, N. Ryde, G. Cescutti, A. Saro, M. C. Sormani, B. Thorsbro",astro-ph.GA,2026-01-28T20:48:30Z,http://arxiv.org/abs/2601.21032v1,2601.21032,distribution_functions,234,180,False,True,280,460,True,4.5
astrobench_6b026e54cb,astrobench_6b026e54cb_chunk_017,17,"bulge populations, and the derived fraction should be regarded as a conservative lower limit. Hence, we also considered another sample to minimise the contamination of NSD disc stars by the Galactic bulge. From Figure 13 of Schultheis et al. (2021), it can be seen that for metallicities below [M/H] < –0.3/–0.5 dex, the correlation between metallicity and velocity dispersion overlaps with that of the Galactic bulge, indicating a high level of bulge contamination. To account for this possibility, we defined a second subsample starting from Sample A by excluding all stars with [Fe/H] < –0.3 dex (Sample B). Sample B is composed by 1544 stars. ==> picture [256 x 10] intentionally omitted <== where ω is the loading factor.",3.Data sample for the NSD metallicity distribution,3.Data sample for the NSD metallicity distribution,,,,,The LEGARE Project. I. Chemical evolution model of the Nuclear Stellar Disc in a Bayesian framework,"E. Spitoni, M. Schultheis, F. Matteucci, N. Ryde, G. Cescutti, A. Saro, M. C. Sormani, B. Thorsbro",astro-ph.GA,2026-01-28T20:48:30Z,http://arxiv.org/abs/2601.21032v1,2601.21032,distribution_functions,155,119,False,True,280,399,True,4.5
astrobench_6b026e54cb,astrobench_6b026e54cb_chunk_018,18,"The LEGARE Project. I. Chemical evolution model of the Nuclear Stellar Disc in a Bayesian framework 4.Fitting procedure with MCMC methods Here, we present the ma in characteristics of the Bayesian analysis based on MCMC methods adopted in this work. In Section 4.1, we introduce the adopted likelihood, and in Section 4.2 we introduce the parameters priors and the MCMC sampling procedure. Article number, page 4 of 13 Spitoni et al.: CEMs of the NSD ==> picture [206 x 197] intentionally omitted <== ==> picture [206 x 197] intentionally omitted <== ==> picture [207 x 197] intentionally omitted <== ==> picture [207 x 197] intentionally omitted <== Fig. 3. Comparison between the observed NSD MDF (Sample A, filled distributions, see Section 3 for details) and the predictions of the best-fit models (with parameters listed in Table 1), after applying a Gaussian convolution with σ[Fe/H]=0.2 dex (“Model smooth”). The analytical fit to this distribution, indicated as “smooth (fit)” in the likelihood definition of eq. 10, is also shown.",4.Fitting procedure with MCMC methods,4.Fitting procedure with MCMC methods,,,,,The LEGARE Project. I. Chemical evolution model of the Nuclear Stellar Disc in a Bayesian framework,"E. Spitoni, M. Schultheis, F. Matteucci, N. Ryde, G. Cescutti, A. Saro, M. C. Sormani, B. Thorsbro",astro-ph.GA,2026-01-28T20:48:30Z,http://arxiv.org/abs/2601.21032v1,2601.21032,distribution_functions,218,167,False,True,0,167,True,4.5
astrobench_6b026e54cb,astrobench_6b026e54cb_chunk_019,19,"The LEGARE Project. I. Chemical evolution model of the Nuclear Stellar Disc in a Bayesian framework 5.3.Comparison with other observational data In addition to the MDF of NSD stars presented in Section 3, our models can also be compared with further observational constraints that are not directly included in the MCMC analysis. Figures 8–11 illustrate the predicted temporal evolution of the ==> picture [226 x 197] intentionally omitted <== Fig. 11. Temporal evolution of the inflow gas rate predicted by the models extended for all the region of the CMZ, assuming the same total surface mass density of eq. (7) and multiplied by an area of π RCMZ2[where] RCMZ =150 pc. The pink point and associated error bars stands for the estimated value by Hatchfield et al. (2021) using hydrodynamic simulations with AREPO. star formation rate, stellar mass, gas mass, and gas inflow rate for the four enrichment scenarios. The predicted star formation histories in Fig. 8 show a pronounced enhancement of star formation immediately after the formation of the Galactic bar (about 8 Gyr ago), marking the onset of",5.3.Comparison with other observational data,5.3.Comparison with other observational data,,,,,The LEGARE Project. I. Chemical evolution model of the Nuclear Stellar Disc in a Bayesian framework,"E. Spitoni, M. Schultheis, F. Matteucci, N. Ryde, G. Cescutti, A. Saro, M. C. Sormani, B. Thorsbro",astro-ph.GA,2026-01-28T20:48:30Z,http://arxiv.org/abs/2601.21032v1,2601.21032,distribution_functions,234,180,False,True,0,180,True,4.5
astrobench_6b026e54cb,astrobench_6b026e54cb_chunk_020,20,"the lower panel of Fig. 8, we show the temporal evolution of the SFR, expressed in units of M⊙ yr[−]1, as predicted by our models with different dilution levels. Our results for models including gas dilution (i.e. those constrained by Sample A) are in good agreement with the estimated present-time star formation rate of 0.1 M⊙ yr[−]1 reported by Henshaw et al. (2023). Among these, the PRIM model provides the best agreement, whereas the other cases predict values in the range 0.12–0.14 M⊙ yr[−]1. Conversely, the model without dilution (Model ENR) constrained by Article number, page 10 of 13 ==> picture [118 x 9] intentionally omitted <== ----- Start of picture text -----<br> Spitoni et al.: CEMs of the NSD<br>----- End of picture text -----<br> ==> picture [516 x 398] intentionally omitted <== Fig. 12. Comparison between model predictions and NSD data from Ryde et al. (2025, red points). Each panel shows the evolution of [Mg/Fe], [Si/Fe], and [Ca/Fe] as a function of [Fe/H], as predicted by the four chemical evolution models considered in this work (PRIM, ENRD10, ENRD05, and",5.3.Comparison with other observational data,5.3.Comparison with other observational data,,,,,The LEGARE Project. I. Chemical evolution model of the Nuclear Stellar Disc in a Bayesian framework,"E. Spitoni, M. Schultheis, F. Matteucci, N. Ryde, G. Cescutti, A. Saro, M. C. Sormani, B. Thorsbro",astro-ph.GA,2026-01-28T20:48:30Z,http://arxiv.org/abs/2601.21032v1,2601.21032,distribution_functions,234,180,False,True,420,600,True,4.5
astrobench_6b026e54cb,astrobench_6b026e54cb_chunk_021,21,"Italy 6 Division of Astrophysics, Department of Physics, Lund University, Box 118, 221 00 Lund, Sweden 7 ICSC – Italian Research Center on High Performance Computing, Big Data and Quantum Computing, Via Magnanelli 2, 40033 Casalecchio di Reno, Italy 8 Como Lake centre for AstroPhysics (CLAP), DiSAT, Università dell’Insubria, via Valleggio 11, Como, 22100, Italy Received xxxx / Accepted xxxx",Chemical evolution model of the Nuclear Stellar Disc in a Bayesian framework,Chemical evolution model of the Nuclear Stellar Disc in a Bayesian framework,,,,,The LEGARE Project. I. Chemical evolution model of the Nuclear Stellar Disc in a Bayesian framework,"E. Spitoni, M. Schultheis, F. Matteucci, N. Ryde, G. Cescutti, A. Saro, M. C. Sormani, B. Thorsbro",astro-ph.GA,2026-01-28T20:48:30Z,http://arxiv.org/abs/2601.21032v1,2601.21032,distribution_functions,78,60,False,False,140,200,True,4.0
astrobench_6b026e54cb,astrobench_6b026e54cb_chunk_022,22,"The LEGARE Project. I. Chemical evolution model of the Nuclear Stellar Disc in a Bayesian framework 2.Chemical evolution models In this Section, we present the chemical evolution models adopted in this study. Section 2.1 describes the chemical evolution of the inner Galactic disc at a radius of 4 kpc, following the framework of Spitoni et al. (2021), while Section 2.2 introduces the details of the new model developed for the NSD.",2.Chemical evolution models,2.Chemical evolution models,,,,,The LEGARE Project. I. Chemical evolution model of the Nuclear Stellar Disc in a Bayesian framework,"E. Spitoni, M. Schultheis, F. Matteucci, N. Ryde, G. Cescutti, A. Saro, M. C. Sormani, B. Thorsbro",astro-ph.GA,2026-01-28T20:48:30Z,http://arxiv.org/abs/2601.21032v1,2601.21032,distribution_functions,93,71,False,False,0,71,True,4.0
astrobench_6b026e54cb,astrobench_6b026e54cb_chunk_023,23,"explosions. The FNS D, i quantity indicates the gas flow rate on to the NSD for the element i, and it can be written as: ==> picture [256 x 12] intentionally omitted <== which enforces that the NSD can only form after the onset of the bar. The latter is assumed to have developed Tbar = 8 Gyr ago, in agreement with Sanders et al. (2024). The parameter C is constrained by the total surface mass density of the NSD through this expression: ==> picture [256 x 37] intentionally omitted <== having imposed that the present-day total surface mass density σ NS D of the NSD is ==> picture [256 x 24] intentionally omitted <== In eq. (7), we assumed that the radius of the NSD is R NSD = 100 pc and that its present-day total mass (gas plus stars) is 5·109 M⊙. Finally, the quantity XF, NS D, i ( t ) represents the chemical composition of the gas that feeds the NSD. In Section 5.1, we will present the different scenarios for the chemical composition of the",2.2.The chemical evolution model for the NSD,2.2.The chemical evolution model for the NSD,,,,,The LEGARE Project. I. Chemical evolution model of the Nuclear Stellar Disc in a Bayesian framework,"E. Spitoni, M. Schultheis, F. Matteucci, N. Ryde, G. Cescutti, A. Saro, M. C. Sormani, B. Thorsbro",astro-ph.GA,2026-01-28T20:48:30Z,http://arxiv.org/abs/2601.21032v1,2601.21032,distribution_functions,234,180,False,True,420,600,True,3.5
astrobench_6b026e54cb,astrobench_6b026e54cb_chunk_024,24,"stars) is 5·109 M⊙. Finally, the quantity XF, NS D, i ( t ) represents the chemical composition of the gas that feeds the NSD. In Section 5.1, we will present the different scenarios for the chemical composition of the gas inflowing in to the NSD explored in this study. In addition, in eq. 4, we assume the presence of a wind proportional to the SFR:",2.2.The chemical evolution model for the NSD,2.2.The chemical evolution model for the NSD,,,,,The LEGARE Project. I. Chemical evolution model of the Nuclear Stellar Disc in a Bayesian framework,"E. Spitoni, M. Schultheis, F. Matteucci, N. Ryde, G. Cescutti, A. Saro, M. C. Sormani, B. Thorsbro",astro-ph.GA,2026-01-28T20:48:30Z,http://arxiv.org/abs/2601.21032v1,2601.21032,distribution_functions,86,66,False,False,560,626,True,3.0
astrobench_6b026e54cb,astrobench_6b026e54cb_chunk_025,25,"The LEGARE Project. I. Chemical evolution model of the Nuclear Stellar Disc in a Bayesian framework 4.1.Likelihood definition Bayesian analysis based on MCMC methods has transformed scientific research in the past decade. Since there already exist several textbooks and reviews on Bayesian statistics (see e.g. Jaynes 2003; Gelman et al. 2013) and on MCMC methods (see e.g. Brooks et al. 2011; Sharma 2017; Hogg & Foreman-Mackey 2018; Speagle 2019), here we only summarise the general framework and highlight the aspects specific to the problem at hand. In the context of Galactic chemical evolution, Bayesian inference and MCMC techniques have already proven extremely effective in constraining the parameter space of chemical evolution models for the Galactic disc (Spitoni et al. 2020, 2021) and dwarf galaxies (Côté et al. 2017; Johnson et al. 2023; Plevne & Akbaba 2025), motivating their use for the present NSD study. In parameter estimation, Bayes’ theorem provides a way to update the probability of the model parameters based on newly available data. It enables the calculation of the posterior probability distribution of the parameters given the data,",4.1.Likelihood definition,4.1.Likelihood definition,,,,,The LEGARE Project. I. Chemical evolution model of the Nuclear Stellar Disc in a Bayesian framework,"E. Spitoni, M. Schultheis, F. Matteucci, N. Ryde, G. Cescutti, A. Saro, M. C. Sormani, B. Thorsbro",astro-ph.GA,2026-01-28T20:48:30Z,http://arxiv.org/abs/2601.21032v1,2601.21032,distribution_functions,234,180,False,False,0,180,False,3.0
astrobench_6b026e54cb,astrobench_6b026e54cb_chunk_026,26,"The LEGARE Project. I. Chemical evolution model of the Nuclear Stellar Disc in a Bayesian framework 4.2.Parameter priors & MCMC Sampling Procedure Uniform priors are adopted for all model parameters. The infall timescale, τ, is allowed to vary with in 0.1 < τ < 10 Gyr. The wind loading factor, ω, which regulates the strength of galactic outflows, is sampled uniformly in the range 0 < ω < 10. The star formation efficiency, ν, is explored over the interval 0.1 < ν < 100 Gyr[−]1. These intervals ensure a comprehensive exploration of parameter space, covering the typical values adopted in chemical evolution models of a wide variety of systems —including bulges, galactic discs, and dwarf and irregular galaxies— as discussed by Matteucci (2021). The posterior distributions are sampled using the affine invariant MCMC ensemble sampler, "" emcee: the mcmc hammer"" code1, proposed by Goodman & Weare (2010); ForemanMackey et al. (2013). This method allows for efficient exploration of high-dimensional parameter spaces and is wellsuited for problems involving complex, multi-modal distributions. We initialised the chains with 14 walkers and ran the",4.2.Parameter priors & MCMC Sampling Procedure,4.2.Parameter priors & MCMC Sampling Procedure,,,,,The LEGARE Project. I. Chemical evolution model of the Nuclear Stellar Disc in a Bayesian framework,"E. Spitoni, M. Schultheis, F. Matteucci, N. Ryde, G. Cescutti, A. Saro, M. C. Sormani, B. Thorsbro",astro-ph.GA,2026-01-28T20:48:30Z,http://arxiv.org/abs/2601.21032v1,2601.21032,distribution_functions,234,180,False,False,0,180,False,3.0
astrobench_6b026e54cb,astrobench_6b026e54cb_chunk_027,27,"code1, proposed by Goodman & Weare (2010); ForemanMackey et al. (2013). This method allows for efficient exploration of high-dimensional parameter spaces and is wellsuited for problems involving complex, multi-modal distributions. We initialised the chains with 14 walkers and ran the sampler for 2800 steps. The computations were performed on the LEONARDO DCGP (Data Centric General Purpose) of CINECA, using 42 cores and 24 GB of memory.",4.2.Parameter priors & MCMC Sampling Procedure,4.2.Parameter priors & MCMC Sampling Procedure,,,,,The LEGARE Project. I. Chemical evolution model of the Nuclear Stellar Disc in a Bayesian framework,"E. Spitoni, M. Schultheis, F. Matteucci, N. Ryde, G. Cescutti, A. Saro, M. C. Sormani, B. Thorsbro",astro-ph.GA,2026-01-28T20:48:30Z,http://arxiv.org/abs/2601.21032v1,2601.21032,distribution_functions,86,66,False,False,140,206,False,2.0
astrobench_6b026e54cb,astrobench_6b026e54cb_chunk_028,28,"epochs successive to the formation of the bar. Specifically, the enrichment level is scaled down by a factor of 10 (ENRD10), 5 (ENRD05), or 3 (ENRD03) with respect to the chemical composition of the disc gas, X 4 D ( t ). These prescriptions enable us to explore the effect of different degrees of pre-enrichment on the resulting metallicity distribution of the NSD. The fact that the gas forming the NSD should be less metal rich than the gas coming from the inner disc, can find an explanation in the addition of more metal poor gas originating from the early formation of the bulge or thick disc (see also Ryde et al. 2025). Moreover, in their recent study, Sextl & Kudritzki (2025) analysed the nuclear star-forming rings of four disc galaxies (NGC 613, NGC 1097, NGC 3351, and NGC 7552). By separating the spectral contributions of young and old stellar populations, they identified a wide range of ages and metallicities among the oldest stars in these nuclear rings. This diversity suggests a continuous inflow of metal-poor gas and recurrent episodes",5.1.Chemical composition of the inflowing gas into the NSD,5.1.Chemical composition of the inflowing gas into the NSD,,,,,The LEGARE Project. I. Chemical evolution model of the Nuclear Stellar Disc in a Bayesian framework,"E. Spitoni, M. Schultheis, F. Matteucci, N. Ryde, G. Cescutti, A. Saro, M. C. Sormani, B. Thorsbro",astro-ph.GA,2026-01-28T20:48:30Z,http://arxiv.org/abs/2601.21032v1,2601.21032,distribution_functions,234,180,False,False,280,460,False,2.0
astrobench_0deff610d0,astrobench_0deff610d0_chunk_000,0,"Hierarchical bayesian inference: constraining population distribution of dark matter halo shapes via stellar streams 1 INTRODUCTION Stellar streams, elongated structures formed when dwarf galaxies or globular clusters are tidally disrupted by their host’s gravitational field, are powerful probes of galactic potentials and tracers of galaxy assembly (Johnston et al. 1995; Helmi & White 1999). As satellites orbit their hosts, tidal forces strip stars from the progenitor galaxy, producing coherent, narrow features that approximately follow the progenitor’s orbit and can persist for gigayears, retaining dynamical memory of their past trajectories (Johnston et al. 1995; Helmi & White 1999; Bullock & Johnston 2005). Because these trajectories depend sensitively on the underlying gravitational potential, streams provide robust constraints on mass distributions, especially dark matter (DM) haloes informing parameters such as halo mass, concentration, and shape (e.g., Ibata et al. 2001; Law & Majewski 2010; Koposov et al. 2010; Belokurov et al. 2014; Gibbons et al. 2014; Bonaca & Hogg 2018). Streams also serve as fossil records of accretion, enabling reconstructions of merger histories and halo growth (e.g., Bullock & Johnston 2005; Deason &",1 INTRODUCTION,1 INTRODUCTION,,,,,Hierarchical bayesian inference: constraining population distribution of dark matter halo shapes via stellar streams,"David Chemaly, Elisabeth Sola, Vasily Belokurov, Sergey Koposov, GyuChul Meyong, HanYuan Zhang, Denis Erkal",astro-ph.GA,2026-01-21T19:00:00Z,http://arxiv.org/abs/2601.15373v2,2601.15373,distribution_functions,234,180,False,False,0,180,True,5.0
astrobench_0deff610d0,astrobench_0deff610d0_chunk_001,1,"2010; Koposov et al. 2010; Belokurov et al. 2014; Gibbons et al. 2014; Bonaca & Hogg 2018). Streams also serve as fossil records of accretion, enabling reconstructions of merger histories and halo growth (e.g., Bullock & Johnston 2005; Deason & Belokurov 2024; Bonaca & Price-Whelan 2025). Early theoretical work and simulations established the sensitivity of streams to host mass distributions over large radial ranges (Johnston et al. 1995; Helmi & White 1999; Johnston et al. 2001; Ibata et al. 2001). Subsequent surveys and follow-up observations (e.g., Grillmair & Dionatos 2006; Malhan et al. 2018; Shipp et al. 2018; Li et al. 2022) have leverage stream morphology and kinematics to probe the potential of the Milky Way (MW) in detail (e.g., Koposov et al. 2010; Price-Whelan et al. 2014; Price-Whelan & Bonaca 2018). Dynamically cold, th in streams from globular clusters respond to subtle variations in the local gravitational field, exhibiting gaps, spurs, and track curvature changes that encode small scale perturbations such as dark matter subhaloes (e.g., Ibata et al. 2002; Johnston et al. 2002; Yoon et al. 2011; Carlberg",1 INTRODUCTION,1 INTRODUCTION,,,,,Hierarchical bayesian inference: constraining population distribution of dark matter halo shapes via stellar streams,"David Chemaly, Elisabeth Sola, Vasily Belokurov, Sergey Koposov, GyuChul Meyong, HanYuan Zhang, Denis Erkal",astro-ph.GA,2026-01-21T19:00:00Z,http://arxiv.org/abs/2601.15373v2,2601.15373,distribution_functions,234,180,False,False,140,320,True,5.0
astrobench_0deff610d0,astrobench_0deff610d0_chunk_002,2,"warm DM) predict systematically different internal structures (for example, core or cusp central density) and shapes (Rocha et al. 2013; Peter et al. 2013; Lovell et al. 2014; Tul in & Yu 2018; Sameie et al. 2018). Quantifying departures from self-similarity at the population level is therefore a sensitive test of galaxy formation physics and, in particular, of dark matter self-interactions through their impact on the shapes of galaxies. With in the Milky Way, the combination of astrometric, photometric, and spectroscopic data, most notably from Gaia (Gaia Collaboration et al. 2018, 2021), SDSS (York et al. 2000), DES (Abbott et al. 2018), LAMOST (Cui et al. 2012) APOGEE (Majewski et al. 2017) and dedicated surveys, for example 𝑆5 (Li et al. 2019), have enabled high precision, six-dimensional analyses of streams such as Palomar 5, GD-1, Sagittarius, and Orphan–Chenab (Koposov et al. 2010; Küpper et al. 2015; Bowden et al. 2015; Koposov et al. 2019; Malhan & Ibata 2019; Vasiliev et al. 2021; Koposov et al. 2023). These studies indicate a nearly spherical inner halo (Bovy et al. 2016; Palau &",1 INTRODUCTION,1 INTRODUCTION,,,,,Hierarchical bayesian inference: constraining population distribution of dark matter halo shapes via stellar streams,"David Chemaly, Elisabeth Sola, Vasily Belokurov, Sergey Koposov, GyuChul Meyong, HanYuan Zhang, Denis Erkal",astro-ph.GA,2026-01-21T19:00:00Z,http://arxiv.org/abs/2601.15373v2,2601.15373,distribution_functions,234,180,True,False,560,740,True,5.0
astrobench_0deff610d0,astrobench_0deff610d0_chunk_003,3,"2020; Banik et al. 2021; Nibauer et al. 2025; Valluri et al. 2025), offering insights in to the small-scale DM distribution and stream evolution in time-dependent potentials (e.g., Dillamore et al. 2022; Yavetz et al. 2023; Weerasooriya et al. 2025). Beyond the MW, M31’s Giant Southern Stream, spanning a wide range of galactocentric radii, has provided stringent constraints on its halo mass despite only semi-resolved photometric and spectroscopic stellar data (Fardal et al. 2013). Extending stream analyses to more distant galaxies introduces observational and modelling challenges. Outside the Local Group, stars are unresolved and full six-dimensional phase-space information is generally unavailable, complicating proper motion, distance, and line-of-sight velocity measurements. Pioneering modelling of projected (two-dimensional; 2D) streams dates back to Johnston et al. (2001); since then, numerous studies have focused on low surface brightness (LSB), projected features with limited or no kinematic data (e.g., Tal et al. 2009; Martínez-Delgado et al. 2010; Mouhcine et al. 2010; Atkinson et al. 2013; Crnojević et al. 2016; Carl in et al. 2016; Hood et al. 2018; van Dokkum et al. 2019; Bílek et al.",1 INTRODUCTION,1 INTRODUCTION,,,,,Hierarchical bayesian inference: constraining population distribution of dark matter halo shapes via stellar streams,"David Chemaly, Elisabeth Sola, Vasily Belokurov, Sergey Koposov, GyuChul Meyong, HanYuan Zhang, Denis Erkal",astro-ph.GA,2026-01-21T19:00:00Z,http://arxiv.org/abs/2601.15373v2,2601.15373,distribution_functions,234,180,True,False,840,1020,True,5.0
astrobench_0deff610d0,astrobench_0deff610d0_chunk_004,4,"kinematic data (e.g., Tal et al. 2009; Martínez-Delgado et al. 2010; Mouhcine et al. 2010; Atkinson et al. 2013; Crnojević et al. 2016; Carl in et al. 2016; Hood et al. 2018; van Dokkum et al. 2019; Bílek et al. 2020; Sola et al. 2022; Martínez-Delgado et al. 2023; Yoon et al. 2024; Miró-Carretero et al. 2024; Sola et al. 2025). Amorisco et al. (2015) fitted the projected surface brightness morphology of the NGC1097 “dog-leg” stream using the progenitor remnant’s line-of-sight velocity, enabling an estimate of the host’s halo mass. Pearson et al. (2022) analysed the Dw3 stream around Centaurus A using 2D positions and demonstrated a degeneracy between orbital velocity and halo mass. Incorporating even a single radial velocity measurement breaks this degeneracy and yields a lower bound on the host’s halo mass. In many extragalactic systems, however, neither radial velocities nor distance gradients along the stream are available. Recent work shows that purely geometric diagnostics, such as stream track curvature and stream loop precession, still provide meaningful constraints on halo properties. Nibauer et al. (2023) demonstrated that curvature",1 INTRODUCTION,1 INTRODUCTION,,,,,Hierarchical bayesian inference: constraining population distribution of dark matter halo shapes via stellar streams,"David Chemaly, Elisabeth Sola, Vasily Belokurov, Sergey Koposov, GyuChul Meyong, HanYuan Zhang, Denis Erkal",astro-ph.GA,2026-01-21T19:00:00Z,http://arxiv.org/abs/2601.15373v2,2601.15373,distribution_functions,234,180,False,False,980,1160,True,5.0
astrobench_0deff610d0,astrobench_0deff610d0_chunk_005,5,"radial velocities nor distance gradients along the stream are available. Recent work shows that purely geometric diagnostics, such as stream track curvature and stream loop precession, still provide meaningful constraints on halo properties. Nibauer et al. (2023) demonstrated that curvature vectors of projected streams limit the orientation of the host’s acceleration field and thus constra in halo triaxiality. Complementarily, Walder et al. (2024) showed that multi-loop streams encode precession angles that inform halo radial structure, offering constraints on scale radii and concentrations without direct kinematics. In a more recent study, Nibauer & Pearson (2025) have leveraged a generative model for extragalactic stream to constra in the radial profile of the host potential. These methods highlight the untapped potential of photometric morphologies alone for probing DM halos. Forthcoming wide-field imaging from the Rub in Observatory Legacy Survey of Space and Time (Rub in/LSST; Ivezić et al. 2019) and Euclid (Laureijs et al. 2011) will dramatically exp and the census of streams around external galaxies (e.g., LSST Science Collaboration et al. 2009; Laureijs et al. 2011; Laine et al. 2018; Ivezić et",1 INTRODUCTION,1 INTRODUCTION,,,,,Hierarchical bayesian inference: constraining population distribution of dark matter halo shapes via stellar streams,"David Chemaly, Elisabeth Sola, Vasily Belokurov, Sergey Koposov, GyuChul Meyong, HanYuan Zhang, Denis Erkal",astro-ph.GA,2026-01-21T19:00:00Z,http://arxiv.org/abs/2601.15373v2,2601.15373,distribution_functions,234,180,True,False,1120,1300,True,5.0
astrobench_0deff610d0,astrobench_0deff610d0_chunk_006,6,"external galaxies (e.g., Pearson et al. 2022; Nibauer et al. 2023; Walder et al. 2024). In contrast to previous studies which considered fits to individual streams, we leverage hierarchical modelling to combine multiple low informative fits and obta in strong population level constraints on halo shape distributions. In this study, we present a population based framework for analysing extragalactic stellar streams. We validate an end-to-end pipeline on simulations by fitting streams for individual systems and then performing hierarchical Bayesian inference to constra in the distribution of DM halo shapes across a galaxy population. To do so, we have developed StreaMAX �, a novel, publicly available, Python package to rapidly model streams leveraging JAX (Bradbury et al. 2018), a high-performance numerical computing library with automatic differentiation and just-in-time (JIT) compilation. It enables efficient computation on CPUs, GPUs, and TPUs, making it especially useful for optimization and Bayesian inference. This work serves as a pro of of concept and therefore relies exclusively on simulated data. In a following companion paper, we will apply our method to real observations. However, while several catalogues",1 INTRODUCTION,1 INTRODUCTION,,,,,Hierarchical bayesian inference: constraining population distribution of dark matter halo shapes via stellar streams,"David Chemaly, Elisabeth Sola, Vasily Belokurov, Sergey Koposov, GyuChul Meyong, HanYuan Zhang, Denis Erkal",astro-ph.GA,2026-01-21T19:00:00Z,http://arxiv.org/abs/2601.15373v2,2601.15373,distribution_functions,234,180,True,False,1400,1580,True,5.0
astrobench_0deff610d0,astrobench_0deff610d0_chunk_007,7,"especially useful for optimization and Bayesian inference. This work serves as a pro of of concept and therefore relies exclusively on simulated data. In a following companion paper, we will apply our method to real observations. However, while several catalogues of stellar streams already exist, their depth, processing, and feature definitions vary significantly, and most identified structures are unsuitable for our modelling framework either being too short, too straight, or too disturbed by major mergers. To overcome this, we introduced in a companion paper the STRRINGS sample (Sola et al. 2025), a catalogue of 35 nearby galaxies hosting long, faint, and curved streams, selected for their suitability for dynamical MNRAS 000, 1–15 (2026) Population fit Stellar Streams 3 modelling. Using residual images from the DESI Legacy Imaging Surveys (DESI-LS, Dey et al. (2019)), which enhance faint features by modelling and subtracting all bright sources, we visually inspected thousands of galaxies and segmented streams meeting our criteria. The resulting sample provides high quality, well defined stream tracks ideal for forward modelling. In future work currently underway, we will apply the methodology",1 INTRODUCTION,1 INTRODUCTION,,,,,Hierarchical bayesian inference: constraining population distribution of dark matter halo shapes via stellar streams,"David Chemaly, Elisabeth Sola, Vasily Belokurov, Sergey Koposov, GyuChul Meyong, HanYuan Zhang, Denis Erkal",astro-ph.GA,2026-01-21T19:00:00Z,http://arxiv.org/abs/2601.15373v2,2601.15373,distribution_functions,234,180,True,False,1540,1720,True,5.0
astrobench_0deff610d0,astrobench_0deff610d0_chunk_008,8,"Hierarchical bayesian inference: constraining population distribution of dark matter halo shapes via stellar streams 2 METHODS This work aims to infer the morphology of dark matter haloes from extragalactic stellar streams with no kinematic information. To achieve this, we first construct a three-dimensional model of a tidal stream evolving in a given gravitational potential, which is then projected on to the plane of the sky. From this projection, we extract the stream’s track defined as a one-dimensional ridgeline, an idealised, widthless trajectory tracing its central path. The parameters governing this forward-modelling pipeline will be described at the end of this section, along with the physically motivated priors adopted to limit degeneracies, constra in modalities, and ensure observational realism.",2 METHODS,2 METHODS,,,,,Hierarchical bayesian inference: constraining population distribution of dark matter halo shapes via stellar streams,"David Chemaly, Elisabeth Sola, Vasily Belokurov, Sergey Koposov, GyuChul Meyong, HanYuan Zhang, Denis Erkal",astro-ph.GA,2026-01-21T19:00:00Z,http://arxiv.org/abs/2601.15373v2,2601.15373,distribution_functions,154,118,False,False,0,118,True,5.0
astrobench_0deff610d0,astrobench_0deff610d0_chunk_009,9,"Hierarchical bayesian inference: constraining population distribution of dark matter halo shapes via stellar streams 5 DISCUSSION AND CONCLUSIONS We developed a linearly scalable, JAX -accelerated hierarchical Bayesian framework to infer the population-level morphology of DM halos using tracks of projected stellar streams. Our stream generator, StreaMAX �, achieves substantial speedups via compilation and vectorised parallelism. Tailored to extragalactic applications, our method extracts information from photometry alone, with no kinematic inputs. First, we fit streams individually leading to broad posterior on the halo flattening. Second, by treating the individual fits as a population, we combine individual posteriors and obtaine tight constrains on the population level parameters. (ii) One projected progenitor coordinate is fixed, effectively assuming a known on-track position. A more general parameterisation would allow the progenitor to slide freely along the track. (iii) The host potential is intentionally simplified (axisymmetric NFW, no baryons) making flattening the only parameter dictating the shape of the halo. This allowed us to constra in population parameters without having to worry about degeneracies amongsts morphological parameters. Allowing triaxiality, radial profile variations, and baryonic components will",5 DISCUSSION AND CONCLUSIONS,5 DISCUSSION AND CONCLUSIONS,,,,,Hierarchical bayesian inference: constraining population distribution of dark matter halo shapes via stellar streams,"David Chemaly, Elisabeth Sola, Vasily Belokurov, Sergey Koposov, GyuChul Meyong, HanYuan Zhang, Denis Erkal",astro-ph.GA,2026-01-21T19:00:00Z,http://arxiv.org/abs/2601.15373v2,2601.15373,distribution_functions,234,180,False,False,0,180,True,5.0
astrobench_0deff610d0,astrobench_0deff610d0_chunk_010,10,"NFW, no baryons) making flattening the only parameter dictating the shape of the halo. This allowed us to constra in population parameters without having to worry about degeneracies amongsts morphological parameters. Allowing triaxiality, radial profile variations, and baryonic components will introduce additional, physically relevant degeneracies. (iv) All tests are closed loop: mocks and fits share the same forward model and noise, and the population prior and likelihood families match. This allowed testing the capabilities of our pipeline without worrying about biases, but we stress that real data will inevitably violate these assumptions, and model mismatch can bias inferences. Our ma in results are summarized as follows: (i) Forward modelling of stellar streams with a JAX -compiled particle-spray and dynamic nested sampling reliably recovers halo flattening 𝑞 across oblate, spherical, and prolate morphologies, while limiting strong couplings with other (nuisance) parameters. (ii) Individual fits sometimes exhibit projection-induced multimodality between oblate and prolate solutions; at the population level these modes manifest as potential biases. (iii) Combining posteriors from 35 simulated streams accurately reconstructs the input shape distribution, demonstrating clear discrimination among oblate,",5 DISCUSSION AND CONCLUSIONS,5 DISCUSSION AND CONCLUSIONS,,,,,Hierarchical bayesian inference: constraining population distribution of dark matter halo shapes via stellar streams,"David Chemaly, Elisabeth Sola, Vasily Belokurov, Sergey Koposov, GyuChul Meyong, HanYuan Zhang, Denis Erkal",astro-ph.GA,2026-01-21T19:00:00Z,http://arxiv.org/abs/2601.15373v2,2601.15373,distribution_functions,234,180,False,False,140,320,True,5.0
astrobench_0deff610d0,astrobench_0deff610d0_chunk_011,11,"(ii) Individual fits sometimes exhibit projection-induced multimodality between oblate and prolate solutions; at the population level these modes manifest as potential biases. (iii) Combining posteriors from 35 simulated streams accurately reconstructs the input shape distribution, demonstrating clear discrimination among oblate, spherical, and prolate populations. (iv) Population posteriors show a mild tendency toward rounder ( 𝑞 ≈ 1) shapes and slightly inflated standard deviations, attributable to projection effects and sampling inefficiencies. This study serves a as pro of of concept for utilizing extragalactic streams for population inference of DM halos. Here, we address some of the limitations of this work given our assumptions: (i) We fit only the ridgeline (track) in projection, discarding width and surface density information. Using these observables will require a more realistic stream model (e.g. mass loss and variable spray emission) and a likelihood that models not only position but also width and density. Our computationally efficient framework is well suited to upcoming wide-field imaging from Euclid and Rub in/LSST, which will vastly exp and the census of extragalactic streams, creating unprecedented opportunities for population-level analyses. Looking",5 DISCUSSION AND CONCLUSIONS,5 DISCUSSION AND CONCLUSIONS,,,,,Hierarchical bayesian inference: constraining population distribution of dark matter halo shapes via stellar streams,"David Chemaly, Elisabeth Sola, Vasily Belokurov, Sergey Koposov, GyuChul Meyong, HanYuan Zhang, Denis Erkal",astro-ph.GA,2026-01-21T19:00:00Z,http://arxiv.org/abs/2601.15373v2,2601.15373,distribution_functions,234,180,False,False,280,460,True,5.0
astrobench_0deff610d0,astrobench_0deff610d0_chunk_012,12,"only position but also width and density. Our computationally efficient framework is well suited to upcoming wide-field imaging from Euclid and Rub in/LSST, which will vastly exp and the census of extragalactic streams, creating unprecedented opportunities for population-level analyses. Looking ahead, we plan to refine our approach by incorporating additional stream properties, such as widths of the stream along the track, and allow for the progenitor to move completely freely in the projected plan. Furthermore, we are working on more accurately modeling the host’s potential by also fitting for the baryonic matter of the galaxy. We are also exploring more complex dark matter halo distributions and the effect of assuming the wrong underlying population distribution on our retrival. In a future work, we will apply this methodology to observations using the STRRINGS catalogue (Sola et al. 2025) of 35 faint, curved, and extended streams identified in the Dark Energy Spectroscopic Instrument Legacy Imaging Surveys (DESI–LS; Dey et al. 2019). To our knowledge, this will provide the first population scale constraints on dark matter halo shapes derived from stellar streams in",5 DISCUSSION AND CONCLUSIONS,5 DISCUSSION AND CONCLUSIONS,,,,,Hierarchical bayesian inference: constraining population distribution of dark matter halo shapes via stellar streams,"David Chemaly, Elisabeth Sola, Vasily Belokurov, Sergey Koposov, GyuChul Meyong, HanYuan Zhang, Denis Erkal",astro-ph.GA,2026-01-21T19:00:00Z,http://arxiv.org/abs/2601.15373v2,2601.15373,distribution_functions,234,180,True,False,420,600,True,4.0
astrobench_0deff610d0,astrobench_0deff610d0_chunk_013,13,"curved, and extended streams identified in the Dark Energy Spectroscopic Instrument Legacy Imaging Surveys (DESI–LS; Dey et al. 2019). To our knowledge, this will provide the first population scale constraints on dark matter halo shapes derived from stellar streams in external galaxies. MNRAS 000, 1–15 (2026) 14 D. Chemaly et al.",5 DISCUSSION AND CONCLUSIONS,5 DISCUSSION AND CONCLUSIONS,,,,,Hierarchical bayesian inference: constraining population distribution of dark matter halo shapes via stellar streams,"David Chemaly, Elisabeth Sola, Vasily Belokurov, Sergey Koposov, GyuChul Meyong, HanYuan Zhang, Denis Erkal",astro-ph.GA,2026-01-21T19:00:00Z,http://arxiv.org/abs/2601.15373v2,2601.15373,distribution_functions,67,51,False,False,560,611,True,3.0
astrobench_0deff610d0,astrobench_0deff610d0_chunk_014,14,"Hierarchical bayesian inference: constraining population distribution of dark matter halo shapes via stellar streams 2.1 Stream Generation A variety of methods exist to generate stellar streams, trading realism for computational cost. The most straightforward approximation, treating stream tracks as orbits (e.g. Koposov et al. 2010; Malhan & Ibata 2019), is known to be biased (Sanders & Binney 2013). Early work therefore used orbit fits with corrective terms (Varghese et al. 2011), followed by test-particle, streakline, or particle-spray techniques that more faithfully capture leading and trailing tails (Küpper et al. 2012; Gibbons et al. 2014). 𝑁 -body simulations best model disruption and self-gravity but are orders of magnitude more computationally expensive, as each particle interacts with every other one (Eyre & Binney 2011; Sanders 2014). Here we adopt the particlespray method (e.g. Johnston 1998; Küpper et al. 2012; Gibbons et al. 2014; Fardal et al. 2015), which has been shown to accurately and efficiently reproduce stream tracks. In our implementation, the progenitor is modelled as a simple analytic potential, a Plummer sphere, specified by a characteristic mass and scale radius. This",2.1 Stream Generation,2.1 Stream Generation,,,,,Hierarchical bayesian inference: constraining population distribution of dark matter halo shapes via stellar streams,"David Chemaly, Elisabeth Sola, Vasily Belokurov, Sergey Koposov, GyuChul Meyong, HanYuan Zhang, Denis Erkal",astro-ph.GA,2026-01-21T19:00:00Z,http://arxiv.org/abs/2601.15373v2,2601.15373,distribution_functions,234,180,True,False,0,180,False,3.0
astrobench_0deff610d0,astrobench_0deff610d0_chunk_015,15,"2014; Fardal et al. 2015), which has been shown to accurately and efficiently reproduce stream tracks. In our implementation, the progenitor is modelled as a simple analytic potential, a Plummer sphere, specified by a characteristic mass and scale radius. This analytic form provides a smooth, timeindependent description of the progenitor’s self-gravity, which is required both to compute its tidal boundary and to determine the characteristic scale of the escaping debris. Rather than follow the evolution of all stars bound to the progenitor, we assume that only particles escaping through the tidal Lagrange points contribute materially to the observable stream. This avoids integrating large numbers of particles that would rema in bound and never enter the debris. At each integration step we therefore compute the instantaneous inner (L1) and outer (L2) Lagrange points. These are the saddle points of the effective potential along the line joining the Galactic centre to the progenitor, determined by the balance between the host’s gravitational field, the progenitor’s self-gravity, and the centrifugal term in the co-rotating frame (King 1962). They define the two primary escape channels",2.1 Stream Generation,2.1 Stream Generation,,,,,Hierarchical bayesian inference: constraining population distribution of dark matter halo shapes via stellar streams,"David Chemaly, Elisabeth Sola, Vasily Belokurov, Sergey Koposov, GyuChul Meyong, HanYuan Zhang, Denis Erkal",astro-ph.GA,2026-01-21T19:00:00Z,http://arxiv.org/abs/2601.15373v2,2601.15373,distribution_functions,234,180,True,False,140,320,False,3.0
astrobench_0deff610d0,astrobench_0deff610d0_chunk_016,16,"potential along the line joining the Galactic centre to the progenitor, determined by the balance between the host’s gravitational field, the progenitor’s self-gravity, and the centrifugal term in the co-rotating frame (King 1962). They define the two primary escape channels through which material becomes unbound during tidal stripping. New debris particles are sprayed from small spatial and velocity offsets around L1 and L2. These offsets serve as a proxy for the progenitor’s internal velocity dispersion and naturally generate both leading and trailing arms. In this work we adopt the dispersion prescription of Fardal et al. (2015), which samples position and velocity perturbations consistent with the Plummer model and produces cold, kinematically coherent streams. Because we inject particles only at the tidal boundary, every spawned tracer is, by construction, likely to escape the progenitor rather than rema in bound. Once released, particles are treated as massless tracers and evolved forward in time under the combined gravitational field of the host potential and the progenitor’s analytic potential. The progenitor therefore continues to influence nearby debris until the particles move several scale radii",2.1 Stream Generation,2.1 Stream Generation,,,,,Hierarchical bayesian inference: constraining population distribution of dark matter halo shapes via stellar streams,"David Chemaly, Elisabeth Sola, Vasily Belokurov, Sergey Koposov, GyuChul Meyong, HanYuan Zhang, Denis Erkal",astro-ph.GA,2026-01-21T19:00:00Z,http://arxiv.org/abs/2601.15373v2,2601.15373,distribution_functions,234,180,True,False,280,460,False,3.0
astrobench_0deff610d0,astrobench_0deff610d0_chunk_017,17,"particles are treated as massless tracers and evolved forward in time under the combined gravitational field of the host potential and the progenitor’s analytic potential. The progenitor therefore continues to influence nearby debris until the particles move several scale radii away, at which point its contribution becomes negligible. Crucially, the debris particles do not exert forces on one another, which eliminates the O( 𝑁2 ) scaling of full 𝑁 -body simulations and enables extremely fast generation of realistic streams. Despite this simplification, the particle-spray method reproduces key morphological features of tidal streams such as bifurcations, arm asymmetries, and on-sky track curvature with excellent fidelity and at orders-of-magnitude lower computational cost compared to full 𝑁 -body simulations (e.g. Sanders et al. 2016; Chen et al. 2025). Even so, a single spray realisation typically requires a few seconds, making large fitting campaigns (hundreds of thousands of streams) computationally heavy. To address this, we built StreaMAX �, a fully JAX (Bradbury et al. 2018)–accelerated package that exactly reproduces conventional spray generators, such as the ones in GALA (Price-Whelan 2017) and AGAMA (Vasiliev 2019),",2.1 Stream Generation,2.1 Stream Generation,,,,,Hierarchical bayesian inference: constraining population distribution of dark matter halo shapes via stellar streams,"David Chemaly, Elisabeth Sola, Vasily Belokurov, Sergey Koposov, GyuChul Meyong, HanYuan Zhang, Denis Erkal",astro-ph.GA,2026-01-21T19:00:00Z,http://arxiv.org/abs/2601.15373v2,2601.15373,distribution_functions,234,180,True,False,420,600,False,3.0
astrobench_0deff610d0,astrobench_0deff610d0_chunk_018,18,"from the comparaison because it uses a different integration algorithm which can not be changed. CPU benchmarks were performed on a 44-core node, and GPU results use an NVIDIA L4. On the CPU, Gala and StreaMAX exhibit similar scaling with particle number, with StreaMAX being the fastest across all tested sizes. When run on a GPU, StreaMAX achieves a substantial speedup and displays a flat scaling curve for low number of particles and a slight trend upwards at higher values. This suggests that fixed overheads dominate for low sizes where adding particles barely affects runtime. Although GPUs provide the best performance, our ma in analyses use CPUs due to wider availability on our computing resources. Throughout this work, we generate streams with 104 particles. The time integrations are performed using a standard leapfrog scheme (Hockney & Eastwood 1988) with fixed time steps. In this work, since the assumed potential model is smooth and well behaved (see Subsection 2.3), the number of steps is set to 100. This choice was empirically tested and shown to conserve energy and yield negligible differences",2.1 Stream Generation,2.1 Stream Generation,,,,,Hierarchical bayesian inference: constraining population distribution of dark matter halo shapes via stellar streams,"David Chemaly, Elisabeth Sola, Vasily Belokurov, Sergey Koposov, GyuChul Meyong, HanYuan Zhang, Denis Erkal",astro-ph.GA,2026-01-21T19:00:00Z,http://arxiv.org/abs/2601.15373v2,2601.15373,distribution_functions,234,180,False,False,700,880,False,3.0
astrobench_0deff610d0,astrobench_0deff610d0_chunk_019,19,"angles by subtracting the progenitor’s final unwrapped angle. With this convention, trailing tail particles have negative angles, the progenitor sits at 0[◦], and leading-tail particles have positive angles. This procedure assumes monotonically increasing angles along each orbit and works robustly for our setups. We extract the stream track by binning azimutally the unwrapped angular coordinate and averaging the particle radii with in each bin. This procedure follows the method of Sola et al. (2025), where we used it to automatically extract the tracks of segmented real external streams (see their Figure B1). The key improvement here is that our ordering and binning are fully automated, requiring no human intervention and thus enabling population-scale inference. The same bins can also provide estimates of the stream density (particle counts) and width (radial standard deviation), but these quantities are not used in the present work because our current particle-spray prescription does not produce realistic density and width profiles. This is because (i) the progenitor mass is held constant throughout the disruption, and (ii) particles are released from the Lagrange points at uniform time",2.2 Track Extraction,2.2 Track Extraction,,,,,Hierarchical bayesian inference: constraining population distribution of dark matter halo shapes via stellar streams,"David Chemaly, Elisabeth Sola, Vasily Belokurov, Sergey Koposov, GyuChul Meyong, HanYuan Zhang, Denis Erkal",astro-ph.GA,2026-01-21T19:00:00Z,http://arxiv.org/abs/2601.15373v2,2601.15373,distribution_functions,234,180,False,False,280,460,False,3.0
astrobench_0deff610d0,astrobench_0deff610d0_chunk_020,20,"present work because our current particle-spray prescription does not produce realistic density and width profiles. This is because (i) the progenitor mass is held constant throughout the disruption, and (ii) particles are released from the Lagrange points at uniform time intervals, independent of their separation from the progenitor. Therefore, we choose to work using only the stream track which retains geometric information about the global potential shape but loses dynamical information about the progenitor mass, disruption history, and local potential fluctuations (Bonaca & Hogg 2018). In this work, the angular bin size is fixed at 10[◦]. This choice, adopted from Sola et al. (2025), represents a balance between maximising angular resolution and maintaining sufficient information per bin to limit radial uncertainties. In STRRINGS, this binning led to an average radial distance uncertainty of approximately 2% which we include as Gaussian radial noise in our mock data.",2.2 Track Extraction,2.2 Track Extraction,,,,,Hierarchical bayesian inference: constraining population distribution of dark matter halo shapes via stellar streams,"David Chemaly, Elisabeth Sola, Vasily Belokurov, Sergey Koposov, GyuChul Meyong, HanYuan Zhang, Denis Erkal",astro-ph.GA,2026-01-21T19:00:00Z,http://arxiv.org/abs/2601.15373v2,2601.15373,distribution_functions,190,146,False,False,420,566,False,3.0
astrobench_0deff610d0,astrobench_0deff610d0_chunk_021,21,"Hierarchical bayesian inference: constraining population distribution of dark matter halo shapes via stellar streams 3.2 Parameter Inference Figure 3 presents the full 13-parameter corner plot for one mock track. Despite our prior constraints and parameterisation choices, several degeneracies persist (see Section 3.3). Nevertheless, most posteriors align well with the ground truth (red). Recall that all parameters except the halo flattening 𝑞 are treated as nuisance paramters. The orientation components ( ˆ 𝑥, 𝑦, ˆ ˆ 𝑧 ), from which 𝑞 is deterministically obtained, are comparatively well constrained, though they exhibit multi-modality among themselves. Importantly, they show no strong degeneracy with the remaining parameters (see Section 3.4 for some examples of flattening posteriors). A notable feature is the marginalised posterior of the integration time. Low values are disfavoured up to ∼ 2 Gyr, beyond which the posterior becomes broadly flat. This is a by-product of our conservative likelihood design: model tracks that are shorter than the observed angular coverage incur a strong penalty, whereas longer tracks are not penalised. As a result, the sampler is biased toward longer integration times, and",3.2 Parameter Inference,3.2 Parameter Inference,,,,,Hierarchical bayesian inference: constraining population distribution of dark matter halo shapes via stellar streams,"David Chemaly, Elisabeth Sola, Vasily Belokurov, Sergey Koposov, GyuChul Meyong, HanYuan Zhang, Denis Erkal",astro-ph.GA,2026-01-21T19:00:00Z,http://arxiv.org/abs/2601.15373v2,2601.15373,distribution_functions,234,180,False,False,0,180,False,3.0
astrobench_0deff610d0,astrobench_0deff610d0_chunk_022,22,"is a by-product of our conservative likelihood design: model tracks that are shorter than the observed angular coverage incur a strong penalty, whereas longer tracks are not penalised. As a result, the sampler is biased toward longer integration times, and once the integration time is sufficiently large for the model to span the observed range, the posterior plateaus. We discuss time-related degeneracies in Section 3.3, but note here that this behaviour is driven by the likelihood construction rather than by information in the data. To validate the fits, we draw 1000 posterior samples at random and overlay their modelled tracks on the mock observations in Figure 4. The full posterior typically contains hundreds of millions of samples, but we downsample to not have to remodel all these tracks. Note that because the 1000 samples are selected uniformly at random, the displayed distribution is representative of the full posterior. The modelled tracks align closely with the data. Deviations are larger toward the ends of the tails, where fewer particles are present, leading to increased model deviation. The residuals (right panel), computed",3.2 Parameter Inference,3.2 Parameter Inference,,,,,Hierarchical bayesian inference: constraining population distribution of dark matter halo shapes via stellar streams,"David Chemaly, Elisabeth Sola, Vasily Belokurov, Sergey Koposov, GyuChul Meyong, HanYuan Zhang, Denis Erkal",astro-ph.GA,2026-01-21T19:00:00Z,http://arxiv.org/abs/2601.15373v2,2601.15373,distribution_functions,234,180,False,False,140,320,False,3.0
astrobench_0deff610d0,astrobench_0deff610d0_chunk_023,23,"the Lagrange-point scaling. In the rotating frame of the progenitor, the tidal radius 𝑟𝑡 is set by the balance between the progenitor’s self-gravity and the tidal force exerted by the host: 𝑟𝑡 ∝[�] 𝑀[𝑚] � 31. If 𝑚 and 𝑀 are scaled proportionally, the ratio 𝑚 / 𝑀 remains constant, and therefore the tidal radius (i.e. the location of the Lagrange points where particles are released) remains unchanged. Since our stream generation method releases debris precisely from these Lagrange points, a fixed 𝑟𝑡 produces an identical phase-space structure. The resulting streams are thus completely degenerate as long as 𝑀 / 𝑚 is held constant. In logarithmic units, keeping this ratio fixed corresponds to a linear relation between log10 ( 𝑀 ) and log10 ( 𝑚 ). Finally, the integration time trades off against the mass–velocity scale: if ( 𝑀, v) are scaled down, a longer integration time is required to match the observed length and vice-versa. From the inferred joint posteriors in Figure 5, we see that although the parameters are strongly degenerate, the ground truth lies directly along the",3.3 Degeneracies,3.3 Degeneracies,,,,,Hierarchical bayesian inference: constraining population distribution of dark matter halo shapes via stellar streams,"David Chemaly, Elisabeth Sola, Vasily Belokurov, Sergey Koposov, GyuChul Meyong, HanYuan Zhang, Denis Erkal",astro-ph.GA,2026-01-21T19:00:00Z,http://arxiv.org/abs/2601.15373v2,2601.15373,distribution_functions,234,180,False,False,140,320,False,3.0
astrobench_0deff610d0,astrobench_0deff610d0_chunk_024,24,"these apparent constraints are prior dominated. Figure 3 also reveals clear modalities between the different orientations that propagate to the flattening. Figure 6 zooms in on the ( ˆ 𝑥, 𝑦 ˆ) posterior, showing four modes. For each mode we plot the best-fit stream with the rainbow colormap colour-coding the ordering of the stream particles over the mock data (red) and the projected equipotentials; the corresponding flattening 𝑞 is listed atop each panel. All four solutions fit the data and share nearly the same projected potential even though ( ˆ 𝑥, 𝑦 ˆ) and 𝑞 differ. Looking at the two pairs, green-purple and red-orange, we see that in both cases the flattening is the same, either oblate or prolate. In the posterior, the modalities are equivalent to flipping the sign of both 𝑥 ˆ and 𝑦 ˆ which, in the projected plane, represents a simple 180[◦] rotation. These modalities are due to the loss of information from working with projections. Indeed, the potentials’ orientations are different in 3-dimensions but look similar when projected. Other posterior pairs, for example the green",3.3 Degeneracies,3.3 Degeneracies,,,,,Hierarchical bayesian inference: constraining population distribution of dark matter halo shapes via stellar streams,"David Chemaly, Elisabeth Sola, Vasily Belokurov, Sergey Koposov, GyuChul Meyong, HanYuan Zhang, Denis Erkal",astro-ph.GA,2026-01-21T19:00:00Z,http://arxiv.org/abs/2601.15373v2,2601.15373,distribution_functions,234,180,False,False,420,600,False,3.0
astrobench_0deff610d0,astrobench_0deff610d0_chunk_025,25,"the DM halo to be quantified statistically (e.g. Bail in & Steinmetz 2005; Bett et al. 2010; Debattista et al. 2013; Shao et al. 2016; Tenneti et al. 2016). Measuring this misalignment across a large sample, which we are currently doing with STRRINGS, enables to study the populationlevel relationship between halo and disk orientations. Moreover, the inferred sky-projected orientations could be analysed to test whether haloes are randomly distributed or exhibit coherent alignments tracing the surrounding large-scale structure, as suggested by studies of the cosmic web (e.g. Tempel & Libeskind 2013; Codis et al. 2015; Welker et al. 2020). projection induced modalities discussed earlier in Section 3.3. Nevertheless, the correct flattening value is clearly preferred. Because the projected track still encodes information about the underlying three-dimensional potential (see Appendix of Nibauer et al. 2023), the data retains discriminating power beyond simple sky projections. Our results show that even when working only with projected tracks, it is still possible to recover meaningful information about the full 3D potential. While being informative, the resulting posteriors are still relatively broad, which limits the",3.3 Degeneracies,3.3 Degeneracies,,,,,Hierarchical bayesian inference: constraining population distribution of dark matter halo shapes via stellar streams,"David Chemaly, Elisabeth Sola, Vasily Belokurov, Sergey Koposov, GyuChul Meyong, HanYuan Zhang, Denis Erkal",astro-ph.GA,2026-01-21T19:00:00Z,http://arxiv.org/abs/2601.15373v2,2601.15373,distribution_functions,234,180,False,False,1120,1300,False,3.0
astrobench_0deff610d0,astrobench_0deff610d0_chunk_026,26,"simple sky projections. Our results show that even when working only with projected tracks, it is still possible to recover meaningful information about the full 3D potential. While being informative, the resulting posteriors are still relatively broad, which limits the strength of any single stream constraint on 𝑞. For this reason, in the next section we combine individual stream fits to obta in tighter constraints on the parameters of the underlying population distribution. Before proceeding, it is important to acknowledge that our model isolates a single morphological parameter ( 𝑞 ) with in an idealised, axisymmetric potential. This simplification allows the population inference to focus exclusively on the halo flattening, neglecting all other inferred parameters. In reality, triaxiality, radially varying density profiles, and baryonic components (e.g. a disk) would introduce additional shape-related parameters and degeneracies, resulting in broader posteriors and a more complex population inference. These effects lie beyond the scope of the present work, which is intended to quantify the information content of the projected track in a controlled setting. Their impact will be explored in future studies.",3.3 Degeneracies,3.3 Degeneracies,,,,,Hierarchical bayesian inference: constraining population distribution of dark matter halo shapes via stellar streams,"David Chemaly, Elisabeth Sola, Vasily Belokurov, Sergey Koposov, GyuChul Meyong, HanYuan Zhang, Denis Erkal",astro-ph.GA,2026-01-21T19:00:00Z,http://arxiv.org/abs/2601.15373v2,2601.15373,distribution_functions,233,179,False,False,1260,1439,False,3.0
astrobench_0deff610d0,astrobench_0deff610d0_chunk_027,27,"Hierarchical bayesian inference: constraining population distribution of dark matter halo shapes via stellar streams 3.4 Flattening We now run our inference pipeline for three different cases: ground truth oblate, spherical and prolate. With posteriors on ( ˆ 𝑥, 𝑦, ˆ ˆ 𝑧 ) from three different individual fits derived in Section 3.2, we obta in the halo flattening using Equation 11. Figure 7 shows the three examples respectively from left to right, each with the best-fit stream (top) and the corresponding posterior for 𝑞 (bottom). The ground truths are marked in red. In all cases the fits match the mock data well and the 𝑞 posteriors favour the correct values. For the spherical case, extreme oblate or prolate solutions are ruled out and the posterior peaks tightly at 𝑞 ≃ 1. For the oblate case, no value of 𝑞 is completely ruled out but the correct value is prefered. This is not always true for all oblate cases. Lastly, the prolate case also does not completely rule out any flattening possibility but does exhibit a secondary mode in the oblate",3.4 Flattening,3.4 Flattening,,,,,Hierarchical bayesian inference: constraining population distribution of dark matter halo shapes via stellar streams,"David Chemaly, Elisabeth Sola, Vasily Belokurov, Sergey Koposov, GyuChul Meyong, HanYuan Zhang, Denis Erkal",astro-ph.GA,2026-01-21T19:00:00Z,http://arxiv.org/abs/2601.15373v2,2601.15373,distribution_functions,234,180,False,False,0,180,False,3.0
astrobench_0deff610d0,astrobench_0deff610d0_chunk_028,28,"Hierarchical bayesian inference: constraining population distribution of dark matter halo shapes via stellar streams Hierarchical bayesian inference: constraining population distribution of dark matter halo shapes via stellar streams David Chemaly1 [★], Elisabeth Sola1, Vasily Belokurov1, Sergey E. Koposov1 [,]2, GyuChul Meyong1, HanYuan Zhang1, Denis Erkal3 1 Institute of Astronomy, Madingley Rd, Cambridge CB3 0HA, UK 2 Institute for Astronomy, University of Edinburgh, Royal Observatory, Blackford Hill, Edinburgh EH9 3HJ, UK 3 Department of Physics, University of Surrey, Guildford, GU2 7XH, Surrey, UK Accepted XXX. Received YYY; in original form ZZZ",Hierarchical bayesian inference: constraining population distribution of dark matter halo shapes via stellar streams,Hierarchical bayesian inference: constraining population distribution of dark matter halo shapes via stellar streams,,,,,Hierarchical bayesian inference: constraining population distribution of dark matter halo shapes via stellar streams,"David Chemaly, Elisabeth Sola, Vasily Belokurov, Sergey Koposov, GyuChul Meyong, HanYuan Zhang, Denis Erkal",astro-ph.GA,2026-01-21T19:00:00Z,http://arxiv.org/abs/2601.15373v2,2601.15373,distribution_functions,117,90,True,False,0,90,False,2.0
astrobench_0deff610d0,astrobench_0deff610d0_chunk_029,29,"(hundreds of thousands of streams) computationally heavy. To address this, we built StreaMAX �, a fully JAX (Bradbury et al. 2018)–accelerated package that exactly reproduces conventional spray generators, such as the ones in GALA (Price-Whelan 2017) and AGAMA (Vasiliev 2019), while gaining orders of magnitude of speed-up through compilation and efficient parallelism. Crucially, spray particles evolve independently, meaning that every particle can be integrated in parallel without requiring any information on any other particle. Therefore, we can accelerate the time integration using vectorised mapping and Just-in-Time (JIT) compilation. The whole package is written in JAX meaning that gradients of any function can easily be obtained. Figure 1 shows the time required to generate a stream as a function of the number of particles. All pipelines are tested using identical stream parameters and orbital integration settings. Note that Agama was excluded from the comparaison because it uses a different integration algorithm which can not be changed. CPU benchmarks were performed on a 44-core node, and GPU results use an NVIDIA L4. On the CPU, Gala and StreaMAX exhibit similar scaling with",2.1 Stream Generation,2.1 Stream Generation,,,,,Hierarchical bayesian inference: constraining population distribution of dark matter halo shapes via stellar streams,"David Chemaly, Elisabeth Sola, Vasily Belokurov, Sergey Koposov, GyuChul Meyong, HanYuan Zhang, Denis Erkal",astro-ph.GA,2026-01-21T19:00:00Z,http://arxiv.org/abs/2601.15373v2,2601.15373,distribution_functions,234,180,True,False,560,740,False,2.0
astrobench_0deff610d0,astrobench_0deff610d0_chunk_030,30,"on both CPU and GPU. CPU tests were performed on a 44-core node, and GPU tests use an NVIDIA L4. StreaMAX outperforms the conventional package, with the GPU version delivering the fastest and flattest scaling with particle number. particles are born at different times. A particle released later has less total time to evolve, so its timestep must be smaller if it is still to take the same number of steps as earlier particles. In practice, this means early-born particles have larger timesteps and late-born particles have smaller ones. For efficient vectorisation and JIT compilation, JAX requires fixed array dimensions, which motivates adapting the temporal resolution as a function of integration time for each particle.",2.1 Stream Generation,2.1 Stream Generation,,,,,Hierarchical bayesian inference: constraining population distribution of dark matter halo shapes via stellar streams,"David Chemaly, Elisabeth Sola, Vasily Belokurov, Sergey Koposov, GyuChul Meyong, HanYuan Zhang, Denis Erkal",astro-ph.GA,2026-01-21T19:00:00Z,http://arxiv.org/abs/2601.15373v2,2601.15373,distribution_functions,150,115,False,False,980,1095,False,2.0
astrobench_0deff610d0,astrobench_0deff610d0_chunk_031,31,"Hierarchical bayesian inference: constraining population distribution of dark matter halo shapes via stellar streams 2.2 Track Extraction As mentioned earlier, streams are generated in 3D, then projected on to the sky. Because the potential’s orientation is already a sampled parameter (see Section 2.3), varying the viewing direction (i.e., the line of sight from which the stream is projected) is unnecessary; a fixed projection suffices. Here, for simplicity, we choose the 𝑋𝑌 - plane. Note that the progenitor’s final phase-space coordinates are free parameters in the inference, so the stream’s orbital plane is not fixed and can vary relative to the line of sight even under a fixed projection choice. In this paper we fit only the stream track, intentionally discarding width and density information. To extract the track from a modelled stream, we need to obta in the ordering of the particles along the stream. To do so, we unwrap each particle’s orbital angle individually. We beg in by integrating the full 3D orbit of the progenitor. Because this orbit is continuous, the ordering of points along it is already",2.2 Track Extraction,2.2 Track Extraction,,,,,Hierarchical bayesian inference: constraining population distribution of dark matter halo shapes via stellar streams,"David Chemaly, Elisabeth Sola, Vasily Belokurov, Sergey Koposov, GyuChul Meyong, HanYuan Zhang, Denis Erkal",astro-ph.GA,2026-01-21T19:00:00Z,http://arxiv.org/abs/2601.15373v2,2601.15373,distribution_functions,234,180,False,False,0,180,False,2.0
astrobench_0deff610d0,astrobench_0deff610d0_chunk_032,32,"the particles along the stream. To do so, we unwrap each particle’s orbital angle individually. We beg in by integrating the full 3D orbit of the progenitor. Because this orbit is continuous, the ordering of points along it is already known, and its angular coordinate can be unwrapped in the usual sense (i.e., allowing the angle to increase beyond 2 𝜋 rather than resetting after each revolution). We then use the progenitor’s unwrapped angle to assign a birth angle to each stream particle. Since particles are released at different times, their true initial angle is not restricted to the interval [0, 2 𝜋 ]. Instead, the initial angle of a particle is defined as the progenitor’s unwrapped angle at the particle’s birth time, plus the particle’s own phase offset with in [0, 2 𝜋 ]. Finally, we re-centre all particle angles by subtracting the progenitor’s final unwrapped angle. With this convention, trailing tail particles have negative angles, the progenitor sits at 0[◦], and leading-tail particles have positive angles. This procedure assumes monotonically increasing angles along each orbit and works robustly",2.2 Track Extraction,2.2 Track Extraction,,,,,Hierarchical bayesian inference: constraining population distribution of dark matter halo shapes via stellar streams,"David Chemaly, Elisabeth Sola, Vasily Belokurov, Sergey Koposov, GyuChul Meyong, HanYuan Zhang, Denis Erkal",astro-ph.GA,2026-01-21T19:00:00Z,http://arxiv.org/abs/2601.15373v2,2601.15373,distribution_functions,234,180,False,False,140,320,False,2.0
astrobench_0deff610d0,astrobench_0deff610d0_chunk_033,33,"Hierarchical bayesian inference: constraining population distribution of dark matter halo shapes via stellar streams 3 INDIVIDUAL FIT Our goal is to simultaneously obta in, for each mock track, the posterior of the halo flattening 𝑞 and orientation for an axisymmetric NFW potential by leveraging Bayesian inference. Recall that 𝑞 is a deterministic function of the length of the sampled orientation vector ( ˆ 𝑥, 𝑦, ˆ ˆ 𝑧 ) (Equation 11). All remaining parameters are treated as nuisance variables required to generate the stream. In Section 4 we combine the marginal posteriors of 𝑞 from many streams to infer the DM haloes parameters at a population level.",3 INDIVIDUAL FIT,3 INDIVIDUAL FIT,,,,,Hierarchical bayesian inference: constraining population distribution of dark matter halo shapes via stellar streams,"David Chemaly, Elisabeth Sola, Vasily Belokurov, Sergey Koposov, GyuChul Meyong, HanYuan Zhang, Denis Erkal",astro-ph.GA,2026-01-21T19:00:00Z,http://arxiv.org/abs/2601.15373v2,2601.15373,distribution_functions,140,107,False,False,0,107,False,2.0
astrobench_0deff610d0,astrobench_0deff610d0_chunk_034,34,"displayed distribution is representative of the full posterior. The modelled tracks align closely with the data. Deviations are larger toward the ends of the tails, where fewer particles are present, leading to increased model deviation. The residuals (right panel), computed as data minus model in the radius-angle space where the likelihood is evaluated, show no obvious systematic bias. Together, these checks confirm that the inferred models are consistent with the mock data.",3.2 Parameter Inference,3.2 Parameter Inference,,,,,Hierarchical bayesian inference: constraining population distribution of dark matter halo shapes via stellar streams,"David Chemaly, Elisabeth Sola, Vasily Belokurov, Sergey Koposov, GyuChul Meyong, HanYuan Zhang, Denis Erkal",astro-ph.GA,2026-01-21T19:00:00Z,http://arxiv.org/abs/2601.15373v2,2601.15373,distribution_functions,94,72,False,False,280,352,False,2.0
astrobench_0deff610d0,astrobench_0deff610d0_chunk_035,35,"reflect lower particle counts and increased sampling noise. Residuals show no obvious bias. of the vector (see Equation 11) which maps to the flattening, allowing to vary the potential from oblate to prolate without affecting the projected orientation in the XY plane. This is how pairs of different flattening in Figure 6 obta in different values for 𝑞 without varying the absolute size of 𝑥 ˆ and 𝑦 ˆ. Although the three-dimensional components defining the DM halo orientation (ˆ 𝑥, 𝑦 ˆ, 𝑧 ˆ) are highly degenerate with one another, Figure 3 shows that the projected orientation is nonetheless well constrained. While this aspect is not explored further in the present work, such constraints could be compared to the observed orientation of the baryonic components in real galaxies, allowing the misalignment between the stellar (or stellar + gaseous) disk and the DM halo to be quantified statistically (e.g. Bail in & Steinmetz 2005; Bett et al. 2010; Debattista et al. 2013; Shao et al. 2016; Tenneti et al. 2016). Measuring this misalignment across a large sample, which we are currently",3.3 Degeneracies,3.3 Degeneracies,,,,,Hierarchical bayesian inference: constraining population distribution of dark matter halo shapes via stellar streams,"David Chemaly, Elisabeth Sola, Vasily Belokurov, Sergey Koposov, GyuChul Meyong, HanYuan Zhang, Denis Erkal",astro-ph.GA,2026-01-21T19:00:00Z,http://arxiv.org/abs/2601.15373v2,2601.15373,distribution_functions,234,180,False,False,980,1160,False,2.0
astrobench_0deff610d0,astrobench_0deff610d0_chunk_036,36,"Hierarchical bayesian inference: constraining population distribution of dark matter halo shapes via stellar streams APPENDIX A: POPULATION RELATIONS Here we examine how the accuracy of the inferred flattening varies with simple morphological properties of the stream tracks across our full population. In total, we analyse the 105 individual posteriors obtained from this work. For each posterior we compute the absolute mean error (AME), which measures the average deviation of the posterior samples from the true value. Smaller AME values correspond to more accurate constraints. For each stream we compute four descriptive quantities: angular length, physical length, mean distance from the orig in, and radial distance spread (Figure A1). Angular lengths are discrete because tracks are binned in angle; the remaining quantities are continuous. Across the population, the scatter in AME at fixed morphological properties is large, and no single parameter produces a clean predictive trend. Nonetheless, we use linear regression to describe the correlation between the AME and our aformentionned quantites. Longer angular tracks exhibit slightly smaller errors, consistent with the idea that a greater number of angular bins provides",APPENDIX A: POPULATION RELATIONS,APPENDIX A: POPULATION RELATIONS,,,,,Hierarchical bayesian inference: constraining population distribution of dark matter halo shapes via stellar streams,"David Chemaly, Elisabeth Sola, Vasily Belokurov, Sergey Koposov, GyuChul Meyong, HanYuan Zhang, Denis Erkal",astro-ph.GA,2026-01-21T19:00:00Z,http://arxiv.org/abs/2601.15373v2,2601.15373,distribution_functions,234,180,False,False,0,180,False,2.0
astrobench_0deff610d0,astrobench_0deff610d0_chunk_037,37,"produces a clean predictive trend. Nonetheless, we use linear regression to describe the correlation between the AME and our aformentionned quantites. Longer angular tracks exhibit slightly smaller errors, consistent with the idea that a greater number of angular bins provides more information. A similar trend appears with physical length: longer streams tend to have marginally lower AME, though this can be partly a geometric effect since the same angular extent corresponds to larger physical lengths at larger distances. The mean distance shows the opposite behaviour. Streams at smaller mean distance are more likely to cover larger angular extents, and thus modestly lower AME values. Finally, the radial distance spread shows almost no relation with AME. This is expected, as the flattening parameter primarily affects the angular structure of the orbit; probing a wider radial range is not required to constra in 𝑞 in the projected track setting explored here. Overall, while some qualitative trends exist, the intrinsic scatter is substantial. A larger and more diverse population of mock streams would be needed to assess the robustness of these relations and",APPENDIX A: POPULATION RELATIONS,APPENDIX A: POPULATION RELATIONS,,,,,Hierarchical bayesian inference: constraining population distribution of dark matter halo shapes via stellar streams,"David Chemaly, Elisabeth Sola, Vasily Belokurov, Sergey Koposov, GyuChul Meyong, HanYuan Zhang, Denis Erkal",astro-ph.GA,2026-01-21T19:00:00Z,http://arxiv.org/abs/2601.15373v2,2601.15373,distribution_functions,234,180,False,False,140,320,False,2.0
astrobench_0deff610d0,astrobench_0deff610d0_chunk_038,38,"are scaled down, a longer integration time is required to match the observed length and vice-versa. From the inferred joint posteriors in Figure 5, we see that although the parameters are strongly degenerate, the ground truth lies directly along the degeneracy. When looking only at the marginalized posteriors (Figure 3), these parameters may appear well constrained. However, we stress that such constraints are prior-driven: likelihood values are nearly constant along the degeneracy, but the prior does not weight all regions equally, producing apparent preferences in the marginal distributions. Uniform priors on the parameters do not garantee uniform priors on the degeneracies. In principle, one could reparameterise the problem to uniformly sample along the degeneracies; in practice, because enclosed mass varies with radius, the exact mass–velocity relation is position dependent. We therefore reta in the raw parameters and explicitly note that these apparent constraints are prior dominated. Figure 3 also reveals clear modalities between the different orientations that propagate to the flattening. Figure 6 zooms in on the ( ˆ 𝑥, 𝑦 ˆ) posterior, showing four modes. For each mode we",3.3 Degeneracies,3.3 Degeneracies,,,,,Hierarchical bayesian inference: constraining population distribution of dark matter halo shapes via stellar streams,"David Chemaly, Elisabeth Sola, Vasily Belokurov, Sergey Koposov, GyuChul Meyong, HanYuan Zhang, Denis Erkal",astro-ph.GA,2026-01-21T19:00:00Z,http://arxiv.org/abs/2601.15373v2,2601.15373,distribution_functions,234,180,False,False,280,460,False,1.5
astrobench_0deff610d0,astrobench_0deff610d0_chunk_039,39,"red line shows a simple linear fit. Weak trends are present but the overall scatter is large, and no single morphological parameter reliably predicts inference quality. That being said, longer streams (both angular and linear) tend to yield smaller errors, shorter mean distances also lead to smaller errors, and radial distance spread has no effect. MNRAS 000, 1–15 (2026)",APPENDIX A: POPULATION RELATIONS,APPENDIX A: POPULATION RELATIONS,,,,,Hierarchical bayesian inference: constraining population distribution of dark matter halo shapes via stellar streams,"David Chemaly, Elisabeth Sola, Vasily Belokurov, Sergey Koposov, GyuChul Meyong, HanYuan Zhang, Denis Erkal",astro-ph.GA,2026-01-21T19:00:00Z,http://arxiv.org/abs/2601.15373v2,2601.15373,distribution_functions,77,59,False,False,560,619,False,1.0
astrobench_3474c47fe1,astrobench_3474c47fe1_chunk_000,0,"Self-consistent dynamical models with a finite extent -- V. Smooth radial truncations and phase-space consistency 1 INTRODUCTION Analytical dynamical models rema in essential in galaxy dynamics, serving as testbeds for novel methods and as foundations for numerical simulations. Simple spherical models such as the Plummer sphere (Plummer 1911; Dejonghe 1987), the Jaffe model (Jaffe 1983), the Hernquist model (Hernquist 1990), the 𝛾 -models (Dehnen 1993; Tremaine et al. 1994), and the Einas to models (Einas to 1965) are widely used for a large variety of applications. One common characteristic of these models is that they have infinite spatial extent, whereas real systems such as galaxies and star clusters have a finite radial extent. This immediately raises the question whether it is possible to convert these popular models in to counterparts with a finite extent or, more generally, to construct self-consistent dynamical models with a finite extent. One method to generate simple dynamical models with a finite extent is to apply a truncation in binding energy, which automatically excludes low-binding-energy orbits beyond a truncation radius. However, this approach introduces two issues.",1 INTRODUCTION,1 INTRODUCTION,,,,,Self-consistent dynamical models with a finite extent -- V. Smooth radial truncations and phase-space consistency,Maarten Baes,astro-ph.GA,2026-01-13T09:17:21Z,http://arxiv.org/abs/2601.08361v1,2601.08361,distribution_functions,234,180,True,False,0,180,True,5.0
astrobench_3474c47fe1,astrobench_3474c47fe1_chunk_001,1,"dynamical models with a finite extent. One method to generate simple dynamical models with a finite extent is to apply a truncation in binding energy, which automatically excludes low-binding-energy orbits beyond a truncation radius. However, this approach introduces two issues. First, it artificially excludes certa in orbits, even though they are completely with in the allowed spatial region defined by the truncation radius (Kashlinsky 1988). Secondly, a truncation in binding energy affects all dynamical properties. Even when the density and potential of the original model are simple analytical functions, the corresponding quantities of the truncated model can virtually never be written down in closed form. The prototypical example of such models is the family of King models (King 1966). The distribution function has a simple expression when written as a function of binding energy, but no closed form exists for the density or gravitational potential. This paper is the fifth in a series that aims at studying the dynamical structure of radially truncated models and at developing selfconsistent spherical dynamical models with finite extent and preset analytical density profiles. In",1 INTRODUCTION,1 INTRODUCTION,,,,,Self-consistent dynamical models with a finite extent -- V. Smooth radial truncations and phase-space consistency,Maarten Baes,astro-ph.GA,2026-01-13T09:17:21Z,http://arxiv.org/abs/2601.08361v1,2601.08361,distribution_functions,234,180,True,False,140,320,True,5.0
astrobench_3474c47fe1,astrobench_3474c47fe1_chunk_002,2,"the density or gravitational potential. This paper is the fifth in a series that aims at studying the dynamical structure of radially truncated models and at developing selfconsistent spherical dynamical models with finite extent and preset analytical density profiles. In Paper I (Baes 2022a), we started our exploration with the simplest finite-extent model: the uniform density sphere. We confirmed that this model cannot be supported by an isotropic dynamical structure (see also Zel’dovich et al. 1972; Osipkov 1979), but we developed a range of self-consistent dynamical models in which all permissible orbits are fully populated. In Paper II (Baes 2023), we demonstrated that spherical models with a sharp density cutoff cannot susta in an isotropic orbital structure. Many of them can, however, be supported by the tangential Osipkov–Merritt orbital structure that becomes entirely tangential at the truncation radius. In Paper III (Baes & Vander Meulen 2023), we examined the detailed properties of the family of power-law spheres, for which many dynamical properties can be calculated analytically. In Paper IV (Baes 2024) we presented a new family of finite-extent models defined",1 INTRODUCTION,1 INTRODUCTION,,,,,Self-consistent dynamical models with a finite extent -- V. Smooth radial truncations and phase-space consistency,Maarten Baes,astro-ph.GA,2026-01-13T09:17:21Z,http://arxiv.org/abs/2601.08361v1,2601.08361,distribution_functions,234,180,True,False,280,460,True,5.0
astrobench_3474c47fe1,astrobench_3474c47fe1_chunk_003,3,"series and aim at constructing dynamical models with a finite extent by applying a soft radial truncation to an arbitrary density profile. In Sect. 2 we present our methodology and the numerical implementation in the SpheCow code. In Sect. 3 we apply ★ E-mail: maarten.baes@ugent.be © 2025 The Authors 2 M. Baes this method to the well-known Hernquist model and investigate the properties of a family of softly truncated Hernquist models. In particular, we demonstrate that this model is consistent with a range of orbital structures, ranging from tangentially anisotropic to isotropic to radially anisotropic. In Sect. 4 we discuss the implications of our results, and in Sect. 5 we provide a summary.",1 INTRODUCTION,1 INTRODUCTION,,,,,Self-consistent dynamical models with a finite extent -- V. Smooth radial truncations and phase-space consistency,Maarten Baes,astro-ph.GA,2026-01-13T09:17:21Z,http://arxiv.org/abs/2601.08361v1,2601.08361,distribution_functions,147,113,False,False,560,673,True,5.0
astrobench_3474c47fe1,astrobench_3474c47fe1_chunk_004,4,"Self-consistent dynamical models with a finite extent -- V. Smooth radial truncations and phase-space consistency 5 SUMMARY In this paper we have introduced a general method to construct selfconsistent spherical dynamical models with a finite spatial extent by applying a smooth radial truncation to an arbitrary density profile. The truncation is implemented through a truncation function S( 𝑥 ) that drives the density continuously to zero at the outer radius 𝑟 T, thereby avoiding the phase-space singularities that arise in sharply truncated models. This prescription has been incorporated in the SpheCow code and applied to the Hernquist model as a representative example. For isotropic models, we find that softly truncated Hernquist models are dynamically consistent for a wide range of truncation radii, provided that the truncation is sufficiently gradual. The corresponding distribution functions exhibit a characteristic bump–dip structure near the truncation energy ET, and the depth of this dip yields a simple diagnostic for identifying the critical truncation sharpness 𝜉 crit ( 𝑟 T). We have also examined truncated models with an Osipkov–Merritt orbital structure. In contrast to sharply truncated",5 SUMMARY,5 SUMMARY,,,,,Self-consistent dynamical models with a finite extent -- V. Smooth radial truncations and phase-space consistency,Maarten Baes,astro-ph.GA,2026-01-13T09:17:21Z,http://arxiv.org/abs/2601.08361v1,2601.08361,distribution_functions,234,180,False,False,0,180,True,5.0
astrobench_3474c47fe1,astrobench_3474c47fe1_chunk_005,5,"truncation energy ET, and the depth of this dip yields a simple diagnostic for identifying the critical truncation sharpness 𝜉 crit ( 𝑟 T). We have also examined truncated models with an Osipkov–Merritt orbital structure. In contrast to sharply truncated systems, which only admit the extreme tangential limit, softly truncated models accommodate a broad family of anisotropic equilibria, including moderately radial ones. For each ( 𝑟 T, 𝜆 ) we determined the maximum truncation sharpness 𝜉 crit ( 𝑟 T, 𝜆 ) that preserves phase-space consistency. The resulting consistency landscape demonstrates that soft truncations dramatically enlarge the parameter space of dynamically viable finite-extent models. Soft radial truncations therefore provide a physically motivated and versatile framework for constructing finite-extent dynamical models with controlled outer boundaries. The approach is general and can be applied to any spherical density profile, offering a useful tool for analytical studies, dynamical modelling, and the generation of equilibrium 𝑁 -body initial conditions. Although the softly truncated models presented here are phase-space consistent, their long-term dynamical stability is not guaranteed: the characteristic bump–dip feature in the distribution function",5 SUMMARY,5 SUMMARY,,,,,Self-consistent dynamical models with a finite extent -- V. Smooth radial truncations and phase-space consistency,Maarten Baes,astro-ph.GA,2026-01-13T09:17:21Z,http://arxiv.org/abs/2601.08361v1,2601.08361,distribution_functions,234,180,False,False,140,320,True,5.0
astrobench_3474c47fe1,astrobench_3474c47fe1_chunk_006,6,"Self-consistent dynamical models with a finite extent -- V. Smooth radial truncations and phase-space consistency 3.1 The Hernquist model To investigate the effect of a soft truncation on the structure of dynamical models, we use the Hernquist model (Hernquist 1990) as our starting point. This model is characterised by the simple density profile ==> picture [244 x 20] intentionally omitted <== with 𝑀 the total mass and 𝑏 a scale length. As nearly all popular models, it has an infinite extent, thus 𝜌 0 ( 𝑟 ) > 0 for all 𝑟. The Hernquist model is one of the most popular toy models in the stellar dynamics community: it can be supported by a variety of orbital structures, and the corresponding distribution functions and differential energy 1 https://github.com/mbaes/SpheCow MNRAS 000, 1–10 (2025) 4 M. Baes distributions can often be expressed completely analytically (Hernquist 1990; Ciotti 1996; Baes & Dejonghe 2002, 2021; Binney & Tremaine 2008).",3.1 The Hernquist model,3.1 The Hernquist model,,,,,Self-consistent dynamical models with a finite extent -- V. Smooth radial truncations and phase-space consistency,Maarten Baes,astro-ph.GA,2026-01-13T09:17:21Z,http://arxiv.org/abs/2601.08361v1,2601.08361,distribution_functions,202,155,True,True,0,155,True,4.5
astrobench_3474c47fe1,astrobench_3474c47fe1_chunk_007,7,"III (Baes & Vander Meulen 2023), we examined the detailed properties of the family of power-law spheres, for which many dynamical properties can be calculated analytically. In Paper IV (Baes 2024) we presented a new family of finite-extent models defined by density profiles based on Wendl and functions, the most widely used compactly supported radial basis functions (Wendl and 1995; Schaback 2011). We demonstrated that these models, which have an analytical potential–density pair, can be supported by a range of orbital structures. While Wendl and models are not representative of real astrophysical systems, the ma in insight from this study was that models with truncated density profiles can be supported by isotropic and even radially anisotropic orbital structures as long as the truncation is sufficiently smooth. In this paper we combine the lessons learnt from the previous papers in this series and aim at constructing dynamical models with a finite extent by applying a soft radial truncation to an arbitrary density profile. In Sect. 2 we present our methodology and the numerical implementation in the SpheCow code. In Sect. 3",1 INTRODUCTION,1 INTRODUCTION,,,,,Self-consistent dynamical models with a finite extent -- V. Smooth radial truncations and phase-space consistency,Maarten Baes,astro-ph.GA,2026-01-13T09:17:21Z,http://arxiv.org/abs/2601.08361v1,2601.08361,distribution_functions,234,180,True,False,420,600,True,4.0
astrobench_3474c47fe1,astrobench_3474c47fe1_chunk_008,8,"tool for analytical studies, dynamical modelling, and the generation of equilibrium 𝑁 -body initial conditions. Although the softly truncated models presented here are phase-space consistent, their long-term dynamical stability is not guaranteed: the characteristic bump–dip feature in the distribution function may render some models susceptible to slow, secular instabilities, an issue that warrants further study using linear stability analyses or 𝑁 -body simulations.",5 SUMMARY,5 SUMMARY,,,,,Self-consistent dynamical models with a finite extent -- V. Smooth radial truncations and phase-space consistency,Maarten Baes,astro-ph.GA,2026-01-13T09:17:21Z,http://arxiv.org/abs/2601.08361v1,2601.08361,distribution_functions,82,63,False,False,280,343,True,4.0
astrobench_3474c47fe1,astrobench_3474c47fe1_chunk_009,9,"Self-consistent dynamical models with a finite extent -- V. Smooth radial truncations and phase-space consistency 2.2 Implementation in SpheCow SpheCow (Baes et al. 2021) is a versatile tool designed to explore the dynamical properties of spherical models. The code comes with implementations for many popular mass models, defined by either their density or their surface density profiles. Its architecture is userfriendly, allowing new models to be added with minimal effort. Users can assign an ergodic, purely radial, or radial or tangential Osipkov– Merritt orbital structure to any mass model and numerically explore the entire dynamical structure by means of dynamical properties such as the velocity dispersion profiles, the distribution function, and the differential energy distribution. SpheCow is written in C++ and is publicly available on GitHub.1 We implemented the option to generate softly truncated versions, with user-specified values for 𝑟 T and 𝜉, for any SpheCow model. Similarly to the sharply truncated models discussed in Paper II, we employed the decorator design pattern, a well-known object-oriented programming pattern that allows additional functionality to be dynamically added to objects (Gamma et",2.2 Implementation in SpheCow,2.2 Implementation in SpheCow,,,,,Self-consistent dynamical models with a finite extent -- V. Smooth radial truncations and phase-space consistency,Maarten Baes,astro-ph.GA,2026-01-13T09:17:21Z,http://arxiv.org/abs/2601.08361v1,2601.08361,distribution_functions,234,180,True,False,0,180,False,3.0
astrobench_3474c47fe1,astrobench_3474c47fe1_chunk_010,10,"T and 𝜉, for any SpheCow model. Similarly to the sharply truncated models discussed in Paper II, we employed the decorator design pattern, a well-known object-oriented programming pattern that allows additional functionality to be dynamically added to objects (Gamma et al. 1994; Freeman et al. 2004). This approach avoids the need to build truncated versions for every existing and future density model and ensures that soft truncations can be applied to any model, including ones without analytical density profiles, such as the Sérsic and Nuker models. The implementation of the softly truncated model decorator class in SpheCow is straightforward and efficient. Indeed, for any model defined by a density profile, the code only requires an implementation of the density and its first and second derivatives. Given the density profile 𝜌 0 ( 𝑟 ) of the base model that is to be truncated and the values of the parameters 𝑟 T and 𝜉 that set the truncation, the density 𝜌 ( 𝑟 ) is obtained by combining expressions (3), (5) and (8). The first and second derivatives are immediately obtained",2.2 Implementation in SpheCow,2.2 Implementation in SpheCow,,,,,Self-consistent dynamical models with a finite extent -- V. Smooth radial truncations and phase-space consistency,Maarten Baes,astro-ph.GA,2026-01-13T09:17:21Z,http://arxiv.org/abs/2601.08361v1,2601.08361,distribution_functions,234,180,False,False,140,320,False,3.0
astrobench_3474c47fe1,astrobench_3474c47fe1_chunk_011,11,"to be truncated and the values of the parameters 𝑟 T and 𝜉 that set the truncation, the density 𝜌 ( 𝑟 ) is obtained by combining expressions (3), (5) and (8). The first and second derivatives are immediately obtained and easily implemented, given the expressions for 𝜌 0[′][(] [𝑟][)][ and] [ 𝜌] 0[′′][(] [𝑟][)][, which are available for the] base model. All other intrinsic properties, projected properties, and dynamical properties are automatically calculated using high-order Gauss–Legendre quadrature (for details, see Baes et al. 2021). The additional evaluation of the smoothing function and its derivatives is negligible compared to the repeated quadrature dominating the evaluation of the dynamical quantities.",2.2 Implementation in SpheCow,2.2 Implementation in SpheCow,,,,,Self-consistent dynamical models with a finite extent -- V. Smooth radial truncations and phase-space consistency,Maarten Baes,astro-ph.GA,2026-01-13T09:17:21Z,http://arxiv.org/abs/2601.08361v1,2601.08361,distribution_functions,142,109,False,False,280,389,False,3.0
astrobench_3474c47fe1,astrobench_3474c47fe1_chunk_012,12,"Self-consistent dynamical models with a finite extent -- V. Smooth radial truncations and phase-space consistency 4.1 Sharp versus soft truncations The ma in result of this study is that spherically symmetric models with a finite spatial extent can be supported by an isotropic orbital structure, provided that the truncation of the density profile is sufficiently smooth. This finding stands in contrast to the ma in result of Paper II, where we demonstrated that ergodic models with a sharp density cutoff are always inconsistent. The present results thus demonstrate that the failure of those models is not due to the finite extent itself, but to the discontinuous nature of the truncation. The physical orig in of this behaviour lies in the continuity of the phase-space occupation near the truncation energy. In a sharply truncated model, the density remains finite up to the truncation radius and drops to zero abruptly. Such a discontinuity in configuration space corresponds to a singularity in phase space: to reproduce the sudden drop, the distribution function must include delta-function or negative-weight contributions at the truncation energy. This",4.1 Sharp versus soft truncations,4.1 Sharp versus soft truncations,,,,,Self-consistent dynamical models with a finite extent -- V. Smooth radial truncations and phase-space consistency,Maarten Baes,astro-ph.GA,2026-01-13T09:17:21Z,http://arxiv.org/abs/2601.08361v1,2601.08361,distribution_functions,234,180,False,False,0,180,False,3.0
astrobench_3474c47fe1,astrobench_3474c47fe1_chunk_013,13,"the truncation radius and drops to zero abruptly. Such a discontinuity in configuration space corresponds to a singularity in phase space: to reproduce the sudden drop, the distribution function must include delta-function or negative-weight contributions at the truncation energy. This re- sults in a non-physical or negative distribution function, violating the requirement of dynamical self-consistency. When the density profile is truncated in a smooth way so that it tends continuously to zero, this singularity disappears. The potential and the binding-energy distribution vary smoothly, and the occupancy of orbit families changes gradually rather than abruptly. All orbits can then be populated with finite, positive weights, and both the density and the velocity dispersion naturally vanish at the system boundary. The resulting models are dynamically consistent without the need for artificial anisotropies. However, not every soft truncation guarantees consistency. If the truncation is only weakly smoothed, so that the density gradient near the outer radius remains extremely steep, the system effectively retains a quasi-discontinuity in its outer phase-space structure. In such cases, the derivatives of the density with respect to the potential",4.1 Sharp versus soft truncations,4.1 Sharp versus soft truncations,,,,,Self-consistent dynamical models with a finite extent -- V. Smooth radial truncations and phase-space consistency,Maarten Baes,astro-ph.GA,2026-01-13T09:17:21Z,http://arxiv.org/abs/2601.08361v1,2601.08361,distribution_functions,234,180,False,False,140,320,False,3.0
astrobench_3474c47fe1,astrobench_3474c47fe1_chunk_014,14,"is only weakly smoothed, so that the density gradient near the outer radius remains extremely steep, the system effectively retains a quasi-discontinuity in its outer phase-space structure. In such cases, the derivatives of the density with respect to the potential still diverge as 𝑟 → 𝑟 T, and the corresponding distribution function can aga in become negative near the truncation energy. A sharp but finite truncation thus represents a marginally pathological case: less severe than an abrupt cutoff but still inconsistent because the density’s high-order derivatives enforce an unphysical behaviour in energy space.2 The successful construction of ergodic dynamical models by applying a soft truncation to the Hernquist density profile confirms that finite-extent systems can be realised without invoking discontinuous or extreme orbital configurations. The proposed soft-truncation prescription thus offers a general and physically motivated framework for generating self-consistent dynamical models with finite spatial extent and controlled outer-edge behaviour. It bridges the gap between idealised infinite models such as the popular Plummer, Dehnen, Einas to and Sérsic models, and realistic stellar systems of finite size.",4.1 Sharp versus soft truncations,4.1 Sharp versus soft truncations,,,,,Self-consistent dynamical models with a finite extent -- V. Smooth radial truncations and phase-space consistency,Maarten Baes,astro-ph.GA,2026-01-13T09:17:21Z,http://arxiv.org/abs/2601.08361v1,2601.08361,distribution_functions,228,175,False,False,280,455,False,3.0
astrobench_3474c47fe1,astrobench_3474c47fe1_chunk_015,15,"number of studies, such as Polyachenko & Shukhman (1974), Osipkov (1979), – and the previous papers in this series (Paper I Paper IV). The consistency conditions for any Osipkov–Merritt model depend on the value of 𝜆. In general, it is easier to populate a given density distribution with nearly circular orbits than with very eccentric orbits. Therefore, if an Osipkov–Merritt model is consistent for a given value of 𝜆 0, it will be consistent for all 𝜆 in the range 𝜆 min ⩽ 𝜆 ⩽ 𝜆 0. To investigate the consistency of the family of softly truncated Hernquist models with an Osipkov–Merritt orbital structure, we hence have to find, for every 𝑟 T and 𝜉, the maximum value of 𝜆 for which the distribution function remains nonnegative for all 𝑄. This is equivalent to finding, for every ( 𝑟 T, 𝜆 ), the critical truncation sharpness 𝜉 crit ( 𝑟 T, 𝜆 ). Since the SpheCow code can evaluate the Osipkov–Merritt distribution function for any spherical model (for details, see Baes et al. 2021; Baes 2023), we can numerically calculate",4.2 Extension to anisotropic orbital structures,4.2 Extension to anisotropic orbital structures,,,,,Self-consistent dynamical models with a finite extent -- V. Smooth radial truncations and phase-space consistency,Maarten Baes,astro-ph.GA,2026-01-13T09:17:21Z,http://arxiv.org/abs/2601.08361v1,2601.08361,distribution_functions,234,180,False,False,560,740,False,3.0
astrobench_3474c47fe1,astrobench_3474c47fe1_chunk_016,16,"explicitly on the value of 𝜆. The top row of this figure shows the distribution function of the corresponding nontruncated Hernquist models (only for the isotropic and radial models, as tangential Osipkov–Merritt models are not physically meaningful for models with an infinite extent). Looking at the original Hernquist model, the most obvious difference between the isotropic and the radial Osipkov–Merritt model is the coverage of the allowed orbital space: in the isotropic case, all orbits are populated, whereas in the radial Osipkov–Merritt case the region in orbital space corresponding to 𝑄< 0 is unpopulated. Furthermore, the change in orbital structure changes the orientation of the iso-density contours: the effect is negligible in the central region, but at larger radii the orientation is slightly different, with flatter (steeper) contours for the isotropic (radial) model. Now looking at the bottom row, we see that the effect of the truncation is to remove all orbits with apocentre larger than the truncation radius. In the isotropic case (bottom-central panel), the truncation also creates a region of unpopulated, weakly bound orbits. In the case of",4.2 Extension to anisotropic orbital structures,4.2 Extension to anisotropic orbital structures,,,,,Self-consistent dynamical models with a finite extent -- V. Smooth radial truncations and phase-space consistency,Maarten Baes,astro-ph.GA,2026-01-13T09:17:21Z,http://arxiv.org/abs/2601.08361v1,2601.08361,distribution_functions,234,180,False,False,980,1160,False,3.0
astrobench_3474c47fe1,astrobench_3474c47fe1_chunk_017,17,"Self-consistent dynamical models with a finite extent -- V. Smooth radial truncations and phase-space consistency 4.3 Stability considerations An important caveat concerns the dynamical stability of the softly truncated models presented in this paper. Throughout this work we have focused on phase-space consistency, i.e. the requirement that the distribution function be non-negative everywhere. While this condition is necessary for a physical equilibrium, it is not sufficient to guarantee stability. For spherical systems with an isotropic distribution function, Antonov’s classical theorem states that a monotonic decrease of the distribution function with binding energy, d 𝑓 /dE > 0, is a sufficient but not necessary condition for stability against all perturbations (Antonov 1962; Doremus et al. 1971; Gillon 1980; Perez & Aly 1996; Binney & Tremaine 2008). The softly truncated models considered here generically violate this monotonicity condition through the characteristic bump–dip feature near the truncation energy, even when the distribution function remains everywhere positive. Recent work has shown that such local inflections in the distribution function can have important dynamical consequences. Weinberg (2023) demonstrated that spherical systems with truncated outer density",4.3 Stability considerations,4.3 Stability considerations,,,,,Self-consistent dynamical models with a finite extent -- V. Smooth radial truncations and phase-space consistency,Maarten Baes,astro-ph.GA,2026-01-13T09:17:21Z,http://arxiv.org/abs/2601.08361v1,2601.08361,distribution_functions,234,180,False,False,0,180,False,3.0
astrobench_3474c47fe1,astrobench_3474c47fe1_chunk_018,18,"limits for Osipkov–Merritt models in terms of the anisotropy radius or global anisotropy parameters (e.g. Palmer & Papaloizou 1987; Saha 1991; Nipoti et al. 2002; Di Cintio & Casetti 2020). In addition, anisotropic spherical systems generically support weakly damped global modes (Weinberg 1991, 1994; Heggie et al. 2020), which can be destabilised by relatively small features MNRAS 000, 1–10 (2025) 8 M. Baes or inflections in the distribution function. Recent work has shown that truncation-induced bumps in Osipkov–Merritt models can excite slowly growing dipole modes through resonant couplings between inner and outer orbital families (Weinberg 2023; Dattathri et al. 2025). In this context, the consistency boundaries derived in Sect. 4.2 and illustrated in Fig. 5 should be interpreted with care. These boundaries delineate the region of parameter space in which the distribution function remains non-negative for a given truncation sharpness and anisotropy parameter. They do not, however, mark a transition between stable and unstable models. In particular, models that lie safely with in the consistent region may still violate Antonov-type monotonicity conditions or host phase-space inflections capable of exciting secular",4.3 Stability considerations,4.3 Stability considerations,,,,,Self-consistent dynamical models with a finite extent -- V. Smooth radial truncations and phase-space consistency,Maarten Baes,astro-ph.GA,2026-01-13T09:17:21Z,http://arxiv.org/abs/2601.08361v1,2601.08361,distribution_functions,234,180,False,False,420,600,False,3.0
astrobench_3474c47fe1,astrobench_3474c47fe1_chunk_019,19,"and anisotropy parameter. They do not, however, mark a transition between stable and unstable models. In particular, models that lie safely with in the consistent region may still violate Antonov-type monotonicity conditions or host phase-space inflections capable of exciting secular instabilities. Soft truncations substantially enlarge the parameter space of consistent Osipkov–Merritt models compared to sharply truncated systems, but consistency alone does not preclude the development of dipole modes or, for sufficiently radial anisotropy, radial-orbit instabilities. We therefore caution the reader that the existence of a positive and well-behaved distribution function does not, by itself, guarantee long-term stability. A definitive assessment of the stability of softly truncated models, both isotropic and anisotropic, requires a dedicated investigation using linear stability analysis and/or controlled 𝑁 -body simulations with initial conditions drawn directly from the distribution functions presented here. Such a study would allow one to quantify growth rates, identify the dominant modes, and explore how stability depends on truncation radius, truncation sharpness, and orbital anisotropy. This lies beyond the scope of the present paper, whose primary aim is to establish phase-space consistency and",4.3 Stability considerations,4.3 Stability considerations,,,,,Self-consistent dynamical models with a finite extent -- V. Smooth radial truncations and phase-space consistency,Maarten Baes,astro-ph.GA,2026-01-13T09:17:21Z,http://arxiv.org/abs/2601.08361v1,2601.08361,distribution_functions,234,180,False,False,560,740,False,3.0
astrobench_3474c47fe1,astrobench_3474c47fe1_chunk_020,20,"Self-consistent dynamical models with a finite extent -- V. Smooth radial truncations and phase-space consistency 4.4 The distribution function as consistency diagnostic An important aspect of the study presented here is the consistency of dynamical models. The only condition for a dynamical model to be consistent is that the distribution function is nonnegative over the entire phase space. In many cases, the calculation of the distribution function is far from trivial. In fact, the isotropic and Osipkov–Merritt orbital structures that we have discussed here are among the few cases where the calculation of the distribution function can be carried out using a relatively simple integration formula. In the general case, the inversion involves Laplace–Mell in integral transforms and is numerically unstable (Dejonghe 1986). In light of this situation, it would be useful to have at one’s disposal means of testing the consistency of dynamical models without the need to actually calculate the distribution function. Unfortunately, such general consistency criteria are not at hand. Necessary and sufficient conditions for phase-space consistency for special classes of spherical models were derived and applied",4.4 The distribution function as consistency diagnostic,4.4 The distribution function as consistency diagnostic,,,,,Self-consistent dynamical models with a finite extent -- V. Smooth radial truncations and phase-space consistency,Maarten Baes,astro-ph.GA,2026-01-13T09:17:21Z,http://arxiv.org/abs/2601.08361v1,2601.08361,distribution_functions,234,180,True,False,0,180,False,3.0
astrobench_3474c47fe1,astrobench_3474c47fe1_chunk_021,21,"the consistency of dynamical models without the need to actually calculate the distribution function. Unfortunately, such general consistency criteria are not at hand. Necessary and sufficient conditions for phase-space consistency for special classes of spherical models were derived and applied by Ciotti & Pellegrini (1992), Ciotti (1996, 1999), Ciotti & Morganti (2010) and An et al. (2012), but these conditions essentially only reduce the potential parameter space of consistent models. To derive the actual limits on phase-space consistency, a numerical evaluation of the distribution function remains unavoidable. The cases studied in this paper confirm and nicely illustrate this situation. In Table 1 and Fig. 5 we have derived consistency limits for a number of softly truncated Hernquist models, but this was only possible by numerically evaluating the distribution function. Looking back at Figs. 2 and 3, we note that consistency or non-consistency of the ergodic dynamical models does not show up in any of the radial profiles shown. For example, both consistent and inconsistent dynamical models have dispersion profiles that look perfectly rea- sonable, and it is impossible to deduce",4.4 The distribution function as consistency diagnostic,4.4 The distribution function as consistency diagnostic,,,,,Self-consistent dynamical models with a finite extent -- V. Smooth radial truncations and phase-space consistency,Maarten Baes,astro-ph.GA,2026-01-13T09:17:21Z,http://arxiv.org/abs/2601.08361v1,2601.08361,distribution_functions,234,180,False,False,140,320,False,3.0
astrobench_3474c47fe1,astrobench_3474c47fe1_chunk_022,22,"or non-consistency of the ergodic dynamical models does not show up in any of the radial profiles shown. For example, both consistent and inconsistent dynamical models have dispersion profiles that look perfectly rea- sonable, and it is impossible to deduce the consistency of the models based on the basic properties and the dispersion profiles alone. This illustrates the need for methods to efficiently and accurately evaluate the distribution function of dynamical models. The SpheCow code is essentially designed to do exactly this for models with an arbitrary density or surface density profile and has proven particularly useful. In summary, while various auxiliary criteria can provide useful guidance, point-wise inspection of the distribution function remains the only reliable test of phase-space consistency for dynamical models.",4.4 The distribution function as consistency diagnostic,4.4 The distribution function as consistency diagnostic,,,,,Self-consistent dynamical models with a finite extent -- V. Smooth radial truncations and phase-space consistency,Maarten Baes,astro-ph.GA,2026-01-13T09:17:21Z,http://arxiv.org/abs/2601.08361v1,2601.08361,distribution_functions,162,124,False,False,280,404,False,3.0
astrobench_3474c47fe1,astrobench_3474c47fe1_chunk_023,23,"functions of the softly truncated models constructed in this paper exhibit precisely the type of non-monotonic behaviour identified in these studies. Although the bump–dip feature arises here from an explicitly smooth radial truncation rather than from a sharp cutoff or incomplete mixing, its qualitative structure is similar. This suggests that, despite being phase-space consistent, some softly truncated isotropic models may be susceptible to dipole instabilities on secular timescales. Such an instability would not invalidate the models as instantaneous equilibria, but it would imply that they represent metastable configurations whose long-term evolution may involve slow reorganisation of the central structure. The situation becomes richer for anisotropic distribution functions. Strong radial anisotropy is known to trigger the radial-orbit instability (Antonov 1973; Hénon 1973; Polyachenko & Shukhman 1981, 2015; Merritt & Aguilar 1985; Barnes et al. 1986), and numerous studies have quantified stability limits for Osipkov–Merritt models in terms of the anisotropy radius or global anisotropy parameters (e.g. Palmer & Papaloizou 1987; Saha 1991; Nipoti et al. 2002; Di Cintio & Casetti 2020). In addition, anisotropic spherical systems generically support weakly damped global",4.3 Stability considerations,4.3 Stability considerations,,,,,Self-consistent dynamical models with a finite extent -- V. Smooth radial truncations and phase-space consistency,Maarten Baes,astro-ph.GA,2026-01-13T09:17:21Z,http://arxiv.org/abs/2601.08361v1,2601.08361,distribution_functions,234,180,False,False,280,460,False,2.0
astrobench_3474c47fe1,astrobench_3474c47fe1_chunk_024,24,"T and 𝜉. A difference is that the truncation affects the quantities shown in the bottom row at every (projected) radius, even at (projected) radii smaller than 𝜉𝑟 T. Indeed, each of these quantities depends on the density at all radii, including those at large radii. For example, the potential is not only affected at large radii, with a Keplerian decline beyond the truncation radius, but the depth of the potential well, Ψ0, is also reduced by the truncation.",3.2 Basic properties,3.2 Basic properties,,,,,Self-consistent dynamical models with a finite extent -- V. Smooth radial truncations and phase-space consistency,Maarten Baes,astro-ph.GA,2026-01-13T09:17:21Z,http://arxiv.org/abs/2601.08361v1,2601.08361,distribution_functions,103,79,False,False,280,359,False,1.0
astrobench_3474c47fe1,astrobench_3474c47fe1_chunk_025,25,"one to quantify growth rates, identify the dominant modes, and explore how stability depends on truncation radius, truncation sharpness, and orbital anisotropy. This lies beyond the scope of the present paper, whose primary aim is to establish phase-space consistency and to provide a general framework for constructing finite-extent equilibrium models.",4.3 Stability considerations,4.3 Stability considerations,,,,,Self-consistent dynamical models with a finite extent -- V. Smooth radial truncations and phase-space consistency,Maarten Baes,astro-ph.GA,2026-01-13T09:17:21Z,http://arxiv.org/abs/2601.08361v1,2601.08361,distribution_functions,65,50,False,False,700,750,False,1.0
astrobench_79edfd6850,astrobench_79edfd6850_chunk_000,0,"Constraining the Galactic bar and spiral pattern speeds with the Hyades tidal stream 3.2.Convergent Point Method We then proceeded to investigate the properties of the spatially matched models in velocity space using the CP method. This approach considers that star cluster members move as a single entity with a common three-dimensional space velocity vector. Its projection on to the celestial sphere yields a convergent point. By adopting the bulk space velocity vector of the cluster, the CP method predicts the expected transverse motion of a member star at any given position on the sky. This predicted motion can be decomposed in to two orthogonal components: one directed toward the convergent point ( V∥, pred) and one perpendicular to it ( V⊥, pred). For a star perfectly sharing the cluster’s common space velocity, the perpendicular component V⊥, pred is by definition zero, while V∥, pred represents the full magnitude of 9 the projected transverse velocity. By calculating these two velocity components, it is possible to identify cluster members. The CP method is particularly effective for nearby clusters whose members span large",3.2.Convergent Point Method,3.2.Convergent Point Method,,,,,Constraining the Galactic bar and spiral pattern speeds with the Hyades tidal stream,"Zi-yi Zhou, Long Wang, Tereza Jerabkova, Zhenghao He",astro-ph.GA,2026-03-31T07:33:52Z,http://arxiv.org/abs/2603.29360v1,2603.29360,galactic_dynamics,234,180,False,False,0,180,True,5.0
astrobench_79edfd6850,astrobench_79edfd6850_chunk_001,1,"zero, while V∥, pred represents the full magnitude of 9 the projected transverse velocity. By calculating these two velocity components, it is possible to identify cluster members. The CP method is particularly effective for nearby clusters whose members span large areas on the sky. For all spatially matched models, we employed the CP method to calculate the difference between the transverse motion of each star with in the simulated stellar stream and the expected transverse motion, presenting the results in CP diagram as shown in Fig. 8. The CP diagrams exhibit notable variations in length and dispersion across different models. For comparative purposes, we have overplotted data from the Röser dataset as gray points in the same figures. We note that although some field contaminants may still be present in the observational sample, we did not further clean it using Gaia line-of-sight velocities. This is because the limited availability and relatively high uncertainties of RVS data for fainter stars would significantly compromise the completeness of the sample. It can be observed that all models demonstrate similarity to the Röser dataset",3.2.Convergent Point Method,3.2.Convergent Point Method,,,,,Constraining the Galactic bar and spiral pattern speeds with the Hyades tidal stream,"Zi-yi Zhou, Long Wang, Tereza Jerabkova, Zhenghao He",astro-ph.GA,2026-03-31T07:33:52Z,http://arxiv.org/abs/2603.29360v1,2603.29360,galactic_dynamics,234,180,False,False,140,320,True,5.0
astrobench_79edfd6850,astrobench_79edfd6850_chunk_002,2,"Gaia line-of-sight velocities. This is because the limited availability and relatively high uncertainties of RVS data for fainter stars would significantly compromise the completeness of the sample. It can be observed that all models demonstrate similarity to the Röser dataset in the central regions, providing further confirmation that while the extended tidal tails show significant variations among different models, the spatial and kinematic properties in the core regions of the stellar streams rema in comparable.",3.2.Convergent Point Method,3.2.Convergent Point Method,,,,,Constraining the Galactic bar and spiral pattern speeds with the Hyades tidal stream,"Zi-yi Zhou, Long Wang, Tereza Jerabkova, Zhenghao He",astro-ph.GA,2026-03-31T07:33:52Z,http://arxiv.org/abs/2603.29360v1,2603.29360,galactic_dynamics,98,75,False,False,280,355,True,4.0
astrobench_79edfd6850,astrobench_79edfd6850_chunk_003,3,"Constraining the Galactic bar and spiral pattern speeds with the Hyades tidal stream Constraining the Galactic bar and spiral pattern speeds with the Hyades tidal stream Zi-yi Zhou,1 Long Wang,[1, 2] Tereza Jerabkova,3 and Zhenghao He1 1 School of Physics and Astronomy, Sun Yat-sen University, Daxue Road, 519082 Zhuhai, China 2 CSST Science Center for the Guangdong-Hong Kong-Macau Greater Bay Area, 519082 Zhuhai, China 3 Department of Theoretical Physics and Astrophysics, Faculty of Science, Masaryk University, Kotlářská 2, Brno 611 37, Czech Republic",Constraining the Galactic bar and spiral pattern speeds with the Hyades tidal stream,Constraining the Galactic bar and spiral pattern speeds with the Hyades tidal stream,,,,,Constraining the Galactic bar and spiral pattern speeds with the Hyades tidal stream,"Zi-yi Zhou, Long Wang, Tereza Jerabkova, Zhenghao He",astro-ph.GA,2026-03-31T07:33:52Z,http://arxiv.org/abs/2603.29360v1,2603.29360,galactic_dynamics,108,83,True,False,0,83,False,3.0
astrobench_79edfd6850,astrobench_79edfd6850_chunk_004,4,"converges back toward the configuration observed at low Ω b, maintaining values near zero with little variation. Notably, the reduction in stream length near the OLR is significantly more pronounced than the modest decrease observed at the corotation radius. In all simulations, the final positions of the stream’s centroid and the direction of its centroid velocity align well with the observed properties of the Hyades stream. Consequently, the variations in both the misalignment angle and the length of the stream reflect how the bar’s rotating potential reshapes the spatial orientation and extent of the tidal tails. Our findings are consistent with the simulation results of G. F. Thomas et al. (2023). Subsequently, we included the spiral arms component in the potential, fixing Ω s at 22. 5 km s [−]1 kpc [−]1, and aga in varied Ω b. We found that the resulting configurations were remarkably similar to those obtained in the bar-only simulations (Fig. 2), indicating that the influence of the spiral arms on the Hyades is secondary to that of the bar. This result is expected, as at",2.3.1.Stream Morphology,2.3.1.Stream Morphology,,,,,Constraining the Galactic bar and spiral pattern speeds with the Hyades tidal stream,"Zi-yi Zhou, Long Wang, Tereza Jerabkova, Zhenghao He",astro-ph.GA,2026-03-31T07:33:52Z,http://arxiv.org/abs/2603.29360v1,2603.29360,galactic_dynamics,234,180,False,False,420,600,False,3.0
astrobench_79edfd6850,astrobench_79edfd6850_chunk_005,5,"that the resulting configurations were remarkably similar to those obtained in the bar-only simulations (Fig. 2), indicating that the influence of the spiral arms on the Hyades is secondary to that of the bar. This result is expected, as at the Galactocentric distance of the Hyades, the magnitude of the gravitational potential contributed by the spiral arms is only approximately 1% of that contributed by the bar (G. H. Hunter et al. 2024). However, we note that for bar pattern speeds of 20 and 25 km s [−]1 kpc [−]1, the inclusion of spiral arms leads to a more discernible change in the stream orientation compared to the bar-only case. This phenomenon likely arises from a resonant interaction between the bar and the spiral arms, as their respective pattern speeds in these specific models are close to each other, enhancing the total non-axisymmetric perturbation experienced by the cluster. Nevertheless, as we show in Section 3, varying Ω s can still modulate the fine-grained density structure along the stream even when the global orientation is largely bar-driven. Furthermore, we compared these",2.3.1.Stream Morphology,2.3.1.Stream Morphology,,,,,Constraining the Galactic bar and spiral pattern speeds with the Hyades tidal stream,"Zi-yi Zhou, Long Wang, Tereza Jerabkova, Zhenghao He",astro-ph.GA,2026-03-31T07:33:52Z,http://arxiv.org/abs/2603.29360v1,2603.29360,galactic_dynamics,234,180,False,False,560,740,False,3.0
astrobench_79edfd6850,astrobench_79edfd6850_chunk_006,6,"(red solid lines) and the local orbital curvature (blue solid lines) for the spatially matched models. The x -axis represents the time since the cluster formation in Myr. The left y -axis indicates the misalignment angle in degrees, and the right y -axis shows the orbital curvature in units of kpc [−]1. Panel (a) shows the impact of Ω b (with and without spiral arms), and Panel (b) focuses on the impact of Ω s at a constant Ω b. To investigate this phenomenon more thoroughly, for each spatially matched model (see Section 3 for definition), we computed the time evolution of the misalignment angle after the formation of the stellar stream, as shown in Fig. 4. Clearly, different Ω b and Ω s have a substantial impact on the evolution of the misalignment angle. Moreover, certa in modulation patterns can be distinctly observed in this evolution, and the modulation period closely matches the orbital period of Hyades around the Galactic center. Accordingly, the evolution of curvature over time is also plotted with blue curves in Fig. 4. Here, the",2.3.2.Misalignment angle,2.3.2.Misalignment angle,,,,,Constraining the Galactic bar and spiral pattern speeds with the Hyades tidal stream,"Zi-yi Zhou, Long Wang, Tereza Jerabkova, Zhenghao He",astro-ph.GA,2026-03-31T07:33:52Z,http://arxiv.org/abs/2603.29360v1,2603.29360,galactic_dynamics,234,180,False,False,420,600,False,3.0
astrobench_79edfd6850,astrobench_79edfd6850_chunk_007,7,"Constraining the Galactic bar and spiral pattern speeds with the Hyades tidal stream 2.3.3.Proper motions In addition to the spatial distribution, the kinematic properties of the various models merit examination. We calculated the proper motion distributions across all simulations. We found that while different models exhibit morphological variations in space, the kinematics of the stream core rema in broadly similar. Discrepancies primarily emerge in the wings of the proper motion distributions, which correspond to the stars located in the distal tidal tails. To clearly illustrate these kinematic behaviors, Figure 5 presents the 2D proper motion diagrams for a representative subset of our models, arranged in pairwise comparisons. The first and fourth rows demonstrate the impact of spiral arms. These panels represent the dynamical behavior seen in the majority of our models (not plotted here), where the presence or varying Ω s introduce only minor perturbations to the overall proper motion distribution. This implies that, under most standard configurations (Ω b < ΩOLR), the proper motion of the stream is not highly sensitive to the bar and spiral arms. In contrast,",2.3.3.Proper motions,2.3.3.Proper motions,,,,,Constraining the Galactic bar and spiral pattern speeds with the Hyades tidal stream,"Zi-yi Zhou, Long Wang, Tereza Jerabkova, Zhenghao He",astro-ph.GA,2026-03-31T07:33:52Z,http://arxiv.org/abs/2603.29360v1,2603.29360,galactic_dynamics,234,180,False,False,0,180,False,3.0
astrobench_79edfd6850,astrobench_79edfd6850_chunk_008,8,"tidal tails of the Hyades stream remains challenging because of strong field-star contamination and the low surface density of the stream (S. Röser et al. 2011). S. Röser et al. (2019) identified a relatively clean set of candidates near the cluster using the convergent point (CP) method applied to Gaia DR2 (hereafter the Röser dataset), which does 8 not assume a specific N -body model or Galactic potential model (F. van Leeuwen 2009). Although the Röser dataset is concentrated near the cluster, one tail segment is visible in the Galactocentric XY plane, allowing us to infer the local stream direction and reject simulation models whose projected orientation is inconsistent with the data. We employed Principal Component Analysis (PCA) to determine the principal orientation of the Hyades stream in both the Röser dataset and each simulated model, characterizing the stream direction with a median line (I. T. Jolliffe & J. Cadima 2016). To mitigate the impact of spatial scatter in the XY plane and ensure a robust directional fit, we restricted the PCA calculation to stars with in the X -coordinate",3.1.Spatial Distribution,3.1.Spatial Distribution,,,,,Constraining the Galactic bar and spiral pattern speeds with the Hyades tidal stream,"Zi-yi Zhou, Long Wang, Tereza Jerabkova, Zhenghao He",astro-ph.GA,2026-03-31T07:33:52Z,http://arxiv.org/abs/2603.29360v1,2603.29360,galactic_dynamics,234,180,False,False,280,460,False,3.0
astrobench_79edfd6850,astrobench_79edfd6850_chunk_009,9,"the stream’s centroid was then adopted as the x -axis, corresponding to the direction indicated by the blue arrow in the accompanying figure. With the centroid position held fixed, the positions and velocities of all stream stars were rotated in to this new coordinate frame. In the low-speed regime, where Ω b is below ΩCR, the angle between the stellar stream and its centroid velocity vector measured in the inertial Galactocentric frame (hereafter referred to as the misalignment angle) remains essentially zero and exhibits minimal sensitivity to increases in Ω b. However, as Ω b approaches the value at the corotation radius, the stream length undergoes a modest reduction due to corotation effects. As Ω b continues to increase beyond the corotation radius, the misalignment angle gradually becomes more significant. In contrast, once Ω b exceeds ΩOLR, the misalignment angle converges back toward the configuration observed at low Ω b, maintaining values near zero with little variation. Notably, the reduction in stream length near the OLR is significantly more pronounced than the modest decrease observed at the corotation radius. In",2.3.1.Stream Morphology,2.3.1.Stream Morphology,,,,,Constraining the Galactic bar and spiral pattern speeds with the Hyades tidal stream,"Zi-yi Zhou, Long Wang, Tereza Jerabkova, Zhenghao He",astro-ph.GA,2026-03-31T07:33:52Z,http://arxiv.org/abs/2603.29360v1,2603.29360,galactic_dynamics,234,180,False,False,280,460,False,2.0
astrobench_79edfd6850,astrobench_79edfd6850_chunk_010,10,"1 kpc 1<br>0.2<br>0.1<br>0.0<br>0.1<br>0.2<br>0.3<br>0.3 42.5 km s 1 kpc 1 45 km s 1 kpc 1 50 km s 1 kpc 1 55 km s 1 kpc 1<br>0.2<br>0.1<br>0.0<br>0.1<br>0.2<br>0.3<br>9.0 8.8 8.6 8.4 8.2 8.0 7.8 7.6 9.0 8.8 8.6 8.4 8.2 8.0 7.8 7.6 9.0 8.8 8.6 8.4 8.2 8.0 7.8 7.6 9.0 8.8 8.6 8.4 8.2 8.0 7.8 7.6<br>x [kpc] x [kpc] x [kpc] x [kpc]<br>y [kpc]<br>y [kpc]<br>y [kpc]<br>----- End of picture text -----<br> Figure 3. Similar to Figure 2, but varying the spiral pattern speed Ω s from 10 to 55 km s [−]1 kpc [−]1 with Ω b fixed at 37. 5 km s [−]1 kpc [−]1. gence of internal substructures show discernible variations across the different models.",2.3.1.Stream Morphology,2.3.1.Stream Morphology,,,,,Constraining the Galactic bar and spiral pattern speeds with the Hyades tidal stream,"Zi-yi Zhou, Long Wang, Tereza Jerabkova, Zhenghao He",astro-ph.GA,2026-03-31T07:33:52Z,http://arxiv.org/abs/2603.29360v1,2603.29360,galactic_dynamics,155,119,False,False,1120,1239,False,2.0
astrobench_79edfd6850,astrobench_79edfd6850_chunk_011,11,"despite these dramatic kinematic variations in the tidal tails, the dense core of the cluster consistently occupies a common locus in the proper motion space across all models. This sensitivity pattern confirms that the adopted Galactic potential primarily governs the velocity-space evolution of the outer stream regions, while the core kinematics rema in highly robust.",2.3.3.Proper motions,2.3.3.Proper motions,,,,,Constraining the Galactic bar and spiral pattern speeds with the Hyades tidal stream,"Zi-yi Zhou, Long Wang, Tereza Jerabkova, Zhenghao He",astro-ph.GA,2026-03-31T07:33:52Z,http://arxiv.org/abs/2603.29360v1,2603.29360,galactic_dynamics,72,55,False,False,280,335,False,2.0
astrobench_e6b347fbf5,astrobench_e6b347fbf5_chunk_000,0,"Set the Night on FIRE: Building an Empirical Local Dark Matter Velocity Distribution 3.1.4.Matching stellar velocity distribution with DM In previous sections, we quantified the correspondence between the local DM and stellar velocity distributions associated with mergers, both component-wise and for the full 3-dimensional distribution. Here, we present a method for approximating the velocity distribution of accreted DM in major mergers using the kinematics of its associated stellar counterpart. We convolve the stellar velocity distribution with a Gaussian function to better match with the DM counterpart accreted from each merger and establish a scaling relation of the best fit parameters across the simulations as a function of redshift so that it can be generalized to observation. Although accreted stars and DM are expected to follow similar phase-space distributions due to their shared orig in, in practice we observed that the stellar velocity distributions are typically more concentrated than their DM counterparts. Fig. 7 shows the ratio of the stellar velocity dispersion to that of the DM accreted from the same progenitor. For more recent mergers, the DM distribution is systematically",3.1.4.Matching stellar velocity distribution with DM,3.1.4.Matching stellar velocity distribution with DM,,,,,Set the Night on FIRE: Building an Empirical Local Dark Matter Velocity Distribution,"Xiuyuan Zhang, Andreas Thoyas, Lina Necib, Andrew Wetzel, Arpit Arora",astro-ph.GA,2026-03-26T18:00:00Z,http://arxiv.org/abs/2603.25783v1,2603.25783,galactic_dynamics,234,180,False,False,0,180,False,3.0
astrobench_e6b347fbf5,astrobench_e6b347fbf5_chunk_001,1,"Set the Night on FIRE: Building an Empirical Local Dark Matter Velocity Distribution 3.2.Untraceable mergers The untraceable mergers are defined in two categories: first, the young untraceable, as mergers more massive than 109 M⊙ in halo mass but with little contribution to the local stellar mass, and second, the old untraceable, as those accreted earlier than redshift 3 which is more ancient and phase-mixed. Their velocity distributions are shown in Fig. 10. The old untractable mergers can be well approximated by a Gaussian distribution in all of their components except for m12w which has a non-trivial co-rotation. The young untraceable mergers, by contrast, deviate more strongly from a Gaussian form, consistent with their incomplete dynamical relaxation. Nevertheless, these distributions appear noisy and irregular due to limited particle statistics, making them difficult to model precisely. As shown in Table. S2, they only make up sub 10% of the total mass. So we will assume them to behave the same as the diffuse component which will be discussed in the next section, and treat any other discrepancy as a systematic uncertainty.",3.2.Untraceable mergers,3.2.Untraceable mergers,,,,,Set the Night on FIRE: Building an Empirical Local Dark Matter Velocity Distribution,"Xiuyuan Zhang, Andreas Thoyas, Lina Necib, Andrew Wetzel, Arpit Arora",astro-ph.GA,2026-03-26T18:00:00Z,http://arxiv.org/abs/2603.25783v1,2603.25783,galactic_dynamics,233,179,False,False,0,179,False,3.0
astrobench_e6b347fbf5,astrobench_e6b347fbf5_chunk_002,2,"of the host halo and can range from approximately 40% to as high as 80% (see Tab.S2). As shown in Fig. 11, the diffuse component typically exhibits a smoothly growing profile over time, with modest jumps that coincide with the accretion times of major mergers. These features do not solely imply significant misclassification of merger-associated DM particles as diffuse as we tested in Appendix. B.1, but rather reflect the rapid growth of the host’s virial radius during major accretion events, which causes more particles to fall with in the host halo boundary and be tagged as diffuse. The diffuse component of the DM halo is fundamentally untraceable by stellar proxies, as it lacks any associated luminous counterpart. As the dominant and most smoothly accreted component of the halo, it most closely satisfies the assumptions underlying the Standard Halo Model — approximate spherical symmetry and isotropy — which predict a Gaussian velocity distribution. However, continuous perturbations from infalling substructures and the formation of the galactic disk break these symmetries and prevent full thermalization, so there is no guarantee that a Gaussian",4.THE DIFFUSE COMPONENT,4.THE DIFFUSE COMPONENT,,,,,Set the Night on FIRE: Building an Empirical Local Dark Matter Velocity Distribution,"Xiuyuan Zhang, Andreas Thoyas, Lina Necib, Andrew Wetzel, Arpit Arora",astro-ph.GA,2026-03-26T18:00:00Z,http://arxiv.org/abs/2603.25783v1,2603.25783,galactic_dynamics,234,180,False,False,140,320,False,3.0
astrobench_e6b347fbf5,astrobench_e6b347fbf5_chunk_003,3,"features, including the lighter tails and broader central structure. One notable exception, however, is the azimuthal component, where the full reconstruction performs significantly better than the generalized model. This is expected, as the SHM assumes velocity isotropy, which is broken in realistic halos due to anisotropic infall and merger-induced angular momentum. In particular, major mergers can drive coherent co-rotation in the stellar and DM components (J. I. Read et al. 2009; C. W. Purcell et al. 2009; A. Pillepich et al. 2014), leading to deviations from the SHM prediction. These effects are more accurately captured by incorporating the stellar kinematics of individual mergers in to the reconstruction. More precisely, we compute the normalized EMDs between the true DM speed distributions and three models: the SHM, the gSHM, and our full reconstructed model. These comparisons are shown in Fig. S6, allowing a direct assessment of how well gSHM and the reconstruction perform relative to the SHM baseline. The results show that both gSHM and the reconstruction consistently outperform the SHM across all halos and velocity components. However, there is no clear",Diffuse Component,Diffuse Component,,,,,Set the Night on FIRE: Building an Empirical Local Dark Matter Velocity Distribution,"Xiuyuan Zhang, Andreas Thoyas, Lina Necib, Andrew Wetzel, Arpit Arora",astro-ph.GA,2026-03-26T18:00:00Z,http://arxiv.org/abs/2603.25783v1,2603.25783,galactic_dynamics,234,180,False,False,840,1020,False,3.0
astrobench_e6b347fbf5,astrobench_e6b347fbf5_chunk_004,4,"Set the Night on FIRE: Building an Empirical Local Dark Matter Velocity Distribution Set the Night on FIRE: Building an Empirical Local Dark Matter Velocity Distribution Xiuyuan Zhang,1 Andreas Thoyas,2 Lina Necib,1 Andrew Wetzel,3 and Arpit Arora 4 1 Department of Physics and Kavli Institute for Astrophysics and Space Research, MIT, Cambridge, MA 02139, USA 2 Department of Physics, Northeastern University, Boston, MA 02115, USA 31 Department of Physics & Astronomy, University of California, Davis, CA 95616, USA 4 Department of Astronomy and DiRAC Institute, University of Washington, 3910 15th Ave NE, Seattle, WA, 98195, USA",Set the Night on FIRE: Building an Empirical Local Dark Matter Velocity Distribution,Set the Night on FIRE: Building an Empirical Local Dark Matter Velocity Distribution,,,,,Set the Night on FIRE: Building an Empirical Local Dark Matter Velocity Distribution,"Xiuyuan Zhang, Andreas Thoyas, Lina Necib, Andrew Wetzel, Arpit Arora",astro-ph.GA,2026-03-26T18:00:00Z,http://arxiv.org/abs/2603.25783v1,2603.25783,galactic_dynamics,125,96,False,False,0,96,False,2.0
astrobench_e6b347fbf5,astrobench_e6b347fbf5_chunk_005,5,"for earlier, lower-mass mergers than for more recent, massive ones. We note, however, that due to the hierarchical growth of cold DM halos, earlier mergers also tend to be less massive, as reflected in the colors of Fig. 5. This behavior is physically well motivated. As satellites are accreted, they undergo violent relaxation and phase mixing predominantly along the radial direction, where the host potential varies most rapidly (D. LyndenBell 1967; S. Tremaine et al. 1986; S. Tremaine 1999). The transverse velocity, by contrast, is tied to the orbital angular momentum, which is approximately conserved and therefore relaxes on a longer timescale. Differences in the total speed distributions are consequently driven primarily by discrepancies in the transverse components. Moreover, because stars are concentrated at the center of their progenitor’s potential well and do not extend as far as the DM, the outer DM is stripped first while the inner stellar component is disrupted later. The stellar velocity distribution therefore lags behind the DM in terms of phase mixing: the radial components of both populations equilibrate relatively quickly, while the stellar",3.1.2.Accretion History,3.1.2.Accretion History,,,,,Set the Night on FIRE: Building an Empirical Local Dark Matter Velocity Distribution,"Xiuyuan Zhang, Andreas Thoyas, Lina Necib, Andrew Wetzel, Arpit Arora",astro-ph.GA,2026-03-26T18:00:00Z,http://arxiv.org/abs/2603.25783v1,2603.25783,galactic_dynamics,234,180,False,False,420,600,False,2.0
astrobench_e6b347fbf5,astrobench_e6b347fbf5_chunk_006,6,"the outer DM is stripped first while the inner stellar component is disrupted later. The stellar velocity distribution therefore lags behind the DM in terms of phase mixing: the radial components of both populations equilibrate relatively quickly, while the stellar transverse component relaxes more slowly. Given sufficient time after infall, the accreted material becomes fully virialized and the stellar–DM correlation strengthens. Consistent with this picture, we find smaller EMD values for lower-mass mergers compared to higher-mass ones accreted at the same time, because lower-mass mergers are more easily disrupted, whereas more massive subhalos reta in extended DM envelopes that are stripped well before their inner stellar cores.",3.1.2.Accretion History,3.1.2.Accretion History,,,,,Set the Night on FIRE: Building an Empirical Local Dark Matter Velocity Distribution,"Xiuyuan Zhang, Andreas Thoyas, Lina Necib, Andrew Wetzel, Arpit Arora",astro-ph.GA,2026-03-26T18:00:00Z,http://arxiv.org/abs/2603.25783v1,2603.25783,galactic_dynamics,140,107,False,False,560,667,False,2.0
astrobench_e6b347fbf5,astrobench_e6b347fbf5_chunk_007,7,"post-convolution EMD values fall below the 0.2 threshold, with only a couple of exceptions, indicating that the convolved stellar distributions provide a better approximation to the corresponding DM velocity distributions in most cases. We plot the best fit values of µ for each merger as a function of redshift in Fig. 9. To enable meaningful comparisons across mergers, we normalize µ by the stellar MAD as in previous sections. The majority of the normalized µ values cluster around zero, with no significant dependence on redshift or progenitor mass. This suggests that a systematic shift between the stellar and DM velocity distributions is generally unnecessary. The best fit dispersion of the boosted Gaussian σ, also normalized by stellar MAD, is shown in the bottom row of Fig. 9. For the radial component, the normalized best fit σ is small (≲ 0. 3) in general which is expected since the difference in the velocity dispersion is small as shown in Fig. 7. In contrast, σ of the angular compo- 13 Aga in, one can think of these EMD values as fractions of",3.1.4.Matching stellar velocity distribution with DM,3.1.4.Matching stellar velocity distribution with DM,,,,,Set the Night on FIRE: Building an Empirical Local Dark Matter Velocity Distribution,"Xiuyuan Zhang, Andreas Thoyas, Lina Necib, Andrew Wetzel, Arpit Arora",astro-ph.GA,2026-03-26T18:00:00Z,http://arxiv.org/abs/2603.25783v1,2603.25783,galactic_dynamics,234,180,False,False,980,1160,False,2.0
astrobench_e6b347fbf5,astrobench_e6b347fbf5_chunk_008,8,"the stellar velocity distribution to approximate the DM counterpart. The two methods differ in a few respects. First, D. Folsom et al. (2025) apply an affine transformation to the stellar distribution (their equations 5 and 6), introducing a Gaussian kernel at a later stage as a smoothing step, whereas our framework convolves the stellar distribution directly with a Gaussian kernel. Second, their treatment applies a single velocity-dispersion boost averaged across all components, while ours models each component separately and characterizes the stellar–DM mismatch as a function of merger redshift. Third, their boost factors are reported in physical units of km/s, 14 while ours are normalized by the stellar MAD, making them dimensionless and therefore more readily comparable across mergers of different mass scales.",3.1.4.Matching stellar velocity distribution with DM,3.1.4.Matching stellar velocity distribution with DM,,,,,Set the Night on FIRE: Building an Empirical Local Dark Matter Velocity Distribution,"Xiuyuan Zhang, Andreas Thoyas, Lina Necib, Andrew Wetzel, Arpit Arora",astro-ph.GA,2026-03-26T18:00:00Z,http://arxiv.org/abs/2603.25783v1,2603.25783,galactic_dynamics,160,123,False,False,1260,1383,False,2.0
astrobench_e6b347fbf5,astrobench_e6b347fbf5_chunk_009,9,"Set the Night on FIRE: Building an Empirical Local Dark Matter Velocity Distribution 4.THE DIFFUSE COMPONENT The other major contributor to the local DM population is the diffuse component. This component includes both DM smoothly accreted on to the host halo and unresolved contributions from low-mass subhaloes below the resolution limit of the simulation (i.e. might not have enough star particles to get correctly traced). For the Latte suite, we define the resolution threshold for resolved subhalos as 109 M⊙ in total mass. This threshold is scaled proportionally with the DM particle mass in the lower- and higher-resolution versions of each simulation, as we discuss in our resolutions tests (Sec. 6.2). The diffuse component constitutes a substantial fraction of the local DM population—often exceeding the contribution from resolved mergers. The exact fraction varies significantly depending on the specific accretion history of the host halo and can range from approximately 40% to as high as 80% (see Tab.S2). As shown in Fig. 11, the diffuse component typically exhibits a smoothly growing profile over time, with modest jumps that coincide with the",4.THE DIFFUSE COMPONENT,4.THE DIFFUSE COMPONENT,,,,,Set the Night on FIRE: Building an Empirical Local Dark Matter Velocity Distribution,"Xiuyuan Zhang, Andreas Thoyas, Lina Necib, Andrew Wetzel, Arpit Arora",astro-ph.GA,2026-03-26T18:00:00Z,http://arxiv.org/abs/2603.25783v1,2603.25783,galactic_dynamics,234,180,False,False,0,180,False,2.0
astrobench_e6b347fbf5,astrobench_e6b347fbf5_chunk_010,10,"mergers, separated in to old and young populations. Old untraceable mergers exhibit velocity components that are approximately Gaussian, with the exception of m12w, which shows noticeable co-rotation. In contrast, younger untraceable mergers deviate significantly from Gaussian due to incomplete dynamical relaxation. These distributions are noisy and irregular due to limited particle statistics, making precise modeling challenging. As they contribute less than 10% of the total local DM mass (see Table S2), we approximate them as part of the diffuse component and treat any discrepancies as systematic uncertainties. ciated time-dependent fluctuations in the host gravitational potential drive violent relaxation and redistribute the energies and orbital structure of the pre-existing dark matter M. Sparre & S. H. Hansen (2012); G. Ogiya et al. (2016); N. W. Evans et al. (2019). Such episodes preferentially affect the radial degree of freedom, broadening and reshaping the vr distribution relative to the equilibrium Gaussian expectation and thereby enhancing the non-Gaussian features observed in the diffuse component. We also find that the best-fit scale parameters α — for both the Gaussian and generalized Gaussian models — are",Old Untraceable Mergers,Old Untraceable Mergers,,,,,Set the Night on FIRE: Building an Empirical Local Dark Matter Velocity Distribution,"Xiuyuan Zhang, Andreas Thoyas, Lina Necib, Andrew Wetzel, Arpit Arora",astro-ph.GA,2026-03-26T18:00:00Z,http://arxiv.org/abs/2603.25783v1,2603.25783,galactic_dynamics,234,180,False,False,140,320,False,2.0
astrobench_e6b347fbf5,astrobench_e6b347fbf5_chunk_011,11,"a direct assessment of how well gSHM and the reconstruction perform relative to the SHM baseline. The results show that both gSHM and the reconstruction consistently outperform the SHM across all halos and velocity components. However, there is no clear preference between gSHM and the reconstruction themselves. This outcome reflects a trade-off; while the reconstruction offers improved modeling of merger-induced DM kinematics by incorporating boosted stellar velocity distributions, it is also more sensitive to uncertainties in the inferred mass fractions. These introduce a source of systematic error, which cannot be resolved without a more accurate understanding of how DM is deposited during tidal disruption.",Diffuse Component,Diffuse Component,,,,,Set the Night on FIRE: Building an Empirical Local Dark Matter Velocity Distribution,"Xiuyuan Zhang, Andreas Thoyas, Lina Necib, Andrew Wetzel, Arpit Arora",astro-ph.GA,2026-03-26T18:00:00Z,http://arxiv.org/abs/2603.25783v1,2603.25783,galactic_dynamics,136,104,False,False,980,1084,False,2.0
astrobench_e6b347fbf5,astrobench_e6b347fbf5_chunk_012,12,"Set the Night on FIRE: Building an Empirical Local Dark Matter Velocity Distribution B.2.Subhalo-subhalo mergers In several cases, mergers identified by the algorithm were required to be combined. This arises because the mergermatching procedure is based primarily on star particle membership. In some situations, a subhalo contained star particles but no associated dark matter particles, leading to the artificial separation of what was physically a single merger event. One example of this behavior occurs for Mergers 2 and 3 in m12f. Merger 2 contained both stellar and DM components, whereas Merger 3 contained a substantial number of star particles but no DM particles. Further inspection revealed that the particles associated with both mergers followed the same orbital trajectory, indicating that they originated from the same accreting system. Consequently, the particles from Mergers 2 and 3 were combined in to a single merger, labeled Merger 2. All subsequent merger indices were then shifted accordingly (e.g., Merger 4 → Merger 3). Figure S4 displays the trajectories of the two subhalos up to redshift 3, showing how they are from the same system.",B.2.Subhalo-subhalo mergers,B.2.Subhalo-subhalo mergers,,,,,Set the Night on FIRE: Building an Empirical Local Dark Matter Velocity Distribution,"Xiuyuan Zhang, Andreas Thoyas, Lina Necib, Andrew Wetzel, Arpit Arora",astro-ph.GA,2026-03-26T18:00:00Z,http://arxiv.org/abs/2603.25783v1,2603.25783,galactic_dynamics,234,180,False,False,0,180,False,2.0
astrobench_e6b347fbf5,astrobench_e6b347fbf5_chunk_013,13,"Set the Night on FIRE: Building an Empirical Local Dark Matter Velocity Distribution • m12i-lowres : Mergers 3 and 5 In other cases, a merger identified via stellar particles had no DM particles assigned to it through our post-processing phase of assigning DM particles (for more details, see L. Necib et al. (2019)). Upon further inspection, we found that the DM from the same physical progenitor had been assigned to a separate dark subhalo (one lacking stars). By matching the orbital trajectories of these dark subhalos to the stellar mergers, we were able to reunite the two components. The following mergers were connected to dark subhalos in this way: - m12b: Merger 4 - m12c: Mergers 4 and 5 - m12i-lowres: Merger 4 - m12i-hires: Merger 4",• m12i-lowres : Mergers 3 and 5,• m12i-lowres : Mergers 3 and 5,,,,,Set the Night on FIRE: Building an Empirical Local Dark Matter Velocity Distribution,"Xiuyuan Zhang, Andreas Thoyas, Lina Necib, Andrew Wetzel, Arpit Arora",astro-ph.GA,2026-03-26T18:00:00Z,http://arxiv.org/abs/2603.25783v1,2603.25783,galactic_dynamics,166,127,False,False,0,127,False,2.0
astrobench_e6b347fbf5,astrobench_e6b347fbf5_chunk_014,14,"mergers in Sec. 3.1. In Sec. 3.1.1, we introduce the statistical metric used in this work, and in Secs. 3.1.2 and 3.1.3 we apply it to traceable mergers to quantify stellar–DM correlations. We then extend this analysis in Sec. 3.1.4, where we develop an improved mapping from stellar kinematics to the corresponding DM distributions for each progenitor. Finally, in Sec. 3.2, we discuss the treatment of untraceable mergers and justify the assumptions adopted for their contributions.",3.DARK MATTER ACCRETED FROM MERGERS,3.DARK MATTER ACCRETED FROM MERGERS,,,,,Set the Night on FIRE: Building an Empirical Local Dark Matter Velocity Distribution,"Xiuyuan Zhang, Andreas Thoyas, Lina Necib, Andrew Wetzel, Arpit Arora",astro-ph.GA,2026-03-26T18:00:00Z,http://arxiv.org/abs/2603.25783v1,2603.25783,galactic_dynamics,99,76,False,False,280,356,False,1.0
astrobench_e6b347fbf5,astrobench_e6b347fbf5_chunk_015,15,"diffuse velocity distribution is intrinsically non-Gaussian. In particular, we find that the best-fit location parameter is consistent with zero, while the remaining shape parameters are presented in Table. 3. It is evident that the velocity distributions of the diffuse component consistently deviate from a standard Gaussian, with the radial component showing the largest departure. This is due to the interplay between mergers and the host halo. As mergers are accreted, the asso- 15",4.THE DIFFUSE COMPONENT,4.THE DIFFUSE COMPONENT,,,,,Set the Night on FIRE: Building an Empirical Local Dark Matter Velocity Distribution,"Xiuyuan Zhang, Andreas Thoyas, Lina Necib, Andrew Wetzel, Arpit Arora",astro-ph.GA,2026-03-26T18:00:00Z,http://arxiv.org/abs/2603.25783v1,2603.25783,galactic_dynamics,95,73,False,False,560,633,False,1.0
astrobench_1e3dee4300,astrobench_1e3dee4300_chunk_000,0,"Bar Properties and Star-by-Star Bar Membership via Action Conservation 1.1 Background The ubiquitous bar-like structure present in the centre of many disk galaxies, while a key morphological feature for galaxy classification, is similarly significant for driving galaxy evolution. Bars have been demonstrated to affect host-galaxy processes on all scales: from star formation on molecular-cloud scales (10 − 100 pc; e.g. Kuno et al. 2000; Dobbs et al. 2006, 2014; Nilipour et al. 2024; Maeda et al. 2025) to galaxy-wide dynamics (∼ 1000 pc; e.g. Regan et al. 1999; O’Neill & Dubinski 2003; Emsellem et al. 2006; Iles et al. 2024; Géron et al. 2024; Rutherford et al. 2025); including disk–halo and disk–bulge co-evolution (e.g. Athanassoula 2002; Valenzuela & Klyp in 2003; Kormendy & Kennicutt 2004; Jogee et al. 2005; Athanassoula et al. 2013; Kruk et al. 2018), angular momentum distribution (e.g. Weinberg 1985; Athanassoula 2005; Romeo et al. 2023), Active Galactic Nuclei (AGN) (e.g. Shlosman et al. 1989; Alonso et al. 2014; Garl and et al. 2023), Inter-Stellar Medium (ISM) structure (Friedli & Benz 1993; Lindblad & Lindblad 1994; Pettitt",1.1 Background,1.1 Background,,,,,Bar Properties and Star-by-Star Bar Membership via Action Conservation,"Elizabeth J. Iles, Finn A. Pal, Joss Bland-Hawthorn, Ken Freeman",astro-ph.GA,2026-03-26T02:45:29Z,http://arxiv.org/abs/2603.24952v1,2603.24952,galactic_dynamics,234,180,False,False,0,180,True,5.0
astrobench_1e3dee4300,astrobench_1e3dee4300_chunk_001,1,"(e.g. Weinberg 1985; Athanassoula 2005; Romeo et al. 2023), Active Galactic Nuclei (AGN) (e.g. Shlosman et al. 1989; Alonso et al. 2014; Garl and et al. 2023), Inter-Stellar Medium (ISM) structure (Friedli & Benz 1993; Lindblad & Lindblad 1994; Pettitt et al. 2020; Katsioli et al. 2026), gas depletion and quenching (Masters et al. 2012; Spinoso et al. 2017; Fraser-McKelvie et al. 2020; Géron et al. 2021), for example. Accounting for up to ∼ 75% of nearby disk galaxies (e.g. Schinnerer et al. 2002; Aguerri et al. 2009; Nair & Abraham 2010; Saha & Elmegreen 2018), an increasing num- ber of galaxies at high redshift (e.g. Guo et al. 2023; Costant in et al. 2023; Liang et al. 2024; Le Conte et al. 2024, 2025), and even the Milky Way (e.g. Blitz & Spergel 1991; Nakada et al. 1991; Paczynski et al. 1994; Zhao et al. 1994; Bl and-Hawthorn & Gerhard 2016), these features are well-studied and yet, despite their ubiquity and impact, we still lack a distinct, universally-applicable method used to define the spatial extent of the “bar” in",1.1 Background,1.1 Background,,,,,Bar Properties and Star-by-Star Bar Membership via Action Conservation,"Elizabeth J. Iles, Finn A. Pal, Joss Bland-Hawthorn, Ken Freeman",astro-ph.GA,2026-03-26T02:45:29Z,http://arxiv.org/abs/2603.24952v1,2603.24952,galactic_dynamics,234,180,False,False,140,320,True,5.0
astrobench_1e3dee4300,astrobench_1e3dee4300_chunk_002,2,"et al. 1994; Zhao et al. 1994; Bl and-Hawthorn & Gerhard 2016), these features are well-studied and yet, despite their ubiquity and impact, we still lack a distinct, universally-applicable method used to define the spatial extent of the “bar” in these galaxies (see, for recent example: Dehnen et al. 2023; Lucey et al. 2023; Petersen et al. 2024; Iles et al. 2025), let alone to identify whether an individual star is a member of the bar or just passing through. For example, Fourier analysis (e.g. Elmegreen & Elmegreen 1985; Ohta et al. 1990; Aguerri et al. 1998; Garcia-Gómez et al. 2017; Pettitt & Wadsley 2018; Frosst et al. 2025) has long been used to identify bars, particularly in simulations, while observational studies have traditionally relied on isophotal ellipse fitting (e.g. Abraham et al. 1999; Laine et al. 2002; Erw in 2005; Gadotti & de Souza 2006; Marinova & Jogee 2007; Menendez-Delmestre et al. 2007; Consolandi 2016; Jiang et al. 2018) or photometric decomposition (e.g. Reese et al. 2007; Gadotti 2008; Durbala et al. 2008, 2009; Weinzirl et al. 2009; Kruk",1.1 Background,1.1 Background,,,,,Bar Properties and Star-by-Star Bar Membership via Action Conservation,"Elizabeth J. Iles, Finn A. Pal, Joss Bland-Hawthorn, Ken Freeman",astro-ph.GA,2026-03-26T02:45:29Z,http://arxiv.org/abs/2603.24952v1,2603.24952,galactic_dynamics,234,180,False,False,280,460,True,5.0
astrobench_1e3dee4300,astrobench_1e3dee4300_chunk_003,3,"et al. 2018; Foster et al. 2025) can reduce this variation but can be similarly inefficient and subjective if not applied carefully. More recently, automated bar-detection methods using non-parametric deep learning, via classification, regression, and segmentation (e.g. Abraham et al. 2018; Cavanagh & Bekki 2020; Fluke & Jacobs 2020; Cavanagh et al. 2022; Huertas-Company & Lanusse 2023; Cavanagh et al. 2024), have become increasingly prevalent. However, since there are so many feasible methods to identify the bar in galaxies, it is necessary to select a ‘best’ method for each study. This presents a fundamental problem: do any of these methods consistently recover the same structure across all barred galaxies? The definition of a bar, or barred region, is fundamental to many studies of host-galaxy properties, such as gas flow or star formation along the bar (e.g. Downes et al. 1996; Sheth et al. 2002; Momose et al. 2010; Casasola et al. 2011; Watanabe et al. 2019; Querejeta et al. 2021; Iles et al. 2022), as well as correlations between bar length and large-scale galactic properties, such as longer bars in",1.1 Background,1.1 Background,,,,,Bar Properties and Star-by-Star Bar Membership via Action Conservation,"Elizabeth J. Iles, Finn A. Pal, Joss Bland-Hawthorn, Ken Freeman",astro-ph.GA,2026-03-26T02:45:29Z,http://arxiv.org/abs/2603.24952v1,2603.24952,galactic_dynamics,234,180,False,False,560,740,True,5.0
astrobench_1e3dee4300,astrobench_1e3dee4300_chunk_004,4,"Sheth et al. 2002; Momose et al. 2010; Casasola et al. 2011; Watanabe et al. 2019; Querejeta et al. 2021; Iles et al. 2022), as well as correlations between bar length and large-scale galactic properties, such as longer bars in more massive galaxies (e.g. Kormendy 1979; Erw in 2005; Díaz-García et al. 2016), or shorter bars in late-type galaxies (e.g Elmegreen & Elmegreen 1985; Combes & Elmegreen 1993; Erw in 2005; Aguerri et al. 2009; Erw in 2019) and whether this may be redshift dependent (e.g. Sheth et al. 2008; Kim et al. 2021). If the definition of the bar differs between methods, the physical trends we observe may be significantly effected by this systematic bias. So, despite our ability to define the bar in many ways, defining the bar in a way that is distinct, repeatable, and applicable across barred galaxies must still be a priority for the field. It is only in this way that we can most effectively approach a unified understanding of bar structure, galaxy formation, and the role of bars in driving galaxy evolution.",1.1 Background,1.1 Background,,,,,Bar Properties and Star-by-Star Bar Membership via Action Conservation,"Elizabeth J. Iles, Finn A. Pal, Joss Bland-Hawthorn, Ken Freeman",astro-ph.GA,2026-03-26T02:45:29Z,http://arxiv.org/abs/2603.24952v1,2603.24952,galactic_dynamics,233,179,False,False,700,879,True,5.0
astrobench_1e3dee4300,astrobench_1e3dee4300_chunk_005,5,"2005; Gadotti & de Souza 2006; Marinova & Jogee 2007; Menendez-Delmestre et al. 2007; Consolandi 2016; Jiang et al. 2018) or photometric decomposition (e.g. Reese et al. 2007; Gadotti 2008; Durbala et al. 2008, 2009; Weinzirl et al. 2009; Kruk et al. 2018; Fraser-McKelvie et al. 2025). Visual classification (e.g. Nair & Abraham 2010; Hoyle et al. 2011; Masters et al. 2011, 2012; Melv in et al. 2014; Kruk et al. 2018; Masters et al. 2021; Géron et al. 2021) remains common, as bars are inherently visual features, but this is increasingly impractical for large surveys and is inherently subject to significant person-to-person variability (e.g. Lahav et al. 1995; Heidl et al. 2013; Qian et al. 2022; Iles et al. 2025). Crowdsourcing (e.g. Lahav et al. 1995; Fortson et al. ★ E-mail: elizabeth.iles@sydney.edu.au) © 2026 The Authors 2 E.J. Iles et al. 2018; Foster et al. 2025) can reduce this variation but can be similarly inefficient and subjective if not applied carefully. More recently, automated bar-detection methods using non-parametric deep learning, via classification, regression, and segmentation (e.g. Abraham et al.",1.1 Background,1.1 Background,,,,,Bar Properties and Star-by-Star Bar Membership via Action Conservation,"Elizabeth J. Iles, Finn A. Pal, Joss Bland-Hawthorn, Ken Freeman",astro-ph.GA,2026-03-26T02:45:29Z,http://arxiv.org/abs/2603.24952v1,2603.24952,galactic_dynamics,234,180,False,False,420,600,True,4.0
astrobench_1e3dee4300,astrobench_1e3dee4300_chunk_006,6,"Bar Properties and Star-by-Star Bar Membership via Action Conservation 1.2 Dynamical Actions We propose a different approach to classifying the bar in galaxies, particularly aimed at identifying bars in simulations with high resolution capturing complex or non-standard systems, such as double bars, nuclear disks, or bars distorted by interactions, with the added capacity to track time evolution on galactic scales. Further, this process is designed be able to determine, not only the spatial extent of the bar but also, the membership of individual stars to the bar, distinguishing stars on bar-supporting orbits, or orbits affected by the bar, from those merely passing through. This capability will enable the assessment of important bar-driven processes, including star formation, radial migration and chemical mixing, on a more precise, star-by-star basis, at least in simulations. The basis of this method is to exploit the intrinsic properties of the angle–action variables ( 𝜃𝑖, 𝐽𝑖 ) in different regions of the galactic potential. Action-space, described by these angle-action variables, has long been used to probe many properties of the Milky Way through Galactic dynamics (e.g. Lynden-Bell",1.2 Dynamical Actions,1.2 Dynamical Actions,,,,,Bar Properties and Star-by-Star Bar Membership via Action Conservation,"Elizabeth J. Iles, Finn A. Pal, Joss Bland-Hawthorn, Ken Freeman",astro-ph.GA,2026-03-26T02:45:29Z,http://arxiv.org/abs/2603.24952v1,2603.24952,galactic_dynamics,234,180,False,False,0,180,False,3.0
astrobench_1e3dee4300,astrobench_1e3dee4300_chunk_007,7,"intrinsic properties of the angle–action variables ( 𝜃𝑖, 𝐽𝑖 ) in different regions of the galactic potential. Action-space, described by these angle-action variables, has long been used to probe many properties of the Milky Way through Galactic dynamics (e.g. Lynden-Bell & Kalnajs 1972; Kalnajs 1977; Arnold 1978; Martinet et al. 1981; Rauch & Tremaine 1996; Weinberg 2001; Sellwood 2012). This is primarily due to the convenience of the action integrals, as a set of adiabatic invariant quantities for any quasi-periodic orbit in a steady, or slowly varying, potential (see Binney & Tremaine 2008, for a more specific detail). Actions have been instrumental in modelling phase-mixed populations (e.g. Tremaine 1999; Antoja et al. 2018; Ting & Rix 2019; Monari et al. 2019; Drimmel et al. 2023), identifying stellar streams (e.g. Helmi & White 1999; Eyre & Binney 2011; Sanders & Binney 2013), and better constraining the dark matter distribution with in the Galaxy (e.g. Machado & Manos 2016; Malhan et al. 2022; Carlberg et al. 2024). Most importantly, the more abstract action-angle co-ordinates can be easily related to ordinary phase-space variables",1.2 Dynamical Actions,1.2 Dynamical Actions,,,,,Bar Properties and Star-by-Star Bar Membership via Action Conservation,"Elizabeth J. Iles, Finn A. Pal, Joss Bland-Hawthorn, Ken Freeman",astro-ph.GA,2026-03-26T02:45:29Z,http://arxiv.org/abs/2603.24952v1,2603.24952,galactic_dynamics,234,180,False,False,140,320,False,3.0
astrobench_1e3dee4300,astrobench_1e3dee4300_chunk_008,8,"invariant. Actions cease to be conserved in non-axisymmetric environments, such as bars and spiral arms (e.g. Binney & Tremaine 2008; Solway et al. 2012; Vera-Ciro & D’Onghia 2016); resonances, such as co-rotation (CR; e.g. Sellwood & Binney 2002; Roškar et al. 2012; Daniel & Wyse 2015) and the inner- and outer-Lindblad resonances (ILR/OLR; e.g. Barbanis & Woltjer 1967; Lynden-Bell & Kalnajs 1972; Carlberg & Sellwood 1985), can significantly alter individual actions; vertical action may be conserved during radial migration in general, but not necessarily on a star-by-star basis (e.g. Solway et al. 2012; Vera-Ciro & D’Onghia 2016; Mikkola et al. 2020); spiral perturbations can change azimuthal action while leaving radial action nearly unchanged (e.g. Sellwood & Binney 2002; Roškar et al. 2012); and rapid potential evolution, such as during bar formation and buckling (e.g. Toomre 1981; Sellwood 1981; Thielheim & Wolff 1982; Raha et al. 1991), can violate adiabatic invariance entirely. Assumptions and approximations have sought to mitigate the effects of this variance to probe galactic history (McMillan 2011; Binney 2012; Sanders & Binney 2015; Antoja et al. 2018; Ting",1.2 Dynamical Actions,1.2 Dynamical Actions,,,,,Bar Properties and Star-by-Star Bar Membership via Action Conservation,"Elizabeth J. Iles, Finn A. Pal, Joss Bland-Hawthorn, Ken Freeman",astro-ph.GA,2026-03-26T02:45:29Z,http://arxiv.org/abs/2603.24952v1,2603.24952,galactic_dynamics,234,180,False,False,420,600,False,3.0
astrobench_1e3dee4300,astrobench_1e3dee4300_chunk_009,9,"Wolff 1982; Raha et al. 1991), can violate adiabatic invariance entirely. Assumptions and approximations have sought to mitigate the effects of this variance to probe galactic history (McMillan 2011; Binney 2012; Sanders & Binney 2015; Antoja et al. 2018; Ting & Rix 2019; Malhan et al. 2022; Carlberg et al. 2024), while recent studies have started to explore how resonances and the action distribution of stars are related to bars, spirals, and boxy/peanut bulges (e.g. Debattista et al. 2020; Kawata et al. 2021; Trick et al. 2021; Trick 2022; Drimmel et al. 2023; Zozulia et al. 2024; Arunima et al. 2025). In this work, we are only concerned with exploiting the existence of these changes to the action, rather than reducing or categorising their effects. The premise here is: if actions are systematically not conserved for bar-located stars but rema in broadly conserved elsewhere in the disc, then the non-conservation itself becomes a diagnostic. This will allow us to directly infer bar membership and identify bar properties through a simple assessment of the conservation of action for stars throughout the",1.2 Dynamical Actions,1.2 Dynamical Actions,,,,,Bar Properties and Star-by-Star Bar Membership via Action Conservation,"Elizabeth J. Iles, Finn A. Pal, Joss Bland-Hawthorn, Ken Freeman",astro-ph.GA,2026-03-26T02:45:29Z,http://arxiv.org/abs/2603.24952v1,2603.24952,galactic_dynamics,234,180,False,False,560,740,False,3.0
astrobench_1e3dee4300,astrobench_1e3dee4300_chunk_010,10,"in broadly conserved elsewhere in the disc, then the non-conservation itself becomes a diagnostic. This will allow us to directly infer bar membership and identify bar properties through a simple assessment of the conservation of action for stars throughout the galactic potential. In this work, we demonstrate this method in the context of numerical 𝑁 −body simulations, making the best use of simulated data to track time-evolution. In a companion paper (see also Iles et al. 2026) we demonstrate the application of this method for the Milky Way bar, using observations of stars in large surveys. A description of the method and test simulation is included in Section 2. The definition of a standard bar region (e.g. radial bar extent and pitch-angle) is included in Section 3, while Section 4 outlines the ‘star-by-star’ usecase, identifying potential bar membership for each stellar particle in the simulation. Finally, our conclusions and recommendations for future applications of this method are included in Section 5.",1.2 Dynamical Actions,1.2 Dynamical Actions,,,,,Bar Properties and Star-by-Star Bar Membership via Action Conservation,"Elizabeth J. Iles, Finn A. Pal, Joss Bland-Hawthorn, Ken Freeman",astro-ph.GA,2026-03-26T02:45:29Z,http://arxiv.org/abs/2603.24952v1,2603.24952,galactic_dynamics,210,161,False,False,700,861,False,3.0
astrobench_1e3dee4300,astrobench_1e3dee4300_chunk_011,11,"was evolved for a relatively short period of 1 Gyr, however, this is sufficient to cover a period pre-bar formation, the initial bar formation, and a short period post-bar formation to capture action properties in each of these regimes. Later snapshots of the IsoB disk can be considered a classic example of a barred galaxy, however, automated bar identification methods do not consistently produce realistic bar parameters for this disk in every snapshot. Thus, we consider this simulation a good elementary demonstration of the proposed method, as there are sufficient snapshots with automated bar classification for comparison but automation can struggle with this galaxy. Additionally, we have recently completed visual classification for each snapshot of the IsoB simulation for a study in to visual bar classification (Iles et al. 2025) which, despite some limitations, can also be used as a comparison for the bar parameters of this disk as measured ‘by-eye’.",2.1 The Test Simulations,2.1 The Test Simulations,,,,,Bar Properties and Star-by-Star Bar Membership via Action Conservation,"Elizabeth J. Iles, Finn A. Pal, Joss Bland-Hawthorn, Ken Freeman",astro-ph.GA,2026-03-26T02:45:29Z,http://arxiv.org/abs/2603.24952v1,2603.24952,galactic_dynamics,197,151,True,False,280,431,False,3.0
astrobench_1e3dee4300,astrobench_1e3dee4300_chunk_012,12,"trialled a different method of construction, where both baryons (stars + gas) and dark matter were instead modelled with spherical harmonic expansions. This approach allowed us to determine actions in a wider range of snapshots, with only a slight drop in accuracy (<1%) as compared to the initial method with agama. Although both galpy and agama rely on the Stäckel approximation to navigate the non-axisymmetric conditions, there are slight differences in the calculation method and, we find, in the result (see Figure 5 in Section 3). Finally, for completeness, we tested the simplest option. Instead of integrating or modelling the existing potential from the 𝑁 -body particles, we used standard forms of a Milky Way-like potential and once aga in recovered the actions using the agama package. In this instance, we used a Dehnen (1993) type bulge, a Miyamo to & Nagai (1975) potential for the stellar disk, and a NFW (Navarro et al. 1997) potential for the gas and dark matter. Each of these potentials were scaled using the initial scale radii and masses for each component from Iles",2.2 Calculating the Action of Star Particles,2.2 Calculating the Action of Star Particles,,,,,Bar Properties and Star-by-Star Bar Membership via Action Conservation,"Elizabeth J. Iles, Finn A. Pal, Joss Bland-Hawthorn, Ken Freeman",astro-ph.GA,2026-03-26T02:45:29Z,http://arxiv.org/abs/2603.24952v1,2603.24952,galactic_dynamics,234,180,True,False,980,1160,False,3.0
astrobench_1e3dee4300,astrobench_1e3dee4300_chunk_013,13,"& Nagai (1975) potential for the stellar disk, and a NFW (Navarro et al. 1997) potential for the gas and dark matter. Each of these potentials were scaled using the initial scale radii and masses for each component from Iles et al. (2022), to avoid extra calculations at each snapshot, as this is already an approximation. We do not expect this to be the most accurate representation of the galactic potential, however, it is very much the simplest. In comparing the bar parameters we determine using the actions under each potential, we indeed find some differences but the magnitude of these differences can be considered relatively insignificant. We include a discussion of this comparison between potentials alongside our results in Section 3.",2.2 Calculating the Action of Star Particles,2.2 Calculating the Action of Star Particles,,,,,Bar Properties and Star-by-Star Bar Membership via Action Conservation,"Elizabeth J. Iles, Finn A. Pal, Joss Bland-Hawthorn, Ken Freeman",astro-ph.GA,2026-03-26T02:45:29Z,http://arxiv.org/abs/2603.24952v1,2603.24952,galactic_dynamics,159,122,True,False,1120,1242,False,3.0
astrobench_1e3dee4300,astrobench_1e3dee4300_chunk_014,14,"Bar Properties and Star-by-Star Bar Membership via Action Conservation Bar Properties and Star-by-Star Bar Membership via Action Conservation Elizabeth J. Iles,1 [,]2 [★] Finn A. Pal,2 Joss Bl and-Hawthorn,1 and Ken Freeman3 1 Sydney Institute for Astronomy (SIfA), Sydney University, Camperdown 2050, Australia 2 School of Physics, University of New South Wales, Kensington 2052, Australia 3 Research School of Astronomy & Astrophysics, Mount Stromlo Observatory, Cotter Road, Weston Creek, ACT 2611, Australia Accepted XXX. Received YYY; in original form ZZZ",Bar Properties and Star-by-Star Bar Membership via Action Conservation,Bar Properties and Star-by-Star Bar Membership via Action Conservation,,,,,Bar Properties and Star-by-Star Bar Membership via Action Conservation,"Elizabeth J. Iles, Finn A. Pal, Joss Bland-Hawthorn, Ken Freeman",astro-ph.GA,2026-03-26T02:45:29Z,http://arxiv.org/abs/2603.24952v1,2603.24952,galactic_dynamics,104,80,True,False,0,80,False,2.0
astrobench_1e3dee4300,astrobench_1e3dee4300_chunk_015,15,"2013), and better constraining the dark matter distribution with in the Galaxy (e.g. Machado & Manos 2016; Malhan et al. 2022; Carlberg et al. 2024). Most importantly, the more abstract action-angle co-ordinates can be easily related to ordinary phase-space variables ( 𝑥, 𝑣 ) (e.g. Bin- ney & Tremaine 2008; Binney 2020), either directly from the stellar orbits or via the instantaneous position and velocity measurements with an approximation of a local Stäckel potential (e.g. Binney 2012; Sanders & Binney 2015), and algorithms that compute actions are readily available, relatively widespread and mostly computationally inexpensive, practical even for million-particle 𝑁 −body simulations or extremely large observational datasets (e.g. Debattista et al. 2020; Mikkola et al. 2020; Zozulia et al. 2024). The most useful invariant property of the action, however, relies primarily on the assumption that the potential is axisymmetric and invariant. Actions cease to be conserved in non-axisymmetric environments, such as bars and spiral arms (e.g. Binney & Tremaine 2008; Solway et al. 2012; Vera-Ciro & D’Onghia 2016); resonances, such as co-rotation (CR; e.g. Sellwood & Binney 2002; Roškar et",1.2 Dynamical Actions,1.2 Dynamical Actions,,,,,Bar Properties and Star-by-Star Bar Membership via Action Conservation,"Elizabeth J. Iles, Finn A. Pal, Joss Bland-Hawthorn, Ken Freeman",astro-ph.GA,2026-03-26T02:45:29Z,http://arxiv.org/abs/2603.24952v1,2603.24952,galactic_dynamics,234,180,False,False,280,460,False,2.0
astrobench_1e3dee4300,astrobench_1e3dee4300_chunk_016,16,"small stellar bulge, an initial stellar disk and a gas disk component of particles respectively, following the standard sub-grid prescriptions (Katz et al. 1996; Stinson et al. 2006); with super-bubble feedback (Keller et al. 2014), UV and photoelectric heating, as well as metal cooling in the form of a tabulated cooling function (Shen et al. 2010), recovering the two-phase ISM (Wolfire et al. 2003) from an initially isothermal (104 K) gas profile. Star formation was prescribed by a standard temperature (300 K) and density (100 atoms/cc) threshold, as well as a convergent flow requirement with an efficiency of ∼ 10% and a Chabrier (2003) initial mass function (IMF). The initial condition was originally tailored to observations of nearby, resolved galaxy ngc4303 via the rotation curve, gas and stellar mass fractions (see Iles et al. 2022, for more details). The simulation was evolved for a relatively short period of 1 Gyr, however, this is sufficient to cover a period pre-bar formation, the initial bar formation, and a short period post-bar formation to capture action properties in each of these regimes. Later",2.1 The Test Simulations,2.1 The Test Simulations,,,,,Bar Properties and Star-by-Star Bar Membership via Action Conservation,"Elizabeth J. Iles, Finn A. Pal, Joss Bland-Hawthorn, Ken Freeman",astro-ph.GA,2026-03-26T02:45:29Z,http://arxiv.org/abs/2603.24952v1,2603.24952,galactic_dynamics,234,180,True,False,140,320,False,2.0
astrobench_eb380fd57f,astrobench_eb380fd57f_chunk_000,0,"Phase spirals across galactic disks I: Exploring dynamical influences on winding 5.2.1.Toy model 1: creating a delay at the start of winding In Section 5.1 we showed a correlation between regions where local patches dominate the acceleration field and regions where there is a prominent delay in the phase spiral winding. We now set out to demonstrate that there is a link between the two by developing an intuitive picture for one physical mechanism that might cause a delay. Consider the experience of a set of particles in one of our ( θϕ, Jϕ ) bins that has been maximally perturbed from the midplane during an interaction compared to other bins of the same Jϕ. Initially, all the particles in the same spatial patch as those in the ( θϕ, Jϕ )-bin are perturbed in the same direction and move together, with their coherence reinforced by their N-body interactions. However, disks are not solid bodies, so over enough time we expect phase-mixing and relaxation to gradually change the particles that are in the same patch as the ( θϕ, Jϕ",5.2.1.Toy model 1: creating a delay at the start of winding,5.2.1.Toy model 1: creating a delay at the start of winding,,,,,Phase spirals across galactic disks I: Exploring dynamical influences on winding,"Kiyan Tavangar, Kathryn V. Johnston, Jason A. S. Hunt, Axel Widmark, Chris Hamilton, Michael S. Petersen, Martin D. Weinberg",astro-ph.GA,2026-03-24T18:00:00Z,http://arxiv.org/abs/2603.23588v1,2603.23588,galactic_dynamics,234,180,False,False,0,180,True,5.0
astrobench_eb380fd57f,astrobench_eb380fd57f_chunk_001,1,"which encodes the characteristic timescale of repopulation. We now report the results of simulating the equations of motion of our test particle ensemble subject to the gravitational potential in Equation 9. The model elucidates a few important points, all shown in Fig. 8. First, we find that t mix determines the length of the delay in phase spiral formation. Specifically, the spiral starts forming after ≃ 1. 5 mixing times. When t mix is very large, the spiral never winds up at all. Second, once the phase spiral begins forming, it forms at the expected rate from a test particle simulation (i.e. the winding rate is unaffected once it starts). This simple toy model demonstrates that in regions where the local contribution to the acceleration is dominant, we can expect significant delays in phase spiral winding. We now roughly estimate t mix for particles in our innermost Jϕ bin (950 kpc km s [−]1 < Jϕ < 1050 kpc km s [−]1 ). We can calculate the mixing time by defining t mix as the amount of time it takes",5.2.1.Toy model 1: creating a delay at the start of winding,5.2.1.Toy model 1: creating a delay at the start of winding,,,,,Phase spirals across galactic disks I: Exploring dynamical influences on winding,"Kiyan Tavangar, Kathryn V. Johnston, Jason A. S. Hunt, Axel Widmark, Chris Hamilton, Michael S. Petersen, Martin D. Weinberg",astro-ph.GA,2026-03-24T18:00:00Z,http://arxiv.org/abs/2603.23588v1,2603.23588,galactic_dynamics,234,180,False,False,280,460,True,5.0
astrobench_eb380fd57f,astrobench_eb380fd57f_chunk_002,2,"t mix for particles in our innermost Jϕ bin (950 kpc km s [−]1 < Jϕ < 1050 kpc km s [−]1 ). We can calculate the mixing time by defining t mix as the amount of time it takes for two stars with a Jϕ difference of 50 kpc km s [−]1 (half a Jϕ bin width) to separate by π/ 4 radians (two θϕ bin widths) in azimuthal angle. We note that the precise chosen numbers are arbitrary, to give some indication of t mix. With this definition, we find t mix in the inner disk to be ≃ 350 Myr. This number only increases for t mix calculations further out in the disk, where azimuthal separation occurs more slowly. Based on our toy model, this implies that in the absence of global accelerations, we would expect winding delays of several hundreds of Myrs throughout the disk. We check our N-body results for evidence of this physical picture and find two pieces of evidence supporting it. First, the inner disk ( Jϕ ≲ 2000 kpc km s [−]1",5.2.1.Toy model 1: creating a delay at the start of winding,5.2.1.Toy model 1: creating a delay at the start of winding,,,,,Phase spirals across galactic disks I: Exploring dynamical influences on winding,"Kiyan Tavangar, Kathryn V. Johnston, Jason A. S. Hunt, Axel Widmark, Chris Hamilton, Michael S. Petersen, Martin D. Weinberg",astro-ph.GA,2026-03-24T18:00:00Z,http://arxiv.org/abs/2603.23588v1,2603.23588,galactic_dynamics,234,180,False,False,420,600,True,5.0
astrobench_eb380fd57f,astrobench_eb380fd57f_chunk_003,3,"delays of several hundreds of Myrs throughout the disk. We check our N-body results for evidence of this physical picture and find two pieces of evidence supporting it. First, the inner disk ( Jϕ ≲ 2000 kpc km s [−]1 ) has very little winding for at least ≃ 1 Gyr after the disk crossing, as we would expect for regions dominated by local accelerations with long mixing times. Second, in the right two panels of Fig. 6 we see that T fit decreases with increasing Jϕ in the inner regions where local acceleration is dominant. One can also see this at late times in Fig. 5 where the innermost regions (blackest curves) 14 Tavangar et al. have higher T fit values than those slightly further out (purple curves). This matches the expectations from our toy model because t mix increases with Jϕ, leading to longer delays.",5.2.1.Toy model 1: creating a delay at the start of winding,5.2.1.Toy model 1: creating a delay at the start of winding,,,,,Phase spirals across galactic disks I: Exploring dynamical influences on winding,"Kiyan Tavangar, Kathryn V. Johnston, Jason A. S. Hunt, Axel Widmark, Chris Hamilton, Michael S. Petersen, Martin D. Weinberg",astro-ph.GA,2026-03-24T18:00:00Z,http://arxiv.org/abs/2603.23588v1,2603.23588,galactic_dynamics,192,147,False,False,560,707,True,5.0
astrobench_eb380fd57f,astrobench_eb380fd57f_chunk_004,4,"Phase spirals across galactic disks I: Exploring dynamical influences on winding 5.2.2.Toy model 2: creating different T fit slopes For a given region, the T fit calculation (see Equation 6) depends on the vertical potential of that region at the time of calculation. It does not account for the fact that the structure of the disk may be evolving, for example as the disk heats in response to an interaction. For example, let us suppose that we have a harmonic vertical potential in which stars evolve for some time after being perturbed. In such a potential, because all stars oscillate with the same frequency, there will be no winding at all. If we suddenly change the potential to an ln cosh potential, a phase spiral will start to form. In this case, the calculated T fit would be the time since the potential changed, as opposed to the time since the perturbation. To illustrate this, we construct our toy model with a more realistic version of this example. Instead of the potential changing suddenly from one form to another, we",5.2.2.Toy model 2: creating different T fit slopes,5.2.2.Toy model 2: creating different T fit slopes,,,,,Phase spirals across galactic disks I: Exploring dynamical influences on winding,"Kiyan Tavangar, Kathryn V. Johnston, Jason A. S. Hunt, Axel Widmark, Chris Hamilton, Michael S. Petersen, Martin D. Weinberg",astro-ph.GA,2026-03-24T18:00:00Z,http://arxiv.org/abs/2603.23588v1,2603.23588,galactic_dynamics,234,180,False,False,0,180,True,5.0
astrobench_eb380fd57f,astrobench_eb380fd57f_chunk_005,5,"three different runs of our toy model. Bottom: T fit for each of the three runs. is due to disk evolution, it suggests that the frequency difference across the z max amplitudes of the phase spiral has increased over time. This picture is at odds with the physical intuition that the net effect of a perturbation will be to heat the disk, leading to the vertical frequency gradient decreasing. Clearly, this topic merits further investigation. 5.2.3. Toy model #3: creating oscillations in T fit over time Finally, creating oscillations in T fit is relatively straightforward given what we have learned in the previous section about how to alter the slope of T fit. We simply need to alternate between increasing and decreasing the harmonicity of the potential — something that would naturally occur in the presence of breathing modes incited by a perturbation. We keep the construction of the toy model the same, but we let ω = 0. 3 inverse time units so that the period of oscillation is ≃ 20 time units. Doing this means the ln cosh",5.2.2.Toy model 2: creating different T fit slopes,5.2.2.Toy model 2: creating different T fit slopes,,,,,Phase spirals across galactic disks I: Exploring dynamical influences on winding,"Kiyan Tavangar, Kathryn V. Johnston, Jason A. S. Hunt, Axel Widmark, Chris Hamilton, Michael S. Petersen, Martin D. Weinberg",astro-ph.GA,2026-03-24T18:00:00Z,http://arxiv.org/abs/2603.23588v1,2603.23588,galactic_dynamics,234,180,False,True,560,740,True,5.0
astrobench_eb380fd57f,astrobench_eb380fd57f_chunk_006,6,"by a perturbation. We keep the construction of the toy model the same, but we let ω = 0. 3 inverse time units so that the period of oscillation is ≃ 20 time units. Doing this means the ln cosh contribution 15 to the total potential now follows the purple curve in the top panel of Fig. 9. As a result, T fit oscillates over the course of the simulation (see bottom panel of Fig. 9), similar to the oscillations we see in Fig. 5 for the N-body simulation.",5.2.2.Toy model 2: creating different T fit slopes,5.2.2.Toy model 2: creating different T fit slopes,,,,,Phase spirals across galactic disks I: Exploring dynamical influences on winding,"Kiyan Tavangar, Kathryn V. Johnston, Jason A. S. Hunt, Axel Widmark, Chris Hamilton, Michael S. Petersen, Martin D. Weinberg",astro-ph.GA,2026-03-24T18:00:00Z,http://arxiv.org/abs/2603.23588v1,2603.23588,galactic_dynamics,116,89,False,True,700,789,True,5.0
astrobench_eb380fd57f,astrobench_eb380fd57f_chunk_007,7,"Phase spirals across galactic disks I: Exploring dynamical influences on winding 6.1.Connecting simulation results to the Milky Way In the left and right panels of Fig. 7, we make the same frequency and acceleration plots as for the N-body simulation, but based on the best MW potential currently available ( MilkyWayPotential2022 from the Gala dynamics package; Price-Whelan 2017). While there are some differences between the MW and our N-body simulation – most notably that ν/ Ωis larger throughout the disk (see Fig. 7) – we see similar trends to the N- body simulation, especially how the local contribution to the acceleration decreases with increasing Jϕ. This means that the qualitative conclusions from our N-body simulation are likely to apply to the MW as well. We isolate a couple key points where we can compare our results to observations of the MW so far. In our N-body simulation, at 1 Gyr after a single perturbation, (second panel of Fig. 6), we find that winding times vary by 100’s of Myrs across the face of the disk. Moreover, this variation is coherent,",6.1.Connecting simulation results to the Milky Way,6.1.Connecting simulation results to the Milky Way,,,,,Phase spirals across galactic disks I: Exploring dynamical influences on winding,"Kiyan Tavangar, Kathryn V. Johnston, Jason A. S. Hunt, Axel Widmark, Chris Hamilton, Michael S. Petersen, Martin D. Weinberg",astro-ph.GA,2026-03-24T18:00:00Z,http://arxiv.org/abs/2603.23588v1,2603.23588,galactic_dynamics,234,180,False,False,0,180,True,5.0
astrobench_eb380fd57f,astrobench_eb380fd57f_chunk_008,8,"MW so far. In our N-body simulation, at 1 Gyr after a single perturbation, (second panel of Fig. 6), we find that winding times vary by 100’s of Myrs across the face of the disk. Moreover, this variation is coherent, with a clear gradient as a function of Jϕ and even some evidence for diagonal ridges. Both of these findings are reminiscent of recent derivations of winding times in the MW (e.g. Frankel et al. 2023; Darragh-Ford et al. 2023; Antoja et al. 2023; Widmark et al. 2025). To show this, we combine Figs. 4 and 9 from Widmark et al. (2025) to create the left panel of Fig. 10. This shows a clear trend of steadily increasing T fit with increasing radius, as well as coherent large-scale structure in phase spiral morphology across the face of the disk. To allow for the easiest comparison to the N-body simulation, we make the equivalent plot (hexagonal bins in X − Y ) for the N-body simulation in the right panel of Fig. 10, at a timestep 800 Myr after the disk",6.1.Connecting simulation results to the Milky Way,6.1.Connecting simulation results to the Milky Way,,,,,Phase spirals across galactic disks I: Exploring dynamical influences on winding,"Kiyan Tavangar, Kathryn V. Johnston, Jason A. S. Hunt, Axel Widmark, Chris Hamilton, Michael S. Petersen, Martin D. Weinberg",astro-ph.GA,2026-03-24T18:00:00Z,http://arxiv.org/abs/2603.23588v1,2603.23588,galactic_dynamics,234,180,False,False,140,320,True,5.0
astrobench_eb380fd57f,astrobench_eb380fd57f_chunk_009,9,"allow for the easiest comparison to the N-body simulation, we make the equivalent plot (hexagonal bins in X − Y ) for the N-body simulation in the right panel of Fig. 10, at a timestep 800 Myr after the disk crossing. The figure shows very similar trends to the data. In both plots, the regions marked with an “x” are those where the derived T fit values are less trustworthy. For the N-body case we determine the trustworthiness of a T fit calculation based on how monotonic θz, max( Jz ) is. We note that this is quite a conservative cut, so we choose to still show the derived T fit values for these regions. Based on our analysis, we can also offer a suggestion for how to find the true winding time from our observational results. Our N-body simulation clearly demonstrates that, for a disk where phase spirals are induced by a satellite, T fit calculated from phase spirals in the outer disk are more accurate than those near the Solar Neighborhood or in the inner disk. Our toy",6.1.Connecting simulation results to the Milky Way,6.1.Connecting simulation results to the Milky Way,,,,,Phase spirals across galactic disks I: Exploring dynamical influences on winding,"Kiyan Tavangar, Kathryn V. Johnston, Jason A. S. Hunt, Axel Widmark, Chris Hamilton, Michael S. Petersen, Martin D. Weinberg",astro-ph.GA,2026-03-24T18:00:00Z,http://arxiv.org/abs/2603.23588v1,2603.23588,galactic_dynamics,234,180,False,False,280,460,True,5.0
astrobench_eb380fd57f,astrobench_eb380fd57f_chunk_010,10,"Phase spirals across galactic disks I: Exploring dynamical influences on winding 5.2.Exploring individual T fit curve features with toy models represent a single ( θϕ, Jϕ ) bin. These particles are initialized in an ln cosh potential (the same as the vertical potential of the N-body simulation) with scale height zh and are initially in equilibrium around the z = 0 midplane. In each variation of this toy model, we impart a velocity kick on these particles equal to the velocity dispersion σz. We then allow the particles to evolve but change the potential in prescribed ways corresponding to different physical mechanisms in order to recreate the various features in Fig. 5. Specifically, we explore effects of the disk midplane reforming as it relaxes from a perturbation (Section 5.2.1); its vertical structure evolving, Our basic setup for these toy models is a 1D system of 105 test particles in a specified potential, meant to 13 ==> picture [243 x 242] intentionally omitted <== ----- Start of picture text -----<br> t mix = 0 zh/σz<br>100<br>t mix = 5 zh/σz<br>t mix =",5.2.Exploring individual T fit curve features with toy models,5.2.Exploring individual T fit curve features with toy models,,,,,Phase spirals across galactic disks I: Exploring dynamical influences on winding,"Kiyan Tavangar, Kathryn V. Johnston, Jason A. S. Hunt, Axel Widmark, Chris Hamilton, Michael S. Petersen, Martin D. Weinberg",astro-ph.GA,2026-03-24T18:00:00Z,http://arxiv.org/abs/2603.23588v1,2603.23588,galactic_dynamics,234,180,False,True,0,180,True,4.5
astrobench_eb380fd57f,astrobench_eb380fd57f_chunk_011,11,"is a 1D system of 105 test particles in a specified potential, meant to 13 ==> picture [243 x 242] intentionally omitted <== ----- Start of picture text -----<br> t mix = 0 zh/σz<br>100<br>t mix = 5 zh/σz<br>t mix = 25 zh/σz<br>80 t mix = 100 zh/σz<br>60<br>40<br>20<br>0<br>0 20 40 60 80 100<br>Toy Model Time [ zh/σz ]<br>]<br>z<br>/σ<br>h<br>[ z<br>fit<br>T<br>----- End of picture text -----<br> Figure 8. The results of running our first 1-D dimensionless toy model (see Section 5.2.1) with different t mix values, which specifies the characteristic timescale on which the original disk midplane repopulates itself due to phase-mixing and relaxation. Both time axes are in dimensionless units of the scale height over the velocity dispersion. We clearly see that this quantity has a significant effect on the delay in phase spiral formation. e.g. due to dynamical heating (Section 5.2.2); and oscillations, e.g. due to breathing modes (Section 5.2.3).",5.2.Exploring individual T fit curve features with toy models,5.2.Exploring individual T fit curve features with toy models,,,,,Phase spirals across galactic disks I: Exploring dynamical influences on winding,"Kiyan Tavangar, Kathryn V. Johnston, Jason A. S. Hunt, Axel Widmark, Chris Hamilton, Michael S. Petersen, Martin D. Weinberg",astro-ph.GA,2026-03-24T18:00:00Z,http://arxiv.org/abs/2603.23588v1,2603.23588,galactic_dynamics,194,149,False,True,140,289,True,4.5
astrobench_eb380fd57f,astrobench_eb380fd57f_chunk_012,12,"together, with their coherence reinforced by their N-body interactions. However, disks are not solid bodies, so over enough time we expect phase-mixing and relaxation to gradually change the particles that are in the same patch as the ( θϕ, Jϕ )-bin we are following. In particular, an increasing percentage of particles that are spatially coincident with the bin will not have experienced the same initial perturbation and will on average be centered on the original disk plane. In other words, we expect the disk plane to re-establish itself and the importance of local accelerations for our original perturbed stars to decrease. We can mimic this expectation using a two-component potential ==> picture [199 x 44] intentionally omitted <== where z local is the mean position of the test particles, calculated at each timestep, and t mix is the mixing time, which encodes the characteristic timescale of repopulation. We now report the results of simulating the equations of motion of our test particle ensemble subject to the gravitational potential in Equation 9. The model elucidates a few important points, all shown",5.2.1.Toy model 1: creating a delay at the start of winding,5.2.1.Toy model 1: creating a delay at the start of winding,,,,,Phase spirals across galactic disks I: Exploring dynamical influences on winding,"Kiyan Tavangar, Kathryn V. Johnston, Jason A. S. Hunt, Axel Widmark, Chris Hamilton, Michael S. Petersen, Martin D. Weinberg",astro-ph.GA,2026-03-24T18:00:00Z,http://arxiv.org/abs/2603.23588v1,2603.23588,galactic_dynamics,234,180,False,True,140,320,True,4.5
astrobench_eb380fd57f,astrobench_eb380fd57f_chunk_013,13,"since the potential changed, as opposed to the time since the perturbation. To illustrate this, we construct our toy model with a more realistic version of this example. Instead of the potential changing suddenly from one form to another, we allow it to vary slowly and continuously throughout the simulation. In detail, we define the potential as: ==> picture [222 x 23] intentionally omitted <== where ν = 1 inverse time units and f varies sinusoidally between 0.5 and 1 as a function of time: ==> picture [180 x 11] intentionally omitted <== The ± sign in this equation allows us to either increase the harmonic component from 0% of the potential to 50% or decrease it from 50% to 0%. We set ω = 0. 02 inverse time units (period of oscillation ≃ 300 time units) to ensure the evolution of f would be monotonic for the duration of the simulation. The value of f over the course of the model is shown in the top panel of Fig. 9 in blue and red, respectively. The bottom panel of",5.2.2.Toy model 2: creating different T fit slopes,5.2.2.Toy model 2: creating different T fit slopes,,,,,Phase spirals across galactic disks I: Exploring dynamical influences on winding,"Kiyan Tavangar, Kathryn V. Johnston, Jason A. S. Hunt, Axel Widmark, Chris Hamilton, Michael S. Petersen, Martin D. Weinberg",astro-ph.GA,2026-03-24T18:00:00Z,http://arxiv.org/abs/2603.23588v1,2603.23588,galactic_dynamics,234,180,False,True,140,320,True,4.5
astrobench_eb380fd57f,astrobench_eb380fd57f_chunk_014,14,"evolution of f would be monotonic for the duration of the simulation. The value of f over the course of the model is shown in the top panel of Fig. 9 in blue and red, respectively. The bottom panel of Fig. 9 shows the resulting T fit calculation throughout the simulation. As expected from our thought experiment above, increasing the harmonicity of the potential over time can increase the T fit slope while decreasing it can decrease the T fit slope. Therefore, one explanation for the average T fit slope in our N-body model being less than 1 for most Jϕ is that the vertical potential in those regions is becoming less harmonic over time. While this result is found when assuming a specific shape for the potential, it can be stated more generally in terms of frequencies. In our case, we find that T fit underestimates the true time since perturbation. If this ==> picture [242 x 302] intentionally omitted <== ----- Start of picture text -----<br> 1. 0<br>0. 8<br>0. 6<br>150 Increasing harmonicity<br>Decreasing harmonicity<br>125<br>Oscillating harmonicity<br>100<br>75<br>50<br>25<br>0<br>0 20 40 60 80",5.2.2.Toy model 2: creating different T fit slopes,5.2.2.Toy model 2: creating different T fit slopes,,,,,Phase spirals across galactic disks I: Exploring dynamical influences on winding,"Kiyan Tavangar, Kathryn V. Johnston, Jason A. S. Hunt, Axel Widmark, Chris Hamilton, Michael S. Petersen, Martin D. Weinberg",astro-ph.GA,2026-03-24T18:00:00Z,http://arxiv.org/abs/2603.23588v1,2603.23588,galactic_dynamics,234,180,False,True,280,460,True,4.5
astrobench_eb380fd57f,astrobench_eb380fd57f_chunk_015,15,"case, we find that T fit underestimates the true time since perturbation. If this ==> picture [242 x 302] intentionally omitted <== ----- Start of picture text -----<br> 1. 0<br>0. 8<br>0. 6<br>150 Increasing harmonicity<br>Decreasing harmonicity<br>125<br>Oscillating harmonicity<br>100<br>75<br>50<br>25<br>0<br>0 20 40 60 80 100<br>Toy Model Time [ zh/σz ]<br>ln cosh pot amp.. Total pot amp..<br>]<br>z<br>/σ<br>h<br>z<br>[<br>fit<br>T<br>----- End of picture text -----<br> Figure 9. The results of our toy model to expla in one way to create the shallower slopes and oscillations in T fit curves in Fig. 5. In these toy model runs, we vary the contributions of two harmonic and anharmonic components to the total potential over time and examine the resulting evolution in T fit. Top: The evolution over time of the ratio of the anharmonic component of the potential to the total potential (i.e. f in Equations 10 and 11) for three different runs of our toy model. Bottom: T fit for each of the three runs. is due to disk evolution, it suggests that the frequency difference across the z max amplitudes of the phase spiral has increased over time.",5.2.2.Toy model 2: creating different T fit slopes,5.2.2.Toy model 2: creating different T fit slopes,,,,,Phase spirals across galactic disks I: Exploring dynamical influences on winding,"Kiyan Tavangar, Kathryn V. Johnston, Jason A. S. Hunt, Axel Widmark, Chris Hamilton, Michael S. Petersen, Martin D. Weinberg",astro-ph.GA,2026-03-24T18:00:00Z,http://arxiv.org/abs/2603.23588v1,2603.23588,galactic_dynamics,234,180,False,True,420,600,True,4.5
astrobench_eb380fd57f,astrobench_eb380fd57f_chunk_016,16,"clearly demonstrates that, for a disk where phase spirals are induced by a satellite, T fit calculated from phase spirals in the outer disk are more accurate than those near the Solar Neighborhood or in the inner disk. Our toy models, where the perturbation is more generic, suggest that this is likely to be true for other types of perturbations as well. This gives us a clear strategy for finding the true perturbation time responsible for the current phase spirals in the MW: trust the winding times in the outer disk more than those in the inner disk. Applying this to our results in the left panel of Fig. 10, we suggest that, if the MW phase phase spirals share a common orig in, the perturbation which caused them likely occurred nearly 1 Gyr ago.",6.1.Connecting simulation results to the Milky Way,6.1.Connecting simulation results to the Milky Way,,,,,Phase spirals across galactic disks I: Exploring dynamical influences on winding,"Kiyan Tavangar, Kathryn V. Johnston, Jason A. S. Hunt, Axel Widmark, Chris Hamilton, Michael S. Petersen, Martin D. Weinberg",astro-ph.GA,2026-03-24T18:00:00Z,http://arxiv.org/abs/2603.23588v1,2603.23588,galactic_dynamics,176,135,False,False,420,555,True,4.0
astrobench_eb380fd57f,astrobench_eb380fd57f_chunk_017,17,"Phase spirals across galactic disks I: Exploring dynamical influences on winding Phase spirals across galactic disks I: Exploring dynamical influences on winding Kiyan Tavangar,1 Kathryn V. Johnston,1 Jason A. S. Hunt,2 Axel Widmark,[1, 3] Chris Hamilton,[4, 5] 7 Michael S. Petersen,6 and Mart in D. Weinberg 1 Department of Astronomy, Columbia University, New York, NY 10027, USA 2 School of Mathematics & Physics, University of Surrey, Stag Hill, Guildford, GU2 7XH, UK 3 Stockholm University and The Oskar Kle in Centre for Cosmoparticle Physics, Alba Nova, 10691 Stockholm, Sweden 4 School of Natural Sciences, Institute for Advanced Study, Princeton, NJ 08540, USA 5 Department of Astrophysical Sciences, 4 Ivy Lane, Princeton University, Princeton, NJ 08544, USA 6 Institute for Astronomy, University of Edinburgh, Royal Observatory, Blackford Hill, Edinburgh EH9 3HJ, UK 7 Department of Astronomy, University of Massachusetts at Amherst, 710 N. Pleasant St., Amherst, MA 01003",Phase spirals across galactic disks I: Exploring dynamical influences on winding,Phase spirals across galactic disks I: Exploring dynamical influences on winding,,,,,Phase spirals across galactic disks I: Exploring dynamical influences on winding,"Kiyan Tavangar, Kathryn V. Johnston, Jason A. S. Hunt, Axel Widmark, Chris Hamilton, Michael S. Petersen, Martin D. Weinberg",astro-ph.GA,2026-03-24T18:00:00Z,http://arxiv.org/abs/2603.23588v1,2603.23588,galactic_dynamics,192,147,True,False,0,147,False,3.0
astrobench_eb380fd57f,astrobench_eb380fd57f_chunk_018,18,"the test particle and N- body models. First and most importantly, the latter is a self-consistent simulation. Second, while both disk potentials seek to approximate the MW potential, they do have slightly different density profiles. Specifically, the N-body disk is slightly thicker and less centrally concentrated than the test particle disk. As a result, it has more stars in the outer regions of the disk, meaning we are able to examine phase spirals out to greater Galactocentric radii. Despite the difference in potentials, we believe it is still appropriate to compare these two simulations to analyze how incorporating N-body interactions affects phase spiral formation and evolution. The test particle case provides a clear demonstration of the validity of our intuition for the evolution of the phasespiral due to phase-mixing alone after an isolated satellite interaction. It is true that the precise shape of the equilibrium potential will have a quantitative influence on the rate of phase spiral winding, and that different interactions (from a single satellite or other perturba- 5 tions) will provide different initial conditions that instigate that evolution.",2.2.Self-consistent N-body simulation,2.2.Self-consistent N-body simulation,,,,,Phase spirals across galactic disks I: Exploring dynamical influences on winding,"Kiyan Tavangar, Kathryn V. Johnston, Jason A. S. Hunt, Axel Widmark, Chris Hamilton, Michael S. Petersen, Martin D. Weinberg",astro-ph.GA,2026-03-24T18:00:00Z,http://arxiv.org/abs/2603.23588v1,2603.23588,galactic_dynamics,234,180,False,False,700,880,False,3.0
astrobench_eb380fd57f,astrobench_eb380fd57f_chunk_019,19,"Phase spirals across galactic disks I: Exploring dynamical influences on winding 3.1.Choice of coordinate systems Throughout our analysis, we use angle-action rather than physical coordinates. Actions ( J ), which have the same units as angular momentum, are integrals of motion which are constant along an unperturbed orbit, while angles ( θ ) describe the phase along the orbit and are traversed with constant frequency [ Ω ( J )]. We use Galpy (Bovy 2015) in the test particle case and Agama (Vasiliev 2019) in the N-body case to calculate each particle’s actions, angles, and frequencies from their 6-D phase space positions and the underlying potential – in the N-body case derived from the simulation at each timestep.",3.1.Choice of coordinate systems,3.1.Choice of coordinate systems,,,,,Phase spirals across galactic disks I: Exploring dynamical influences on winding,"Kiyan Tavangar, Kathryn V. Johnston, Jason A. S. Hunt, Axel Widmark, Chris Hamilton, Michael S. Petersen, Martin D. Weinberg",astro-ph.GA,2026-03-24T18:00:00Z,http://arxiv.org/abs/2603.23588v1,2603.23588,galactic_dynamics,154,118,True,False,0,118,False,3.0
astrobench_eb380fd57f,astrobench_eb380fd57f_chunk_020,20,"Phase spirals across galactic disks I: Exploring dynamical influences on winding 3.1.1.Using ( θz, Jz ) to simplify phase spiral morphology We project from ( z, vz ) to ( θz, Jz ) coordinates. This step is motivated by considerations of particle orbits. In ( z, vz ) physical space, stars on near-circular orbits approximately trace ellipses. The area enclosed by the ellipse gives a rough estimate of Jz and the position along the ellipse can be used to indicate θz (e.g. Price-Whelan et al. 2021). While this comparison is conceptually simple, the italicized differences make direct dynamical interpretations of distributions in ( z, vz ) space challenging. First, the orbits in ( z, vz ) are in general not closed, so the path is not strictly repeated. Second, the progression in time along that path is non-uniform. Third, the shape of the path, while simple, deviates significantly from something that can be described with compact formulae. Finally, orbits in this coordinate system typically overlap with each other, unless restricting to those with zero radial action (or, equivalently, eccentricity). Combined,","3.1.1.Using ( θz, Jz ) to simplify phase spiral morphology","3.1.1.Using ( θz, Jz ) to simplify phase spiral morphology",,,,,Phase spirals across galactic disks I: Exploring dynamical influences on winding,"Kiyan Tavangar, Kathryn V. Johnston, Jason A. S. Hunt, Axel Widmark, Chris Hamilton, Michael S. Petersen, Martin D. Weinberg",astro-ph.GA,2026-03-24T18:00:00Z,http://arxiv.org/abs/2603.23588v1,2603.23588,galactic_dynamics,234,180,False,False,0,180,False,3.0
astrobench_eb380fd57f,astrobench_eb380fd57f_chunk_021,21,"Phase spirals across galactic disks I: Exploring dynamical influences on winding 3.1.2.Binning particles with a common history Working in angle-action space rather than physical space also ensures we can group stars together that have similar orbital frequencies and, likely, common histories. Consider two stars that are at some point in close physical proximity (i.e. nearby in ( x, y ) coordinates), but with one at its orbital apocenter and one at pericenter. The star at pericenter (apocenter) will, on average, orbit the galaxy at a smaller (larger) radius, meaning it will have a shorter (longer) orbital period. Therefore, these two stars will not have been close to one another for the overwhelming majority of their orbital histories. As a consequence, they will experience different effects from both the underlying galactic potential and any perturbative forces. If we instead select two disk stars for their proximity in angle-action space, with small ( δθϕ, δJϕ )3 and differences in frequencies δ Ω ϕ. In a static, axisymmetric potential, δJϕ is conserved for all time while δθϕ will grow only very slowly, ≃",3.1.2.Binning particles with a common history,3.1.2.Binning particles with a common history,,,,,Phase spirals across galactic disks I: Exploring dynamical influences on winding,"Kiyan Tavangar, Kathryn V. Johnston, Jason A. S. Hunt, Axel Widmark, Chris Hamilton, Michael S. Petersen, Martin D. Weinberg",astro-ph.GA,2026-03-24T18:00:00Z,http://arxiv.org/abs/2603.23588v1,2603.23588,galactic_dynamics,234,180,False,False,0,180,False,3.0
astrobench_eb380fd57f,astrobench_eb380fd57f_chunk_022,22,"Phase spirals across galactic disks I: Exploring dynamical influences on winding 3.2.2.Deriving winding times One descriptor of the morphology of a spiral is the tightness of the winding, which can be quantified by its pitch angle, ψ. This can be translated to a quantity of relevance for dynamics and history by calculating the winding time (which we will call T fit following the notation in Asano & Antoja 2025), or the time it would take for the spiral to atta in this pitch angle, starting from an asymmetric distribution and evolving in the absence of self gravity through phase-mixing alone. Our primary goal in this paper is to underst and the effectiveness of using T fit to recover the time at which the perturbation which incited a spiral actually occurred. In this section and for the remainder of this work, we will focus on the one-armed phase space spirals. This is both because they are the dominant spirals in our simulations and because Widrow (2023) showed that their evolution in the presence of self-gravity is simpler than that of the",3.2.2.Deriving winding times,3.2.2.Deriving winding times,,,,,Phase spirals across galactic disks I: Exploring dynamical influences on winding,"Kiyan Tavangar, Kathryn V. Johnston, Jason A. S. Hunt, Axel Widmark, Chris Hamilton, Michael S. Petersen, Martin D. Weinberg",astro-ph.GA,2026-03-24T18:00:00Z,http://arxiv.org/abs/2603.23588v1,2603.23588,galactic_dynamics,234,180,False,False,0,180,False,3.0
astrobench_eb380fd57f,astrobench_eb380fd57f_chunk_023,23,"Phase spirals across galactic disks I: Exploring dynamical influences on winding 4.1.Test particle phase spiral winding We first examine the phase spirals in the test particle simulation as a sanity check to ensure our T fit calculation from the BFE reconstructions gives reasonable results. As described in Section 2.1 these phase spirals form following the disk crossing of a satellite ≃ 15 kpc from the galaxy’s center. In the left grid of Fig. 3, we show the resulting one-armed phase spiral reconstruction for 15 example spirals at three different Jϕ and five different times. As expected, we find that the phase spirals wind up over time until they become so wound that their structures can no longer be resolved. This is the natural process of phase mixing as the system returns to a quasi-equilibrium state. Using the method described in Section 3.2.2, we derive the perturbation time from each spiral in the disk. We show the results in Fig. 4, which visualizes them in two ways. In the left panel, we show T fit for the spiral in each region",4.1.Test particle phase spiral winding,4.1.Test particle phase spiral winding,,,,,Phase spirals across galactic disks I: Exploring dynamical influences on winding,"Kiyan Tavangar, Kathryn V. Johnston, Jason A. S. Hunt, Axel Widmark, Chris Hamilton, Michael S. Petersen, Martin D. Weinberg",astro-ph.GA,2026-03-24T18:00:00Z,http://arxiv.org/abs/2603.23588v1,2603.23588,galactic_dynamics,234,180,False,False,0,180,False,3.0
astrobench_eb380fd57f,astrobench_eb380fd57f_chunk_024,24,"shows a separate way – along with rewinding individual phase spirals – to prove that the satellite passage is responsible for the phase spirals. We will build on this idea of rewinding large-scale features in our companion paper exploring phase spiral amplitudes in simulations. To expla in why this dipole appears, we repeat the discussion outlined in Gandhi et al. (2022). Regions which are moving towards the impact point of the disk crossing experience a larger force after the satellite has crossed the disk because they are that is when they are closer to it. On the other hand, regions moving away from the impact point experience a larger force before the disk crossing. This leads to a slight leading/trailing offset in the times at which regions of the disk ahead/behind the satellite’s disk crossing experience the interaction. In our test particle simulation, stars rotate counterclockwise and the satellite goes from negative to positive z values. The dipole we see matches this physical picture. Finally, in the left panels of Fig. 5, we plot the 50 Myr moving average of",4.1.Test particle phase spiral winding,4.1.Test particle phase spiral winding,,,,,Phase spirals across galactic disks I: Exploring dynamical influences on winding,"Kiyan Tavangar, Kathryn V. Johnston, Jason A. S. Hunt, Axel Widmark, Chris Hamilton, Michael S. Petersen, Martin D. Weinberg",astro-ph.GA,2026-03-24T18:00:00Z,http://arxiv.org/abs/2603.23588v1,2603.23588,galactic_dynamics,234,180,False,False,420,600,False,3.0
astrobench_eb380fd57f,astrobench_eb380fd57f_chunk_025,25,"complex simulation and interaction. They are also noticeably less wound up than in the test particles case, especially in the inner disk. only the impact of a single satellite disk crossing, as we did in the test particle case. Despite this limitation, we acknowledge that there are still differences in the orbits of the satellites in the two simulations which could impact the phase spiral. First, the disk crossing location is about twice is far from the galactic center in the N-body case ( ≃ 15 kpc vs. ≃ 34 kpc). Second, since the satellite remains bound, it is slower during the flyby. Both of these differences contribute to the perturbation being less impulsive in the N-body case. With these differences in mind, we perform a similar analysis to Section 4.1. In the right grid in Fig. 3, we show 20 example phase spirals at different Jϕ values and times. We add a column relative to the analogous grid in the test particle analysis because we have higher particle resolution in the outer disk of our N-body simulation, allowing us",4.2.N-body phase spiral winding,4.2.N-body phase spiral winding,,,,,Phase spirals across galactic disks I: Exploring dynamical influences on winding,"Kiyan Tavangar, Kathryn V. Johnston, Jason A. S. Hunt, Axel Widmark, Chris Hamilton, Michael S. Petersen, Martin D. Weinberg",astro-ph.GA,2026-03-24T18:00:00Z,http://arxiv.org/abs/2603.23588v1,2603.23588,galactic_dynamics,234,180,False,False,280,460,False,3.0
astrobench_eb380fd57f,astrobench_eb380fd57f_chunk_026,26,"Phase spirals across galactic disks I: Exploring dynamical influences on winding 5.TOWARDS UNDERSTANDING THE FEATURES IN THE N-BODY WINDING EVOLUTION 5 To avoid including regions where the T fit calculation clearly failed, we only consider regions with T fit values between 0 and 2 times the value expected from phase mixing theory. Prior work on the evolution of phase spirals has shown that accounting for self-gravity – either by using selfconsistent simulations or mimicking N-body interactions some other way – leads to winding delays (Darling & Widrow 2019a,b, 2021; Bennett & Bovy 2021; Widrow 2023; Bl and-Hawthorn & Tepper-Garc´ıa 2021; Darling & Widrow 2024; Asano & Antoja 2025). The results in this paper more explicitly demonstrate that phasespirals in N-body simulations exhibit (i) winding delays, (ii) winding slowdowns, and (iii) oscillations in the winding rates, as shown in T fit curves in the right panel of Fig. 5. All of these effects vary as a function of Jϕ. In this section, we explore just one aspect of the dynamics influencing phase-spiral evolution — namely, how an evolving galactic disk can",5.TOWARDS UNDERSTANDING THE FEATURES IN THE N-BODY WINDING EVOLUTION,5.TOWARDS UNDERSTANDING THE FEATURES IN THE N-BODY WINDING EVOLUTION,,,,,Phase spirals across galactic disks I: Exploring dynamical influences on winding,"Kiyan Tavangar, Kathryn V. Johnston, Jason A. S. Hunt, Axel Widmark, Chris Hamilton, Michael S. Petersen, Martin D. Weinberg",astro-ph.GA,2026-03-24T18:00:00Z,http://arxiv.org/abs/2603.23588v1,2603.23588,galactic_dynamics,234,180,False,False,0,180,False,3.0
astrobench_eb380fd57f,astrobench_eb380fd57f_chunk_027,27,"Phase spirals across galactic disks I: Exploring dynamical influences on winding 5.3.Critical assessment This section concentrated on exploring the extent to which deviations of phase-spiral evolution from simple phase-mixing could be explained by the expected properties and evolution of a perturbed and relaxing disk. We found that that the disturbance and subsequent realignment of the disk midplane could contribute to delays in the start of winding. We would expect this delay to be strongest in the inner parts of the galaxy where the disk dominates the gravitational potential. In addition, we found that the presence of breathing modes might cause the winding rate of the spiral to oscillate. On the other hand, we were unable to attribute perhaps the most striking attribute of our simulated phasespirals – the slowing down of their winding – to the expected evolution of the disk. Rather, we found that any thickening of the disk would naturally speed up rather than slow down the rate of winding. In any case, no significant evolution of disk thickness was observed during the duration of the simulation. This",5.3.Critical assessment,5.3.Critical assessment,,,,,Phase spirals across galactic disks I: Exploring dynamical influences on winding,"Kiyan Tavangar, Kathryn V. Johnston, Jason A. S. Hunt, Axel Widmark, Chris Hamilton, Michael S. Petersen, Martin D. Weinberg",astro-ph.GA,2026-03-24T18:00:00Z,http://arxiv.org/abs/2603.23588v1,2603.23588,galactic_dynamics,234,180,False,False,0,180,False,3.0
astrobench_eb380fd57f,astrobench_eb380fd57f_chunk_028,28,"disk. Rather, we found that any thickening of the disk would naturally speed up rather than slow down the rate of winding. In any case, no significant evolution of disk thickness was observed during the duration of the simulation. This failure hints at the importance of dynamical effects that we have not yet explored. In particular, none of our toy models accounted for the existence of largescale coherence in the disk response, time dependence of the halo potential, or coupling between the evolution of the two components. In addition, while our N-body simulation does not include gas or star formation, the real MW has both, which Tepper-Garc´ıa et al. (2025) have shown can influence phase spiral evolution.",5.3.Critical assessment,5.3.Critical assessment,,,,,Phase spirals across galactic disks I: Exploring dynamical influences on winding,"Kiyan Tavangar, Kathryn V. Johnston, Jason A. S. Hunt, Axel Widmark, Chris Hamilton, Michael S. Petersen, Martin D. Weinberg",astro-ph.GA,2026-03-24T18:00:00Z,http://arxiv.org/abs/2603.23588v1,2603.23588,galactic_dynamics,153,117,False,False,140,257,False,3.0
astrobench_eb380fd57f,astrobench_eb380fd57f_chunk_029,29,"after the disk crossing. The regions marked with an “x” are those where the derivation of T fit might not be trustworthy, because θz, max( Jz ) is not monotonic. We must use larger bins than for the MW data because the simulation is lower resolution than Gaia DR3. The two panels have notable similarities, most notably the increasing T fit with increasing Galactocentric radius and the large-scale spatial coherence of T fit. Bl and-Hawthorn & Tepper-Garc´ıa (2021) used a 108 particle N-body simulation with a Sgr-like satellite perturber to examine the evolution of phase spirals. They found that at Galactocentric radii approximately equal to the Sun’s, phase spirals only became visible almost 500 Myr after the disk crossing. This suggests significant delay in the onset of winding, although they did not perform quantitative measurements for T fit so the precise value of this delay is uncerta in. They also claimed that phase spirals emerge at around the same time for many different Galactocentric radii, but exploring this delay was not the central focus of their analysis so they did",6.2.Comparison with previous work,6.2.Comparison with previous work,,,,,Phase spirals across galactic disks I: Exploring dynamical influences on winding,"Kiyan Tavangar, Kathryn V. Johnston, Jason A. S. Hunt, Axel Widmark, Chris Hamilton, Michael S. Petersen, Martin D. Weinberg",astro-ph.GA,2026-03-24T18:00:00Z,http://arxiv.org/abs/2603.23588v1,2603.23588,galactic_dynamics,234,180,False,False,140,320,False,3.0
astrobench_eb380fd57f,astrobench_eb380fd57f_chunk_030,30,"precise value of this delay is uncerta in. They also claimed that phase spirals emerge at around the same time for many different Galactocentric radii, but exploring this delay was not the central focus of their analysis so they did not go in to detail. Still, their results are qualitatively similar to ours. Our work shares the most similarities with Asano & Antoja (2025), which also compared phase spiral winding in test particle and N-body simulations. Their simulations are more similar to the true MW than ours, both in the construction of the host galaxy and when recreating the orbit of the Sgr satellite. As in our work, they find that in the self-consistent N-body simulation, the phase spiral winding is delayed. Interestingly, however, they do not see the trend of decreasing delays at larger Galactocentric radii, and in fact suggest that the delay may be more significant in the outer disk. This is perhaps partially explained by the fact that their analysis only covers 5 ≲ RG ≲ 13 kpc, which does cut out the critical Jϕ ≃ 3000",6.2.Comparison with previous work,6.2.Comparison with previous work,,,,,Phase spirals across galactic disks I: Exploring dynamical influences on winding,"Kiyan Tavangar, Kathryn V. Johnston, Jason A. S. Hunt, Axel Widmark, Chris Hamilton, Michael S. Petersen, Martin D. Weinberg",astro-ph.GA,2026-03-24T18:00:00Z,http://arxiv.org/abs/2603.23588v1,2603.23588,galactic_dynamics,234,180,False,False,280,460,False,3.0
astrobench_eb380fd57f,astrobench_eb380fd57f_chunk_031,31,"suggest that the delay may be more significant in the outer disk. This is perhaps partially explained by the fact that their analysis only covers 5 ≲ RG ≲ 13 kpc, which does cut out the critical Jϕ ≃ 3000 − 4000 kpc km s [−]1 range where we see the largest delay gradients. Still, even in the overlapping range, neither our results nor recent observational analyses (see Section 6.1) seem to agree with their trend, suggesting further explorations in to this subject are needed. One exploration included in Asano & Antoja (2025) that we do not replicate is looking at additional test particle simulations with varying components that make up a satellite flyby. In particular, they separate the perturbation in to the satellite itself and its dark matter wake, which Gr and et al. (2023) suggested as a possible cause for the Gaia phase spiral. Doing so, they found that since the dynamical friction dark matter wake of the satellite crosses the disk after the ma in body does, this can create the semblance of a delay in the",6.2.Comparison with previous work,6.2.Comparison with previous work,,,,,Phase spirals across galactic disks I: Exploring dynamical influences on winding,"Kiyan Tavangar, Kathryn V. Johnston, Jason A. S. Hunt, Axel Widmark, Chris Hamilton, Michael S. Petersen, Martin D. Weinberg",astro-ph.GA,2026-03-24T18:00:00Z,http://arxiv.org/abs/2603.23588v1,2603.23588,galactic_dynamics,234,180,False,False,420,600,False,3.0
astrobench_eb380fd57f,astrobench_eb380fd57f_chunk_032,32,"cause for the Gaia phase spiral. Doing so, they found that since the dynamical friction dark matter wake of the satellite crosses the disk after the ma in body does, this can create the semblance of a delay in the phase spiral winding. They show this delay can be up to 100 Myr. While important to consider, this phenomenon accounts neither for the extent of the delay that they 17 find, nor the one in our work, meaning that the selfconsistency of the simulation is still the crucial factor.",6.2.Comparison with previous work,6.2.Comparison with previous work,,,,,Phase spirals across galactic disks I: Exploring dynamical influences on winding,"Kiyan Tavangar, Kathryn V. Johnston, Jason A. S. Hunt, Axel Widmark, Chris Hamilton, Michael S. Petersen, Martin D. Weinberg",astro-ph.GA,2026-03-24T18:00:00Z,http://arxiv.org/abs/2603.23588v1,2603.23588,galactic_dynamics,116,89,False,False,560,649,False,3.0
astrobench_eb380fd57f,astrobench_eb380fd57f_chunk_033,33,"Phase spirals across galactic disks I: Exploring dynamical influences on winding 6.3.Implications for studying the Milky Way phase spirals’ origins While we cannot constra in the MW phase spirals’ origins using our test particle and N-body simulations, we can contribute to the question of how we should interpret observational results. As discussed in Section 6.1, recent studies of the MW phase spirals have led to a large range of derived winding times (0. 2 − 1 Gyr) (e.g. Frankel et al. 2023; Darragh-Ford et al. 2023; Antoja et al. 2023; Widmark et al. 2025; Hunt & Vasiliev 2025) with significant spatial coherence (see the left panel of Fig. 10; Widmark et al. 2025). This has posed several conundrums when attempting to constra in the orig in of the phase spirals. On one hand, differences in winding times throughout the disk suggest perturbations at different times. At first glance, this appears to rule out origins from a single perturbative object like Sgr and was one of the catalysts for the stochastic small and large scale kicks proposal put forward by Tremaine",6.3.Implications for studying the Milky Way phase spirals’ origins,6.3.Implications for studying the Milky Way phase spirals’ origins,,,,,Phase spirals across galactic disks I: Exploring dynamical influences on winding,"Kiyan Tavangar, Kathryn V. Johnston, Jason A. S. Hunt, Axel Widmark, Chris Hamilton, Michael S. Petersen, Martin D. Weinberg",astro-ph.GA,2026-03-24T18:00:00Z,http://arxiv.org/abs/2603.23588v1,2603.23588,galactic_dynamics,234,180,False,False,0,180,False,3.0
astrobench_eb380fd57f,astrobench_eb380fd57f_chunk_034,34,"disk. However, given the relatively impulsive nature of this simulation and its perpendicular trajectory through the disk, we would not expect significant movement from the disk as a whole. Finally, we note, this orbit is quite different from the true Sgr orbit, which is bound to the MW and has completed a few disk crossings. It was instead chosen so we could study the response of the disk to a single encounter. We then run the simulation for 3 Gyr.",2.1.Test Particle Simulation,2.1.Test Particle Simulation,,,,,Phase spirals across galactic disks I: Exploring dynamical influences on winding,"Kiyan Tavangar, Kathryn V. Johnston, Jason A. S. Hunt, Axel Widmark, Chris Hamilton, Michael S. Petersen, Martin D. Weinberg",astro-ph.GA,2026-03-24T18:00:00Z,http://arxiv.org/abs/2603.23588v1,2603.23588,galactic_dynamics,104,80,False,False,280,360,False,2.0
astrobench_eb380fd57f,astrobench_eb380fd57f_chunk_035,35,"precise shape of the equilibrium potential will have a quantitative influence on the rate of phase spiral winding, and that different interactions (from a single satellite or other perturba- 5 tions) will provide different initial conditions that instigate that evolution. However, our purpose is to study the deviation of the N-body case from our expectations for phase-mixing, which we can do qualitatively, without a direct quantitative comparison of the simulations.",2.2.Self-consistent N-body simulation,2.2.Self-consistent N-body simulation,,,,,Phase spirals across galactic disks I: Exploring dynamical influences on winding,"Kiyan Tavangar, Kathryn V. Johnston, Jason A. S. Hunt, Axel Widmark, Chris Hamilton, Michael S. Petersen, Martin D. Weinberg",astro-ph.GA,2026-03-24T18:00:00Z,http://arxiv.org/abs/2603.23588v1,2603.23588,galactic_dynamics,91,70,False,False,840,910,False,2.0
astrobench_eb380fd57f,astrobench_eb380fd57f_chunk_036,36,"possible in our figures for better intuition. In total, this means there are 496 disk regions in the N-body simulation and 336 in the test particle one, with 16 bins at each Jϕ radius. We adopt different Jϕ outer limits because of the different disk density profile mentioned in Section 2.2. The N-body simulation is less centrally concentrated meaning it has more stars at higher galactocentric radii (i.e. higher Jϕ ). This in turn leads to having enough stars for well-defined phase spirals for 3000 kpc km s [−]1 < Jϕ < 4000 kpc km s [−]1.",3.1.2.Binning particles with a common history,3.1.2.Binning particles with a common history,,,,,Phase spirals across galactic disks I: Exploring dynamical influences on winding,"Kiyan Tavangar, Kathryn V. Johnston, Jason A. S. Hunt, Axel Widmark, Chris Hamilton, Michael S. Petersen, Martin D. Weinberg",astro-ph.GA,2026-03-24T18:00:00Z,http://arxiv.org/abs/2603.23588v1,2603.23588,galactic_dynamics,127,97,False,False,420,517,False,2.0
astrobench_eb380fd57f,astrobench_eb380fd57f_chunk_037,37,"Section 3.2.2, we derive the perturbation time from each spiral in the disk. We show the results in Fig. 4, which visualizes them in two ways. In the left panel, we show T fit for the spiral in each region approximately 0.4 Gyr after the satellite disk crossing. The colorbar shows the winding time, with T fit values indicating perturbation times slightly before (after) the disk crossing shown in blue (red). We indicate this winding time both in Gyr and in units of t passage ≡ r sat /vz, sat with both r sat and vz, sat taken at the disk crossing time. We derive the expected T fit value of ≃ 0. 4 Gyr to with in 50 Myr for nearly every region in the disk. However, we notice that while the perturbation times are constrained to a narrow range, they appear to be bimodal, with very few of the regions having T fit of exactly 0. 4 Gyr. Instead, they are mostly slightly earlier or later and regions with similar derived times seem to fall along diagonal ridges.",4.1.Test particle phase spiral winding,4.1.Test particle phase spiral winding,,,,,Phase spirals across galactic disks I: Exploring dynamical influences on winding,"Kiyan Tavangar, Kathryn V. Johnston, Jason A. S. Hunt, Axel Widmark, Chris Hamilton, Michael S. Petersen, Martin D. Weinberg",astro-ph.GA,2026-03-24T18:00:00Z,http://arxiv.org/abs/2603.23588v1,2603.23588,galactic_dynamics,234,180,False,False,140,320,False,2.0
astrobench_eb380fd57f,astrobench_eb380fd57f_chunk_038,38,"test particle simulation, stars rotate counterclockwise and the satellite goes from negative to positive z values. The dipole we see matches this physical picture. Finally, in the left panels of Fig. 5, we plot the 50 Myr moving average of the median T fit in each Jϕ annulus at each timestep of the simulation, along with the residual relative to the expected value. As anticipated for this simulation, we find that the pure phase mixing theory describes the post perturbation state of one-armed phase spirals throughout the disk very well4.",4.1.Test particle phase spiral winding,4.1.Test particle phase spiral winding,,,,,Phase spirals across galactic disks I: Exploring dynamical influences on winding,"Kiyan Tavangar, Kathryn V. Johnston, Jason A. S. Hunt, Axel Widmark, Chris Hamilton, Michael S. Petersen, Martin D. Weinberg",astro-ph.GA,2026-03-24T18:00:00Z,http://arxiv.org/abs/2603.23588v1,2603.23588,galactic_dynamics,117,90,False,False,560,650,False,2.0
astrobench_eb380fd57f,astrobench_eb380fd57f_chunk_039,39,"delays in the innermost regions. At slightly higher Jϕ (2000 kpc km s [−]1 ≲ Jϕ ≲ 3000 kpc km s [−]1 ), we generally see higher T fit values, meaning less winding delay. Meanwhile, in the outer disk (3000 kpc km s [−]1 ≲ Jϕ ≲ 4000 kpc km s [−]1 ) the derived T fit does give approximately the correct time since perturbation, meaning there are minimal winding delays. This panel has two additional features of interest: (i) varying average slopes for T fit as a function of Jϕ, and (ii) periodic oscillations in T fit for Jϕ ≳ 2000. We explore both of these, along with the delays at the start of winding, by building toy models in Section 5.",4.2.N-body phase spiral winding,4.2.N-body phase spiral winding,,,,,Phase spirals across galactic disks I: Exploring dynamical influences on winding,"Kiyan Tavangar, Kathryn V. Johnston, Jason A. S. Hunt, Axel Widmark, Chris Hamilton, Michael S. Petersen, Martin D. Weinberg",astro-ph.GA,2026-03-24T18:00:00Z,http://arxiv.org/abs/2603.23588v1,2603.23588,galactic_dynamics,160,123,False,False,980,1103,False,2.0
astrobench_cbff59e329,astrobench_cbff59e329_chunk_000,0,"Kinematic diagnostics for non-axisymmetry in the Milky Way's nuclear stellar disc 2.1.The axisymmetric NSD model We adopt the axisymmetric, self-consistent dynamical model of the NSD from Sormani et al. (2022)3. This model was fitted to 3 https://github.com/GalacticDynamics-Oxford/Agama/ blob/master/py/examplemwnsd.py the line-of-sight and proper motion kinematic distributions obtained by combining the KMOS infrared (K-band) spectroscopic survey of Fritz et al. (2021) with a preliminary version of the VIRAC2 proper motion catalogue (Smith et al. 2025). The final fiducial NSD model has a total mass of M NSD = 9.7 × 108 M ⊙, an exponential radial scale length of R disc = 74 pc and a vertical scale length of H disc = 26 pc.",2.1.The axisymmetric NSD model,2.1.The axisymmetric NSD model,,,,,Kinematic diagnostics for non-axisymmetry in the Milky Way's nuclear stellar disc,"Karl Fiteni, Xingchen Li, Mattia C. Sormani, Victor P. Debattista, Arianna Vasini, Francisco Nogueras-Lara, Jason L. Sanders, Nathan Deg, Mathias Schultheis, Marco Donati, Zi-Xuan Feng",astro-ph.GA,2026-03-19T10:39:35Z,http://arxiv.org/abs/2603.18738v1,2603.18738,galactic_dynamics,147,113,True,True,0,113,True,5.0
astrobench_cbff59e329,astrobench_cbff59e329_chunk_001,1,"Kinematic diagnostics for non-axisymmetry in the Milky Way's nuclear stellar disc 2.2.The strong and weak NSB models To obta in isolated nuclear bar models, we evolve the isolated NSD model of Sormani et al. (2022) with in the self-consistent MW model of Binney & Vasiliev (2023)4 using the N-body code GADGET-4 (Springel et al. 2021). We use softening lengths of 5, 50, and 25 pc for the NSD, dark matter, and ma in stellar disc components, respectively. We find that the initially axisymmetric NSD is mildly unstable, and starts forming a nuclear bar after evolving for 0.6 Gyr. The left panel of Fig. 3, illustrates the evolution of the A 2 bar amplitude, computed via the usual m = 2 Fourier moment (e.g., Li et al. 2024), alongside the radius containing 98% of the NSD’s mass (right panel). The output cadence is sufficiently fine that the A 2 profile is well-sampled across the full evolution; a running average is applied in Fig. 3 to reduce shot noise between successive outputs. The bar amplitude peaks at t = 1.7 Gyr, after",2.2.The strong and weak NSB models,2.2.The strong and weak NSB models,,,,,Kinematic diagnostics for non-axisymmetry in the Milky Way's nuclear stellar disc,"Karl Fiteni, Xingchen Li, Mattia C. Sormani, Victor P. Debattista, Arianna Vasini, Francisco Nogueras-Lara, Jason L. Sanders, Nathan Deg, Mathias Schultheis, Marco Donati, Zi-Xuan Feng",astro-ph.GA,2026-03-19T10:39:35Z,http://arxiv.org/abs/2603.18738v1,2603.18738,galactic_dynamics,234,180,True,True,0,180,True,5.0
astrobench_cbff59e329,astrobench_cbff59e329_chunk_002,2,"of ∆ t = 0.5 Myr, which provides sufficient temporal resolution that our results are insensitive to the choice of output cadence. Star formation occurs when gas density exceeds 0.1 amu cm[−]3 and temperature falls below 15,000 K, with a star formation efficiency of 5% per dynamical time and Supernova feedback via the Keller et al. (2014) prescription. The resulting model develops a bar that reaches a stable configuration by ∼ 3.5 Gyr and remains approximately constant thereafter. At t = 3 Gyr, the bar has a semi-major radius of R b ar ∼ 4.25 kpc and pattern speed of Ω ∼ 42 km s[−]1 kpc[−]1, consistent with measurements of the MW (e.g., Wegg et al. 2015; Portail et al. 2017). The model also reproduces the characteristic bimodal distribution of red clump stars observed along various lines of sight, mimicking the observed morphology of the MW’s boxy/peanut bulge (Gonzalez et al. 2015). We note that this model does not include a metal-poor spheroidal stellar component in the bulge; we assess the potential impact of such a population in Appendix A",2.3.The large-scale MW model,2.3.The large-scale MW model,,,,,Kinematic diagnostics for non-axisymmetry in the Milky Way's nuclear stellar disc,"Karl Fiteni, Xingchen Li, Mattia C. Sormani, Victor P. Debattista, Arianna Vasini, Francisco Nogueras-Lara, Jason L. Sanders, Nathan Deg, Mathias Schultheis, Marco Donati, Zi-Xuan Feng",astro-ph.GA,2026-03-19T10:39:35Z,http://arxiv.org/abs/2603.18738v1,2603.18738,galactic_dynamics,234,180,True,True,280,460,True,5.0
astrobench_cbff59e329,astrobench_cbff59e329_chunk_003,3,"the gas and dark matter respectively. All stars form from the gas, with no stars present at t = 0. The initial radial profile of the gas corona is identical to that of the dark matter halo, but contains only 10% of its mass. Gas particles are assigned a tangential velocity that results in a sp in parameter λ ≡ J | E |1[/]2 /( GM vir5[/]2[)][=]0[.][065,][where] [J][and] [E][denote][the] total angular momentum and the energy of the gas particles respectively, and G is the gravitational constant. The conditions for star-formation to occur require that the cold gas ( T < 15, 000 K) Article number, page 14 of 16 K. Fiteni et al.: Kinematic Diagnostics for Non-Axisymmetry in the Milky Way’s Nuclear Stellar Disc density exceeds 0.1 cm[−]3 and is part of a converging flow. Star particles forming from the cooling gas also have a softening parameter of ϵ = 50 pc. The star-formation efficiency is set to 5%, and we employ the feedback recipe described by Stinson et al. (2006). The supernova feedback model injects 10% of the 1051",Appendix C: The SPH model,Appendix C: The SPH model,,,,,Kinematic diagnostics for non-axisymmetry in the Milky Way's nuclear stellar disc,"Karl Fiteni, Xingchen Li, Mattia C. Sormani, Victor P. Debattista, Arianna Vasini, Francisco Nogueras-Lara, Jason L. Sanders, Nathan Deg, Mathias Schultheis, Marco Donati, Zi-Xuan Feng",astro-ph.GA,2026-03-19T10:39:35Z,http://arxiv.org/abs/2603.18738v1,2603.18738,galactic_dynamics,234,180,True,True,140,320,True,5.0
astrobench_cbff59e329,astrobench_cbff59e329_chunk_004,4,"Kinematic diagnostics for non-axisymmetry in the Milky Way's nuclear stellar disc 2.3.The large-scale MW model We employ a self-consistent N-body+Smooth Particle Hydrodynamic (SPH) model of a large-scale MW-like bar which corresponds to the model TG07v3 in Deg et al. (2025). Here, we provide only a brief overview. The initial conditions consist of a bulgeless stellar disc with a Sérsic surface density profile (Sérsic index n = 1.75), a gas disc 4 https://github.com/GalacticDynamics-Oxford/Agama/ blob/master/py/exampleselfconsistentmodelmw.py Article number, page 3 of 16 A&A proofs: manuscript no. ma in ==> picture [512 x 164] intentionally omitted <== Fig. 4: Plots in Galactocentric Cartesian coordinates of the isolated NSD (left), strong NSB (middle) and weak NSB (right) models oriented at −60[◦] relative to the Sun-GC line. Overlaid are the velocity ellipses coloured by the vertex deviation, l v. We overlay an ellipse in each bin with N > 25 stars. The dashed lines reflect a 2[◦] field-of-view centred on the Solar position at ( x, y ) = (−8.2, 0) kpc. The NSD shows radially oriented ellipses, while the S-NSB model ellipses show strong alignment",2.3.The large-scale MW model,2.3.The large-scale MW model,,,,,Kinematic diagnostics for non-axisymmetry in the Milky Way's nuclear stellar disc,"Karl Fiteni, Xingchen Li, Mattia C. Sormani, Victor P. Debattista, Arianna Vasini, Francisco Nogueras-Lara, Jason L. Sanders, Nathan Deg, Mathias Schultheis, Marco Donati, Zi-Xuan Feng",astro-ph.GA,2026-03-19T10:39:35Z,http://arxiv.org/abs/2603.18738v1,2603.18738,galactic_dynamics,234,180,False,True,0,180,True,4.5
astrobench_cbff59e329,astrobench_cbff59e329_chunk_005,5,"with N > 25 stars. The dashed lines reflect a 2[◦] field-of-view centred on the Solar position at ( x, y ) = (−8.2, 0) kpc. The NSD shows radially oriented ellipses, while the S-NSB model ellipses show strong alignment with the bar’s major axis. The alignment is weaker for the W-NSB model. (7% of the stellar mass), and an NFW dark matter halo (Navarro et al. 1997) with mass M h = 1.17 × 1012 M⊙ and scale radius Rh = 19 kpc. The stellar disc has a mass of Md = 5.5 × 1010 M ⊙ and scale length Rd = 0.43 kpc (for the Sérsic profile), while the gas disc has an exponential scale length of Rg = 6.5 kpc. The model is evolved using Changa (Menon et al. 2015) for 10 Gyr using a base timestep of ∆ t = 0.5 Myr, which provides sufficient temporal resolution that our results are insensitive to the choice of output cadence. Star formation occurs when gas density exceeds 0.1 amu cm[−]3 and temperature falls below 15,000 K, with a",2.3.The large-scale MW model,2.3.The large-scale MW model,,,,,Kinematic diagnostics for non-axisymmetry in the Milky Way's nuclear stellar disc,"Karl Fiteni, Xingchen Li, Mattia C. Sormani, Victor P. Debattista, Arianna Vasini, Francisco Nogueras-Lara, Jason L. Sanders, Nathan Deg, Mathias Schultheis, Marco Donati, Zi-Xuan Feng",astro-ph.GA,2026-03-19T10:39:35Z,http://arxiv.org/abs/2603.18738v1,2603.18738,galactic_dynamics,234,180,True,True,140,320,True,4.5
astrobench_cbff59e329,astrobench_cbff59e329_chunk_006,6,"the observed morphology of the MW’s boxy/peanut bulge (Gonzalez et al. 2015). We note that this model does not include a metal-poor spheroidal stellar component in the bulge; we assess the potential impact of such a population in Appendix A and find it has negligible effect on our results. To match the observed NSD/bar surface density ratio from Sormani et al. (2022), we rescale the model positions by α = 0.95 and masses by γ = 0.44. This rescaling is essential to prevent the large-scale bar from dominating the surface density in the Galactic centre region. To mainta in consistency with the laws of motion, we also rescale time by β = 1.39 and velocities by δ = 0.68. The resulting scaled pattern speed is Ωscaled ≈ 31 km s[−]1 kpc[−]1 and the bar semi-major axis is R bar,scaled ≈ 4.03 kpc, both of which are consistent with observational constraints (e.g., Minchev et al. 2007; Portail et al. 2015; Pontzen et al. 2013; Sanders et al. 2019; Bovy et al. 2019; Chiba & Schönrich 2021; Clarke & Gerhard 2022).",2.3.The large-scale MW model,2.3.The large-scale MW model,,,,,Kinematic diagnostics for non-axisymmetry in the Milky Way's nuclear stellar disc,"Karl Fiteni, Xingchen Li, Mattia C. Sormani, Victor P. Debattista, Arianna Vasini, Francisco Nogueras-Lara, Jason L. Sanders, Nathan Deg, Mathias Schultheis, Marco Donati, Zi-Xuan Feng",astro-ph.GA,2026-03-19T10:39:35Z,http://arxiv.org/abs/2603.18738v1,2603.18738,galactic_dynamics,233,179,True,True,420,599,True,4.5
astrobench_cbff59e329,astrobench_cbff59e329_chunk_007,7,"Kinematic diagnostics for non-axisymmetry in the Milky Way's nuclear stellar disc Appendix C: The SPH model We employ an N-body+SPH model of an isolated disc galaxy to explore how an elliptical, orthogonal NSD impacts our results. This model is equivalent to model M3ncb in Fiteni et al. (2021), and has also been described extensively in Cole et al. (2014) and Debattista et al. (2017). Therefore, we give here only a brief overview of the model. Initially, the model comprises of a corona of hot gas embedded with in a dark matter halo with a virial radius of r 200 ≃ 200 kpc and a virial mass of M 200 = 1012 M⊙. Both the gas and dark matter are represented by 5 × 106 particles each, with softening parameters of ϵ = 50 pc and ϵ = 100 pc for the gas and dark matter respectively. All stars form from the gas, with no stars present at t = 0. The initial radial profile of the gas corona is identical to that of the dark matter halo, but contains only",Appendix C: The SPH model,Appendix C: The SPH model,,,,,Kinematic diagnostics for non-axisymmetry in the Milky Way's nuclear stellar disc,"Karl Fiteni, Xingchen Li, Mattia C. Sormani, Victor P. Debattista, Arianna Vasini, Francisco Nogueras-Lara, Jason L. Sanders, Nathan Deg, Mathias Schultheis, Marco Donati, Zi-Xuan Feng",astro-ph.GA,2026-03-19T10:39:35Z,http://arxiv.org/abs/2603.18738v1,2603.18738,galactic_dynamics,234,180,False,True,0,180,True,4.5
astrobench_cbff59e329,astrobench_cbff59e329_chunk_008,8,"cooling gas also have a softening parameter of ϵ = 50 pc. The star-formation efficiency is set to 5%, and we employ the feedback recipe described by Stinson et al. (2006). The supernova feedback model injects 10% of the 1051 erg per supernova back in to the interstellar medium. Additionally, we implement turbulent diffusion for gas mixing as outlined by Shen et al. (2010). The model was evolved for 10 Gyr with gasoline (Wadsley et al. 2004, 2017), and develops a long-lived primary bar early in its evolution at roughly 3 Gyr. The orthogonal NSD structure forms later and is comprised mostly of young stars with ages τ⋆ < 4 Gyr. ==> picture [256 x 25] intentionally omitted <== and ℓscale = 0.5 controls the transition sharpness. This formulation ensures that detection probability decreases monotonically as longitude increases. The total detection probability for each star is computed as the product of the three independent components shown in Fig. 10: ==> picture [256 x 9] intentionally omitted <==",Appendix C: The SPH model,Appendix C: The SPH model,,,,,Kinematic diagnostics for non-axisymmetry in the Milky Way's nuclear stellar disc,"Karl Fiteni, Xingchen Li, Mattia C. Sormani, Victor P. Debattista, Arianna Vasini, Francisco Nogueras-Lara, Jason L. Sanders, Nathan Deg, Mathias Schultheis, Marco Donati, Zi-Xuan Feng",astro-ph.GA,2026-03-19T10:39:35Z,http://arxiv.org/abs/2603.18738v1,2603.18738,galactic_dynamics,218,167,False,True,280,447,True,4.5
astrobench_cbff59e329,astrobench_cbff59e329_chunk_009,9,"cadence is sufficiently fine that the A 2 profile is well-sampled across the full evolution; a running average is applied in Fig. 3 to reduce shot noise between successive outputs. The bar amplitude peaks at t = 1.7 Gyr, after which it begins to weaken. We extract two snapshots from this simulation to construct our barred NSD models: the strong NSB (S-NSB) at t = 1.70 Gyr (black dashed line) when the bar is at peak strength, and the weak NSB (WNSB) at t = 2.60 Gyr (blue dashed line) during the bar’s declining phase.",2.2.The strong and weak NSB models,2.2.The strong and weak NSB models,,,,,Kinematic diagnostics for non-axisymmetry in the Milky Way's nuclear stellar disc,"Karl Fiteni, Xingchen Li, Mattia C. Sormani, Victor P. Debattista, Arianna Vasini, Francisco Nogueras-Lara, Jason L. Sanders, Nathan Deg, Mathias Schultheis, Marco Donati, Zi-Xuan Feng",astro-ph.GA,2026-03-19T10:39:35Z,http://arxiv.org/abs/2603.18738v1,2603.18738,galactic_dynamics,124,95,False,True,140,235,True,4.0
astrobench_cbff59e329,astrobench_cbff59e329_chunk_010,10,"Kinematic diagnostics for non-axisymmetry in the Milky Way's nuclear stellar disc Kinematic Diagnostics for Non-Axisymmetry in the Milky Way’s Nuclear Stellar Disc K. Fiteni1[,][ 2], X. Li1, M. C. Sormani1, V. P. Debattista3, A. Vasini1, F. Nogueras-Lara4, J. L. Sanders5, N. Deg6, M. Schultheis7, M. Donati1, and Z.-X. Feng1 - 1 Como Lake centre for AstroPhysics (CLAP), DiSAT, Università dell’Insubria, Via Valleggio 11, 22100 Como, Italy e-mail: karlfiteni@gmail.com 2 Institute of Space Sciences & Astronomy, University of Malta, Msida MSD 2080, Malta 3 Jeremiah Horrocks Institute, University of Lancashire, Preston PR1 2HE, UK 4 Institu to de Astrofísica de Andalucía (CSIC), Glorieta de la Astronomía s/n, E-18008 Granada, Spa in - 5 Department of Physics and Astronomy, University College London, London WC1E 6BT, UK 6 Department of Physics, Engineering Physics, and Astronomy, Queen’s University, Kingston, ON, K7L 3N6, Canada 7 Université Côte d’Azur, Observatoire de la Côte d’Azur, Laboratoire Lagrange, CNRS, Blvd de l’Observatoire, 06304 Nice, France Received December 22, 2025; accepted March 18, 2026",Kinematic Diagnostics for Non-Axisymmetry in the Milky Way’s Nuclear Stellar Disc,Kinematic Diagnostics for Non-Axisymmetry in the Milky Way’s Nuclear Stellar Disc,,,,,Kinematic diagnostics for non-axisymmetry in the Milky Way's nuclear stellar disc,"Karl Fiteni, Xingchen Li, Mattia C. Sormani, Victor P. Debattista, Arianna Vasini, Francisco Nogueras-Lara, Jason L. Sanders, Nathan Deg, Mathias Schultheis, Marco Donati, Zi-Xuan Feng",astro-ph.GA,2026-03-19T10:39:35Z,http://arxiv.org/abs/2603.18738v1,2603.18738,galactic_dynamics,215,165,True,False,0,165,False,3.0
astrobench_cbff59e329,astrobench_cbff59e329_chunk_011,11,"Kinematic diagnostics for non-axisymmetry in the Milky Way's nuclear stellar disc K.Fiteni et al.: Kinematic Diagnostics for Non-Axisymmetry in the Milky Way’s Nuclear Stellar Disc Sormani, M. C., Sanders, J. L., Fritz, T. K., et al. 2022, MNRAS, 512, 1857 So to, M., Rich, R. M., & Kuijken, K. 2007, ApJ, 665, L31 Springel, V., Pakmor, R., Zier, O., & Reinecke, M. 2021, MNRAS, 506, 2871 Stinson, G., Seth, A., Katz, N., et al. 2006, MNRAS, 373, 1074 Terry, S. K., Hosek, Jr., M. W., Lu, J. R., et al. 2023, arXiv e-prints, arXiv:2306.12485 van der Marel, R. P. & Franx, M. 1993, ApJ, 407, 525 Wadsley, J. W., Keller, B. W., & Quinn, T. R. 2017, MNRAS, 471, 2357 Wadsley, J. W., Stadel, J., & Quinn, T. 2004, New A, 9, 137 Wegg, C., Gerhard, O., & Portail, M. 2015, MNRAS, 450, 4050 Zakharova, D., Tikhonenko, I. S., Sotnikova, N. Y., & Smirnov, A. A. 2024, MNRAS, 527, 3038 Zhao, H., Spergel, D. N., & Rich, R. M. 1994, AJ, 108, 2154 Article number, page 13 of 16 A&A",K.Fiteni et al.: Kinematic Diagnostics for Non-Axisymmetry in the Milky Way’s Nuclear Stellar Disc,K.Fiteni et al.: Kinematic Diagnostics for Non-Axisymmetry in the Milky Way’s Nuclear Stellar Disc,,,,,Kinematic diagnostics for non-axisymmetry in the Milky Way's nuclear stellar disc,"Karl Fiteni, Xingchen Li, Mattia C. Sormani, Victor P. Debattista, Arianna Vasini, Francisco Nogueras-Lara, Jason L. Sanders, Nathan Deg, Mathias Schultheis, Marco Donati, Zi-Xuan Feng",astro-ph.GA,2026-03-19T10:39:35Z,http://arxiv.org/abs/2603.18738v1,2603.18738,galactic_dynamics,234,180,False,False,0,180,False,3.0
astrobench_cbff59e329,astrobench_cbff59e329_chunk_012,12,"Kinematic diagnostics for non-axisymmetry in the Milky Way's nuclear stellar disc Appendix E: Gauss-Hermite moments Line-of-sight velocity distributions have been widely used as kinematic diagnostics of galaxy features (e.g., Gerhard 1993; van der Marel & Franx 1993; Chung & Bureau 2004; Bureau & Athanassoula 2005; Debattista et al. 2005; Iannuzzi & Athanassoula 2015; Li et al. 2018; Zakharova et al. 2024; Fraser-McKelvie et al. 2025). Specifically, correlations and anticorrelations between h 3 (""skewness"") and the mean line-of-sight velocity in edge-on discs provide insight in to the underlying stellar orbital structure of different components. A positive h 3 − V los correlation typically indicates elongated orbits (indicative of a bar), whereas an anti-correlation suggests the presence of more circular orbits characteristic of a stellar disc (Bureau & Athanassoula 2005; Iannuzzi & Athanassoula 2015; Li et al. 2018; Zakharova et al. 2024). An anti-correlation is also associated with the presence of an NSD (Chung & Bureau 2004; Zakharova et al. 2024; Fraser-McKelvie et al. 2025). In Fig. E.1, we plot 2D maps of the line-of-sight velocity (left), the h 3 Gauss-Hermite moment",Appendix E: Gauss-Hermite moments,Appendix E: Gauss-Hermite moments,,,,,Kinematic diagnostics for non-axisymmetry in the Milky Way's nuclear stellar disc,"Karl Fiteni, Xingchen Li, Mattia C. Sormani, Victor P. Debattista, Arianna Vasini, Francisco Nogueras-Lara, Jason L. Sanders, Nathan Deg, Mathias Schultheis, Marco Donati, Zi-Xuan Feng",astro-ph.GA,2026-03-19T10:39:35Z,http://arxiv.org/abs/2603.18738v1,2603.18738,galactic_dynamics,234,180,False,False,0,180,False,3.0
astrobench_cbff59e329,astrobench_cbff59e329_chunk_013,13,"the selection function described in Sec. 3.4 (see also Fig. 10) to the NSD and re-compute the µℓ,max−ℓ distribution (red markers/curve). The inset in Fig. 16 shows the density distribution of the NSD when the selection is applied. Extinction has a strong impact on the µl,max-ℓ distribution, creating a strong peak which is slightly shifted towards positive longitude. If not properly accounted for, extinction can easily produce a signal mimicking that of a nuclear bar; a major drawback of this diagnostic.",4.Diagnostic 2: Asymmetry in the µℓ - ℓ plane,4.Diagnostic 2: Asymmetry in the µℓ - ℓ plane,,,,,Kinematic diagnostics for non-axisymmetry in the Milky Way's nuclear stellar disc,"Karl Fiteni, Xingchen Li, Mattia C. Sormani, Victor P. Debattista, Arianna Vasini, Francisco Nogueras-Lara, Jason L. Sanders, Nathan Deg, Mathias Schultheis, Marco Donati, Zi-Xuan Feng",astro-ph.GA,2026-03-19T10:39:35Z,http://arxiv.org/abs/2603.18738v1,2603.18738,galactic_dynamics,106,81,False,False,420,501,False,2.0
astrobench_cbff59e329,astrobench_cbff59e329_chunk_014,14,"the distribution is not dependent on the nuclear bar angle, and is thus most likely related to the NSD in which the nuclear bar is embedded. The velocity dispersion (right column in Fig. E.1) also shows no clear observable difference between the NSD and S- NSB cases, save for a greater central dispersion for the S-NSB. Therefore, this method is unlikely to reveal the presence of nuclear bar in the Galactic centre.",Appendix E: Gauss-Hermite moments,Appendix E: Gauss-Hermite moments,,,,,Kinematic diagnostics for non-axisymmetry in the Milky Way's nuclear stellar disc,"Karl Fiteni, Xingchen Li, Mattia C. Sormani, Victor P. Debattista, Arianna Vasini, Francisco Nogueras-Lara, Jason L. Sanders, Nathan Deg, Mathias Schultheis, Marco Donati, Zi-Xuan Feng",astro-ph.GA,2026-03-19T10:39:35Z,http://arxiv.org/abs/2603.18738v1,2603.18738,galactic_dynamics,94,72,False,False,420,492,False,2.0
astrobench_cbff59e329,astrobench_cbff59e329_chunk_015,15,"models to compute the diagnostic metrics, we add a 10% contribution from this synthetic metal-poor population. We find that the resulting impact on our diagnostics is consistently with in the uncertainties determined through bootstrapping (see Sec. 3.1). Given its negligible effect on our results, we exclude this component from our final modelling framework.",Appendix A: The metal-poor halo,Appendix A: The metal-poor halo,,,,,Kinematic diagnostics for non-axisymmetry in the Milky Way's nuclear stellar disc,"Karl Fiteni, Xingchen Li, Mattia C. Sormani, Victor P. Debattista, Arianna Vasini, Francisco Nogueras-Lara, Jason L. Sanders, Nathan Deg, Mathias Schultheis, Marco Donati, Zi-Xuan Feng",astro-ph.GA,2026-03-19T10:39:35Z,http://arxiv.org/abs/2603.18738v1,2603.18738,galactic_dynamics,69,53,False,False,140,193,False,1.0
astrobench_b7b4f9944a,astrobench_b7b4f9944a_chunk_000,0,"Quantifying the Milky Way, LMC and their interaction using all-sky kinematics of outer halo stars 1 INTRODUCTION The mass of the Milky Way (MW) is one of its most fundamental properties, with its value crucial to constructing dynamical models for our Galaxy. The MW mass has been estimated through a variety of techniques and visible tracers such as: stellar streams (e.g., Gibbons et al. 2014; Küpper et al. 2015; Malhan & Ibata 2019; Erkal et al. 2019a; Vasiliev et al. 2021; Dillamore et al. 2025), satellite galaxies and globular clusters (e.g., Zaritsky et al. 1989; Vasiliev 2019b; Correa Magnus & Vasiliev 2022), and MW halo stars (e.g., Deason et al. 2012; Williams & Evans 2015; Williams et al. 2017; McMillan 2017; Bird et al. 2022; Shen et al. 2022; Medina et al. 2025), as well as via dynamics-free approaches (e.g., Zaritsky & Courtois 2017). Most studies converge around constrained values for the virial mass of the MW being 𝑀 MW ∼ 1 − 2 × 1012 M⊙ with an uncertainty of approximately 20 − 30% (see, Wang et al. 2020;",1 INTRODUCTION,1 INTRODUCTION,,,,,"Quantifying the Milky Way, LMC and their interaction using all-sky kinematics of outer halo stars","Richard A. N. Brooks, Jason L. Sanders, Adam M. Dillamore, Nicolás Garavito-Camargo, Vedant Chandra, Adrian M. Price-Whelan, Phillip Cargile",astro-ph.GA,2026-03-09T18:00:04Z,http://arxiv.org/abs/2603.08788v1,2603.08788,galactic_dynamics,234,180,False,False,0,180,True,5.0
astrobench_b7b4f9944a,astrobench_b7b4f9944a_chunk_001,1,"density wake in the MW’s dark matter halo (Weinberg 1998; Garavi to-Camargo et al. 2019, 2021a; Tamfal et al. 2021; Rozier et al. 2022; Foote et al. 2023), as well as leaving observable signature in the density and kinematics of stars in the stellar halo (e.g., Belokurov et al. 2019; Conroy et al. © 2026 The Authors 2 R. A. N. Brooks et al. 2021; Cavieres et al. 2025; Chandra et al. 2025b; Yaaqib et al. 2024; Byström et al. 2025; Fushimi et al. 2024; Amarante et al. 2024; Sheng et al. 2025). On large scales, the inner and outer parts of the MW halo have experienced different strengths of acceleration towards the LMC (e.g., Gómez et al. 2015). To a Galactocentric observer, the Galactic northern sky appears to be red-shifted and the Galactic southern sky blue-shifted because the halo moves preferentially ‘up’, towards the Galactic north. This ‘reflex’ displacement manifests as a dipole signal in density (Garavi to-Camargo et al. 2021b; Conroy et al. 2021; Amarante et al. 2024) that is higher in the Galactic North, and similarly in",1 INTRODUCTION,1 INTRODUCTION,,,,,"Quantifying the Milky Way, LMC and their interaction using all-sky kinematics of outer halo stars","Richard A. N. Brooks, Jason L. Sanders, Adam M. Dillamore, Nicolás Garavito-Camargo, Vedant Chandra, Adrian M. Price-Whelan, Phillip Cargile",astro-ph.GA,2026-03-09T18:00:04Z,http://arxiv.org/abs/2603.08788v1,2603.08788,galactic_dynamics,234,180,False,False,420,600,True,5.0
astrobench_b7b4f9944a,astrobench_b7b4f9944a_chunk_002,2,"moves preferentially ‘up’, towards the Galactic north. This ‘reflex’ displacement manifests as a dipole signal in density (Garavi to-Camargo et al. 2021b; Conroy et al. 2021; Amarante et al. 2024) that is higher in the Galactic North, and similarly in stellar radial velocities (Erkal et al. 2019b; Petersen & Peñarrubia 2020, 2021; Erkal et al. 2021; Yaaqib et al. 2024; Chandra et al. 2025b; Byström et al. 2025; Brooks et al. 2025). The magnitude of the reflex velocity dipole is called the travel velocity and its on-sky orientation is called the apex direction of the reflex motion. If models of the MW ignore the reflex motion induced by the LMC, then the inference for the MW mass can be overestimated by up to 50% depending on the observed regions of the sky (Erkal et al. 2020). The direction and magnitude of the reflex motion are one of the ma in probes of the dynamical MW–LMC interaction. As a result, precise measurements of this induced motion will help further constra in other properties of the MW and LMC (Brooks et al.",1 INTRODUCTION,1 INTRODUCTION,,,,,"Quantifying the Milky Way, LMC and their interaction using all-sky kinematics of outer halo stars","Richard A. N. Brooks, Jason L. Sanders, Adam M. Dillamore, Nicolás Garavito-Camargo, Vedant Chandra, Adrian M. Price-Whelan, Phillip Cargile",astro-ph.GA,2026-03-09T18:00:04Z,http://arxiv.org/abs/2603.08788v1,2603.08788,galactic_dynamics,234,180,True,False,560,740,True,5.0
astrobench_b7b4f9944a,astrobench_b7b4f9944a_chunk_003,3,"of the reflex motion are one of the ma in probes of the dynamical MW–LMC interaction. As a result, precise measurements of this induced motion will help further constra in other properties of the MW and LMC (Brooks et al. 2025, 2026). Simulation Based Inference (SBI, see Cranmer et al. 2020, for a conceptual overview) is a statistical framework for inference in complex modelling scenarios where traditional analytic methods are impractical. Rather than defining a likelihood function, SBI uses many forward simulations to learn the statistical relationship between model parameters and observational data. SBI has been increasingly applied to a variety of astrophysics problems (e.g., Weyant et al. 2013; Alsing et al. 2019; Jeffrey et al. 2021; Lemos et al. 2021; Hermans et al. 2021; von Wietersheim-Kramsta et al. 2024; Lovell et al. 2024; Ho et al. 2024; Widmark & Johnston 2025; Sante et al. 2025; Xiangyuan Ma et al. 2025; Jeffrey et al. 2025; Saoulis et al. 2025; Nguyen et al. 2025; Brooks et al. 2025, 2026). In Brooks et al. (2026), we presented and validated a novel SBI",1 INTRODUCTION,1 INTRODUCTION,,,,,"Quantifying the Milky Way, LMC and their interaction using all-sky kinematics of outer halo stars","Richard A. N. Brooks, Jason L. Sanders, Adam M. Dillamore, Nicolás Garavito-Camargo, Vedant Chandra, Adrian M. Price-Whelan, Phillip Cargile",astro-ph.GA,2026-03-09T18:00:04Z,http://arxiv.org/abs/2603.08788v1,2603.08788,galactic_dynamics,234,180,False,False,700,880,True,5.0
astrobench_b7b4f9944a,astrobench_b7b4f9944a_chunk_004,4,"Johnston 2025; Sante et al. 2025; Xiangyuan Ma et al. 2025; Jeffrey et al. 2025; Saoulis et al. 2025; Nguyen et al. 2025; Brooks et al. 2025, 2026). In Brooks et al. (2026), we presented and validated a novel SBI architecture for exploring large MW–LMC model parameter spaces to enable rapid and reliable parameter inference of model parameters using the dynamics of outer halo stars. We showed that our SBI framework trained on many rigid MW–LMC simulations retains enough of the relevant physics that more complex simulations capture (e.g., 𝑁 -body simulations, Garavi to-Camargo et al. 2019) to avoid model misspecification and vastly improve the computational efficiency of the inference. Subsequently in Brooks et al. (2025), we demonstrated the first application of our SBI architecture to data from the Dark Energy Spectroscopic Instrument (DESI, DESI Collaboration et al. 2025) survey and the H3+SEGUE+MagE (Chandra et al. 2025b) combined outer halo survey to constra in the LMC mass, the reflex motion and the strength of dynamical friction. One limitation of these studies is that only mean velocities of outer halo stars",1 INTRODUCTION,1 INTRODUCTION,,,,,"Quantifying the Milky Way, LMC and their interaction using all-sky kinematics of outer halo stars","Richard A. N. Brooks, Jason L. Sanders, Adam M. Dillamore, Nicolás Garavito-Camargo, Vedant Chandra, Adrian M. Price-Whelan, Phillip Cargile",astro-ph.GA,2026-03-09T18:00:04Z,http://arxiv.org/abs/2603.08788v1,2603.08788,galactic_dynamics,234,180,False,False,840,1020,True,5.0
astrobench_b7b4f9944a,astrobench_b7b4f9944a_chunk_005,5,"and the H3+SEGUE+MagE (Chandra et al. 2025b) combined outer halo survey to constra in the LMC mass, the reflex motion and the strength of dynamical friction. One limitation of these studies is that only mean velocities of outer halo stars were used for inference, limiting the ability to constra in the MW mass, which is sensitive to their velocity dispersions (see the spherical Jeans equations, Jeans 1915; Binney & Tremaine 2008). Expanding this SBI framework to incorporate the velocity dispersions of outer halo stars will enable simultaneous constraints to be placed on the MW and LMC masses as well as their reflex interaction. In this work, we present an enhanced SBI architecture to constra in the MW–LMC interaction. We use both the mean and dispersions of outer halo star velocities to place constraints on the MW and LMC masses, the velocity anisotropy parameter, and the reflex motion. Additionally, we improve on the previous distance-independent reflex motion parametrisation by implementing a linear continuity model to capture any radial variation of the reflex motion. Using all-sky kinematics data from the H3+SEGUE+MagE (Chandra",1 INTRODUCTION,1 INTRODUCTION,,,,,"Quantifying the Milky Way, LMC and their interaction using all-sky kinematics of outer halo stars","Richard A. N. Brooks, Jason L. Sanders, Adam M. Dillamore, Nicolás Garavito-Camargo, Vedant Chandra, Adrian M. Price-Whelan, Phillip Cargile",astro-ph.GA,2026-03-09T18:00:04Z,http://arxiv.org/abs/2603.08788v1,2603.08788,galactic_dynamics,234,180,False,False,980,1160,True,5.0
astrobench_b7b4f9944a,astrobench_b7b4f9944a_chunk_006,6,"velocity anisotropy parameter, and the reflex motion. Additionally, we improve on the previous distance-independent reflex motion parametrisation by implementing a linear continuity model to capture any radial variation of the reflex motion. Using all-sky kinematics data from the H3+SEGUE+MagE (Chandra et al. 2025b) combined with these model enhancements, our SBI framework is able to simultaneously produce precise constraints on the MW and LMC masses, the reflex motion and velocity anisotropy. Furthermore, with the release of upcoming datasets from Gaia Data Release 4 (DR4) and the Sloan Digital Sky Survey V (SDSS-V, Chandra et al. 2025a; SDSS Collaboration et al. 2025), our flexible SBI framework will be uniquely placed to properly account for variation across surveys when performing inference. The layout of this paper is as follows. In Sec. 2 we describe the data used throughout this work and define the summary statistics used for the inference. In Sec. 3, we give a description of the MW–LMC simulations used to tra in the SBI architecture used for parameter inference. In Sec. 4, we describe the SBI architecture, Bayesian statistics and the",1 INTRODUCTION,1 INTRODUCTION,,,,,"Quantifying the Milky Way, LMC and their interaction using all-sky kinematics of outer halo stars","Richard A. N. Brooks, Jason L. Sanders, Adam M. Dillamore, Nicolás Garavito-Camargo, Vedant Chandra, Adrian M. Price-Whelan, Phillip Cargile",astro-ph.GA,2026-03-09T18:00:04Z,http://arxiv.org/abs/2603.08788v1,2603.08788,galactic_dynamics,234,180,False,False,1120,1300,True,5.0
astrobench_b7b4f9944a,astrobench_b7b4f9944a_chunk_007,7,"summary statistics used for the inference. In Sec. 3, we give a description of the MW–LMC simulations used to tra in the SBI architecture used for parameter inference. In Sec. 4, we describe the SBI architecture, Bayesian statistics and the machine learning models used for inference. In Sec. 5, we give the constraints on the MW and LMC enclosed and total masses, the reflex motion and the velocity anisotropy model parameters. In Sec. 6, we discuss our results in context of previous literature, assess model limitations and investigate the relative importance of including the LMC in models. Finally, we conclude and provide an outlook for upcoming surveys in Sec. 7.",1 INTRODUCTION,1 INTRODUCTION,,,,,"Quantifying the Milky Way, LMC and their interaction using all-sky kinematics of outer halo stars","Richard A. N. Brooks, Jason L. Sanders, Adam M. Dillamore, Nicolás Garavito-Camargo, Vedant Chandra, Adrian M. Price-Whelan, Phillip Cargile",astro-ph.GA,2026-03-09T18:00:04Z,http://arxiv.org/abs/2603.08788v1,2603.08788,galactic_dynamics,143,110,False,False,1260,1370,True,5.0
astrobench_b7b4f9944a,astrobench_b7b4f9944a_chunk_008,8,"Quantifying the Milky Way, LMC and their interaction using all-sky kinematics of outer halo stars 2.2 Observational summary statistics SBI requires a set of summary statistics to be used for the inference process. For this application of an SBI framework to the dynamics of the outer MW stars, we adopt summary statistics based on their velocity field distributions. Specifically, we focus on the mean and dispersions of the radial and tangential velocities as a function of distance. This choice of velocity summary statistics are insensitive to differential selection between the individual H3, SEGUE and MagE surveys.",2.2 Observational summary statistics,2.2 Observational summary statistics,,,,,"Quantifying the Milky Way, LMC and their interaction using all-sky kinematics of outer halo stars","Richard A. N. Brooks, Jason L. Sanders, Adam M. Dillamore, Nicolás Garavito-Camargo, Vedant Chandra, Adrian M. Price-Whelan, Phillip Cargile",astro-ph.GA,2026-03-09T18:00:04Z,http://arxiv.org/abs/2603.08788v1,2603.08788,galactic_dynamics,125,96,False,False,0,96,True,5.0
astrobench_b7b4f9944a,astrobench_b7b4f9944a_chunk_009,9,"Quantifying the Milky Way, LMC and their interaction using all-sky kinematics of outer halo stars 7 CONCLUSIONS & OUTLOOK We have investigated the effect of the LMC in the MW via its perturbation to the kinematics of outer halo stars. From the combined H3+SEGUE+MagE survey, we use the means and dispersions of the radial and tangential velocities of stars out to a distance of 160 kpc to constra in properties of the MW, the LMC and their interaction. We use an SBI framework to tra in neural posterior estimators using 32, 000 rigid MW–LMC simulations. These MW–LMC simulations allow for disequilibrium to develop in the MW’s stellar halo via their interaction. Our SBI framework is able to directly map between observable quantities of the MW’s stellar halo and simulation parameters. After removing spurious data relative to the simulated models, we find the following results and conclusions: (i) The enclosed mass of the MW and LMC with in 50 kpc of their respective dynamical centres are determined to be: The enclosed MW mass: 𝑀 MW ( < 50 kpc) = 3.",7 CONCLUSIONS & OUTLOOK,7 CONCLUSIONS & OUTLOOK,,,,,"Quantifying the Milky Way, LMC and their interaction using all-sky kinematics of outer halo stars","Richard A. N. Brooks, Jason L. Sanders, Adam M. Dillamore, Nicolás Garavito-Camargo, Vedant Chandra, Adrian M. Price-Whelan, Phillip Cargile",astro-ph.GA,2026-03-09T18:00:04Z,http://arxiv.org/abs/2603.08788v1,2603.08788,galactic_dynamics,234,180,False,True,0,180,True,5.0
astrobench_b7b4f9944a,astrobench_b7b4f9944a_chunk_010,10,find the following results and conclusions: (i) The enclosed mass of the MW and LMC with in 50 kpc of their respective dynamical centres are determined to be: The enclosed MW mass: 𝑀 MW ( < 50 kpc) = 3. 63[+] −0 0 [.].16 16[×][ 10]11[ M][⊙] The enclosed LMC mass: 𝑀 LMC ( < 50 kpc) = 9. 74[+] −2 1 [.].07 81[×][ 10]10[ M][⊙] These new constraints are consistent with in uncertainties of other previously reported values for both galaxies. (ii) The inference of the total mass of each halo implies a ratio of the total LMC infall mass to the total present-day MW mass of ∼ 30 ± 10%. provided that observational facilities rema in the dominant source of uncertainty.,7 CONCLUSIONS & OUTLOOK,7 CONCLUSIONS & OUTLOOK,,,,,"Quantifying the Milky Way, LMC and their interaction using all-sky kinematics of outer halo stars","Richard A. N. Brooks, Jason L. Sanders, Adam M. Dillamore, Nicolás Garavito-Camargo, Vedant Chandra, Adrian M. Price-Whelan, Phillip Cargile",astro-ph.GA,2026-03-09T18:00:04Z,http://arxiv.org/abs/2603.08788v1,2603.08788,galactic_dynamics,160,123,True,True,140,263,True,4.0
astrobench_b7b4f9944a,astrobench_b7b4f9944a_chunk_011,11,"Quantifying the Milky Way, LMC and their interaction using all-sky kinematics of outer halo stars Quantifying the Milky Way, LMC and their interaction using all-sky kinematics of outer halo stars Richard A. N. Brooks1 [★], Jason L. Sanders1, Adam M. Dillamore1, Nicolás Garavi to-Camargo2 †, Vedant Chandra3, Adrian M. Price-Whelan4, Phillip Cargile3 1 Department of Physics and Astronomy, University College London, London, WC1E 6BT, UK 2 Department of Astronomy, University of Maryl and, College Park, MD 20742, USA 3 Center for Astrophysics | Harvard & Smithsonian, 60 Garden Street, Cambridge, MA 02138, USA 4 Center for Computational Astrophysics, Flatiron Institute, Simons Foundation, 162 Fifth Avenue, New York, NY 10010, USA Accepted XXX. Received YYY; in original form ZZZ","Quantifying the Milky Way, LMC and their interaction using all-sky kinematics of outer halo stars","Quantifying the Milky Way, LMC and their interaction using all-sky kinematics of outer halo stars",,,,,"Quantifying the Milky Way, LMC and their interaction using all-sky kinematics of outer halo stars","Richard A. N. Brooks, Jason L. Sanders, Adam M. Dillamore, Nicolás Garavito-Camargo, Vedant Chandra, Adrian M. Price-Whelan, Phillip Cargile",astro-ph.GA,2026-03-09T18:00:04Z,http://arxiv.org/abs/2603.08788v1,2603.08788,galactic_dynamics,154,118,False,False,0,118,False,3.0
astrobench_b7b4f9944a,astrobench_b7b4f9944a_chunk_012,12,"Quantifying the Milky Way, LMC and their interaction using all-sky kinematics of outer halo stars 2.1.3 MagE Over the past two years, a tailored spectroscopic survey of luminous RGB stars in the outer halo has been conducted with The Magellan Echellete Spectrograph (MagE, Marshall et al. 2008) on the 6. 5m Magellan Baade Telescope at Las Campanas Observatory. The selection procedure for the target sample of RGB stars is described in Chandra et al. (2023a), and the details of the spectroscopic survey are further described in Chandra et al. (2023b) and Chandra et al. (2025b). Stellar parameters are estimated with the MINESweeper code (Cargile et al. 2020) including parallax measurements from Gaia (Gaia Collaboration et al. 2023). As of May 2024, a total of 400 stars have been observed, of which ∼ 300 are spectroscopically confirmed to be at a heliocentric distance beyond 50 kpc, and ∼ 100 are MNRAS 000, 1–16 (2026) Quantifying the MW and LMC with SBI 3 beyond 100 kpc making it the largest dataset of outer halo stars beyond 50 kpc. For a much more",2.1.3 MagE,2.1.3 MagE,,,,,"Quantifying the Milky Way, LMC and their interaction using all-sky kinematics of outer halo stars","Richard A. N. Brooks, Jason L. Sanders, Adam M. Dillamore, Nicolás Garavito-Camargo, Vedant Chandra, Adrian M. Price-Whelan, Phillip Cargile",astro-ph.GA,2026-03-09T18:00:04Z,http://arxiv.org/abs/2603.08788v1,2603.08788,galactic_dynamics,234,180,True,False,0,180,False,3.0
astrobench_b7b4f9944a,astrobench_b7b4f9944a_chunk_013,13,"Quantifying the Milky Way, LMC and their interaction using all-sky kinematics of outer halo stars 2.1.4 Combined H3+SEGUE+MagE sample The above surveys combine to produce a pure sample of stars with homogeneous stellar parameters and their uncertainties derived with the MINESweeper pipeline, e.g., distance estimates with an uncertainty floor of 10%. Subsequently, we adopt the same selection procedure to exactly reproduce the high-fidelity subset in sec. 2.3, Chandra et al. (2025b), e.g., fractional distance uncertainties < 25%. This selection procedure ensures that known substructures and unphysical quantities are removed from the sample. In particular, the Sagittarius stream (e.g., Majewski et al. 2003; Vasiliev et al. 2021) is excised using the angular momentum cuts proposed by Johnson et al. (2020). The all-sky sample of H3+SEGUE+MagE stars used in this work contains 1, 296 field stars between 𝑟 gal ∈[30 − 160] kpc. Note that some figures in this study will use the shorth and ‘H3+’ to refer to this combined sample.",2.1.4 Combined H3+SEGUE+MagE sample,2.1.4 Combined H3+SEGUE+MagE sample,,,,,"Quantifying the Milky Way, LMC and their interaction using all-sky kinematics of outer halo stars","Richard A. N. Brooks, Jason L. Sanders, Adam M. Dillamore, Nicolás Garavito-Camargo, Vedant Chandra, Adrian M. Price-Whelan, Phillip Cargile",astro-ph.GA,2026-03-09T18:00:04Z,http://arxiv.org/abs/2603.08788v1,2603.08788,galactic_dynamics,208,160,False,False,0,160,False,3.0
astrobench_b7b4f9944a,astrobench_b7b4f9944a_chunk_014,14,"Quantifying the Milky Way, LMC and their interaction using all-sky kinematics of outer halo stars 2.2.2 Tangential velocities The tangential velocity of a star, particularly in the Galactic latitude direction, 𝑣𝑡,𝑏, traces the LMC’s perturbation in the MW (Erkal et al. 2021; Sheng et al. 2024; Chandra et al. 2025b). This component of the tangential velocity captures the apparent ‘upward’ reflex motion of outer halo stars as the MW’s centre of mass is dragged ‘downward’. We calculate the 3 𝜎 -clipped mean, ⟨ 𝑣𝑡,𝑏 ⟩, and dispersions, ⟨ 𝜎𝑣𝑡,𝑏 ⟩, values for the Galactocentric distance range 𝑟 gal ∈[30 − 160] kpc in 6 equally spaced distance bins; see the lower panels of Fig. 1 & Fig. 2. These tangential velocities have been corrected for the solar motion and uncertainties determined via bootstrap resampling. In this study, we do not consider the tangential velocities in the Galactic longitudinal direction, 𝑣𝑡,𝑙, though future work can utilise them to constra in the LMC’s present-day phase space coordinates and its past orbit (Sheng et al. 2025).",2.2.2 Tangential velocities,2.2.2 Tangential velocities,,,,,"Quantifying the Milky Way, LMC and their interaction using all-sky kinematics of outer halo stars","Richard A. N. Brooks, Jason L. Sanders, Adam M. Dillamore, Nicolás Garavito-Camargo, Vedant Chandra, Adrian M. Price-Whelan, Phillip Cargile",astro-ph.GA,2026-03-09T18:00:04Z,http://arxiv.org/abs/2603.08788v1,2603.08788,galactic_dynamics,225,173,True,False,0,173,False,3.0
astrobench_b7b4f9944a,astrobench_b7b4f9944a_chunk_015,15,"Quantifying the Milky Way, LMC and their interaction using all-sky kinematics of outer halo stars 2.2.1 Radial velocities We calculate the stellar radial velocities in the Galactic Standard of Rest (GSR) frame, 𝑣 GSR, which accounts for the solar motion with respect to the Galactic centre. For a non-rotating and/or axisymmetric galaxy in equilibrium, the mean radial velocity, ⟨ 𝑣 GSR⟩, is expected to be zero throughout the entire MW. However, our Galaxy is in disequilibrium due to the merger with the LMC and hence ⟨ 𝑣 GSR⟩ ≠ 0 ubiquitously across the MW. We explore the full depth and on-sky coverage of the H3+SEGUE+MagE dataset by dividing the sky in to quadrants and measuring a set of mean radial and tangential velocity summary statistics. Throughout this work, we define the quadrants as follows: Quadrant 1 (Q1) as 𝑙 ∈[+180[◦], 0[◦] ], 𝑏 ∈[0[◦], +90[◦] ], Quadrant 2 (Q2) as 𝑙 ∈[0[◦], −180[◦] ], 𝑏 ∈[0[◦], +90[◦] ], Quadrant 3 (Q3) as 𝑙 ∈[+180[◦], 0[◦] ], 𝑏 ∈[−90[◦], 0[◦] ] and Quadrant 4 (Q4) as 𝑙 ∈[0[◦], −180[◦] ], 𝑏",2.2.1 Radial velocities,2.2.1 Radial velocities,,,,,"Quantifying the Milky Way, LMC and their interaction using all-sky kinematics of outer halo stars","Richard A. N. Brooks, Jason L. Sanders, Adam M. Dillamore, Nicolás Garavito-Camargo, Vedant Chandra, Adrian M. Price-Whelan, Phillip Cargile",astro-ph.GA,2026-03-09T18:00:04Z,http://arxiv.org/abs/2603.08788v1,2603.08788,galactic_dynamics,234,180,False,False,0,180,False,3.0
astrobench_b7b4f9944a,astrobench_b7b4f9944a_chunk_016,16,"0[◦] ], 𝑏 ∈[0[◦], +90[◦] ], Quadrant 2 (Q2) as 𝑙 ∈[0[◦], −180[◦] ], 𝑏 ∈[0[◦], +90[◦] ], Quadrant 3 (Q3) as 𝑙 ∈[+180[◦], 0[◦] ], 𝑏 ∈[−90[◦], 0[◦] ] and Quadrant 4 (Q4) as 𝑙 ∈[0[◦], −180[◦] ], 𝑏 ∈[−90[◦], 0[◦] ]. A visual representation can be seen in the Mollweide figure above Fig. 1 and Fig. 2. For the allsky H3+SEGUE+MagE dataset, we calculate the 3 𝜎 -clipped mean, ⟨ 𝑣 GSR⟩, and dispersions, ⟨ 𝜎𝑣 GSR ⟩, values for the Galactocentric distance range 𝑟 gal ∈[30 − 160] kpc in 5 equally spaced distance bins in the northern quadrants (Q1 and Q2) and the southern quadrants (Q3 and Q4); see the upper and middle panels of Fig. 1 & Fig. 2. The distance bins are larger than any associated distance uncertainties to minimise correlations between adjacent bins. Note, that neither the data nor the simulations account for uncertainty in the solar motion with respect to the Galactic centre. In these figures, data points with increased transparency, and distinct markers, are those which are poorly represented by simulated",2.2.1 Radial velocities,2.2.1 Radial velocities,,,,,"Quantifying the Milky Way, LMC and their interaction using all-sky kinematics of outer halo stars","Richard A. N. Brooks, Jason L. Sanders, Adam M. Dillamore, Nicolás Garavito-Camargo, Vedant Chandra, Adrian M. Price-Whelan, Phillip Cargile",astro-ph.GA,2026-03-09T18:00:04Z,http://arxiv.org/abs/2603.08788v1,2603.08788,galactic_dynamics,234,180,False,False,140,320,False,3.0
astrobench_b7b4f9944a,astrobench_b7b4f9944a_chunk_017,17,"picture text -----<br> Mean Velocity Velocity Dispersion<br>100 H3+ (Q1) 125 H3+ (Q1)<br>50 H3+ (Q2) 100 H3+ (Q2)<br>0 75<br>− 50 50<br>− 100 25<br>100 H3+ (Q3) 125 H3+ (Q3)<br>50 H3+ (Q4) 100 H3+ (Q4)<br>0 75<br>− 50 50<br>− 100 25<br>H3+ (All data) 125 H3+ (All data)<br>60<br>100<br>40<br>75<br>20<br>50<br>0 25<br>25 50 75 100 125 150 25 50 75 100 125 150<br>r gal [kpc] r gal [kpc]<br>1] 1]<br>− −<br>[km s [km s<br>⟩ ⟩<br>GSR v GSR<br>v σ<br>⟨ ⟨<br>1] 1]<br>− −<br>[km s [km s<br>⟩ ⟩<br>GSR v GSR<br>v σ<br>⟨ ⟨<br>1] − 1] −<br>[km s [km s<br>⟩ ⟩<br>t,b vt,b<br>⟨v ⟨σ<br>----- End of picture text -----<br> Figure 1. Mean velocity distributions in the radial and tangential components, ⟨ 𝑣 GSR ⟩ and ⟨ 𝑣 t, b ⟩, as a function of Galactocentric distance for the H3+SEGUE+MagE data divided in to on-sky quadrant footprints. Q1/2 are in the Galactic North, Q3/4 are in the Galactic South. Vertical error bars represent the 1 𝜎 uncertainties are determined via bootstrap resampling. Horizontal error bars display the bin width. Data points with increased transparency, and distinct markers, are poorly represented by simulated data counterparts. Figure 2.",3.1.3 The MW–LMC interaction,3.1.3 The MW–LMC interaction,,,,,"Quantifying the Milky Way, LMC and their interaction using all-sky kinematics of outer halo stars","Richard A. N. Brooks, Jason L. Sanders, Adam M. Dillamore, Nicolás Garavito-Camargo, Vedant Chandra, Adrian M. Price-Whelan, Phillip Cargile",astro-ph.GA,2026-03-09T18:00:04Z,http://arxiv.org/abs/2603.08788v1,2603.08788,galactic_dynamics,234,180,False,False,140,320,False,3.0
astrobench_b7b4f9944a,astrobench_b7b4f9944a_chunk_018,18,"for the potential (Navarro et al. 1996, 1997) with relevant parameters adopted from each unique MW–LMC simulation; see, Sec. 3.1.1. We implement the radial bias of stellar velocities (Osipkov 1979; Merritt 1985; Binney & Tremaine 2008) using a constant velocity anisotropy profile such that the anisotropy remains constant and equal to 𝛽 0 over all radial scales. We sample 20, 000 phase-space coordinates per stellar halo to minimise Poisson noise, ensuring observational uncertainty dominates. This precision allows us to convolve simulated data with surveyspecific observational uncertainties to produce observational-like quantities used for the inference. In this study, we apply the surveyspecific uncertainties to the binned radial and tangential velocity measurements from the H3+SEGUE+MagE dataset; see Sec. 2.2. This approach allows us to forward model all the stellar haloes to match a specific survey of interest, in this case the combined H3+SEGUE+MagE outer halo survey, and perform the subsequent inference. For a given MW–LMC potential with reflex motion, we integrate all particles in the stellar halo to present-day over the last 2. 2 Gyr (motivated the epoch when the LMC crosses",3.2 The Milky Way Stellar Halo,3.2 The Milky Way Stellar Halo,,,,,"Quantifying the Milky Way, LMC and their interaction using all-sky kinematics of outer halo stars","Richard A. N. Brooks, Jason L. Sanders, Adam M. Dillamore, Nicolás Garavito-Camargo, Vedant Chandra, Adrian M. Price-Whelan, Phillip Cargile",astro-ph.GA,2026-03-09T18:00:04Z,http://arxiv.org/abs/2603.08788v1,2603.08788,galactic_dynamics,234,180,False,False,140,320,False,3.0
astrobench_b7b4f9944a,astrobench_b7b4f9944a_chunk_019,19,"Quantifying the Milky Way, LMC and their interaction using all-sky kinematics of outer halo stars 3.3 Simulation Priors We update some of the parameter prior probability distributions from Brooks et al. (2025, 2026). We show all of our priors in Table. 1. The first two parameters are the MW mass and LMC total mass. Next is 𝜆 DF, the scalar multiple that modulates the strength of dynamical friction relative to classic Chandrasekhar values; see Equ. 1. The next set of parameters describe the LMC present-day position and velocity with their distributions inspired by the values in sec. 3.1 and table 2 of Vasiliev (2023). The final three parameters are the anisotropy parameter, 𝛽 0, the scale length, 𝑟 dens, and outer halo slope, 𝛾, for the tracer density profile that initialise the mock MW stellar haloes. In total, we run 32, 000 MW–LMC simulations each with unique parameter values and 20, 000 particles to represent the MW stellar halo.",3.3 Simulation Priors,3.3 Simulation Priors,,,,,"Quantifying the Milky Way, LMC and their interaction using all-sky kinematics of outer halo stars","Richard A. N. Brooks, Jason L. Sanders, Adam M. Dillamore, Nicolás Garavito-Camargo, Vedant Chandra, Adrian M. Price-Whelan, Phillip Cargile",astro-ph.GA,2026-03-09T18:00:04Z,http://arxiv.org/abs/2603.08788v1,2603.08788,galactic_dynamics,207,159,False,False,0,159,False,3.0
astrobench_b7b4f9944a,astrobench_b7b4f9944a_chunk_020,20,"Quantifying the Milky Way, LMC and their interaction using all-sky kinematics of outer halo stars 5.1 Inference set-up We will show the posterior distributions for MW and LMC masses enclosed with in 50 kpc, the Galactocentric Cartesian components of the reflex motion and the velocity anisotropy parameter. Additionally, using these posterior samples, we will show the magnitude and onsky apex direction of the reflex motion, as well as the radial variation in these reflex motion parameters. For the input data that is used to condition the posterior estimation on, we use the mean and dispersions of the radial and tangential velocities from the outer halo H3+SEGUE+MagE survey; see Fig. 1 and Fig. 2. To investigate the effect of varying levels of velocity data provided we use various subsets of this velocity data. Yellow contours, H3+ ⟨ 𝑣 ⟩: The entire mean velocity data is used to condition the posterior estimation, i.e., all data points in Fig. 1. Blue contours, H3+ ⟨ 𝑣 ⟩, ⟨ 𝜎𝑣 ⟩: The entire mean and dispersion velocity data is used to condition the posterior estimation,",5.1 Inference set-up,5.1 Inference set-up,,,,,"Quantifying the Milky Way, LMC and their interaction using all-sky kinematics of outer halo stars","Richard A. N. Brooks, Jason L. Sanders, Adam M. Dillamore, Nicolás Garavito-Camargo, Vedant Chandra, Adrian M. Price-Whelan, Phillip Cargile",astro-ph.GA,2026-03-09T18:00:04Z,http://arxiv.org/abs/2603.08788v1,2603.08788,galactic_dynamics,234,180,False,False,0,180,False,3.0
astrobench_b7b4f9944a,astrobench_b7b4f9944a_chunk_021,21,"mean velocity data is used to condition the posterior estimation, i.e., all data points in Fig. 1. Blue contours, H3+ ⟨ 𝑣 ⟩, ⟨ 𝜎𝑣 ⟩: The entire mean and dispersion velocity data is used to condition the posterior estimation, i.e., all data points in Fig. 1 and Fig. 2. Red contours, H3+ ⟨ 𝑣 ⟩[∗], ⟨ 𝜎𝑣 ⟩[∗]: Only the mean and velocity dispersion data points which are well represented by our simulations are used to condition the posterior estimation. Specifically, we remove all data points that lie 3 𝜎 or more away from the corresponding simulated data mean. These ‘spurious’ data points are indicated by the transparent markers in Fig. 1 and Fig. 2. Overall, 6/52 data points are removed. The removal of spurious data allows us to investigate any bias introduced by including data points which are not well represented by the current simulations. This effect can be two-fold. On one hand, the observational dataset itself could still conta in undiagnosed substructure producing outlier values. On the other hand, the rigid simulation set-up may not conta in",5.1 Inference set-up,5.1 Inference set-up,,,,,"Quantifying the Milky Way, LMC and their interaction using all-sky kinematics of outer halo stars","Richard A. N. Brooks, Jason L. Sanders, Adam M. Dillamore, Nicolás Garavito-Camargo, Vedant Chandra, Adrian M. Price-Whelan, Phillip Cargile",astro-ph.GA,2026-03-09T18:00:04Z,http://arxiv.org/abs/2603.08788v1,2603.08788,galactic_dynamics,234,180,False,False,140,320,False,3.0
astrobench_b7b4f9944a,astrobench_b7b4f9944a_chunk_022,22,"Quantifying the Milky Way, LMC and their interaction using all-sky kinematics of outer halo stars 5.2 The mass of the Milky Way and Large Magellanic Cloud Previously, in Brooks et al. (2025) we used the H3+SEGUE+MagE dataset and SBI to constra in the enclosed mass of the MW and LMC. In that work, only the means of the radial and tangential velocities were used for the inference. In this study, we use the velocity means MNRAS 000, 1–16 (2026) Quantifying the MW and LMC with SBI 7 and dispersions to perform the inference. By conditioning the posteriors on both of these velocity moments we are able to constra in the MW mass to a much greater precision (e.g., Jeans 1915; Binney & Tremaine 2008; Correa Magnus & Vasiliev 2022; Sheng et al. 2025). In Fig. 3 we show the posterior distributions for the MW and LMC masses enclosed with in 50 kpc from this study. The yellow and blue contours represent the posteriors conditioned using the means, or means and dispersions, of the stellar velocities, respectively. The red contours represent",5.2 The mass of the Milky Way and Large Magellanic Cloud,5.2 The mass of the Milky Way and Large Magellanic Cloud,,,,,"Quantifying the Milky Way, LMC and their interaction using all-sky kinematics of outer halo stars","Richard A. N. Brooks, Jason L. Sanders, Adam M. Dillamore, Nicolás Garavito-Camargo, Vedant Chandra, Adrian M. Price-Whelan, Phillip Cargile",astro-ph.GA,2026-03-09T18:00:04Z,http://arxiv.org/abs/2603.08788v1,2603.08788,galactic_dynamics,234,180,False,False,0,180,False,3.0
astrobench_b7b4f9944a,astrobench_b7b4f9944a_chunk_023,23,"(e.g., Vasiliev 2019b; Vasiliev et al. 2021). The outermost data points are all consistent with our posterior with in uncertainties, although we note our posterior is much more precise. However, the H3+SEGUE+MagE sample only covers distances out to 160 kpc, hence the posterior beyond this distance range is an extrapolation. Potentially, we are subject to overconfidence in our MW mass profile posterior due to the restrictive nature of the model parametrisation i.e., an NFW profile defined by 2 parameters 𝑀 200, MW and 𝑐 200.",6.1.1 The Milky Way,6.1.1 The Milky Way,,,,,"Quantifying the Milky Way, LMC and their interaction using all-sky kinematics of outer halo stars","Richard A. N. Brooks, Jason L. Sanders, Adam M. Dillamore, Nicolás Garavito-Camargo, Vedant Chandra, Adrian M. Price-Whelan, Phillip Cargile",astro-ph.GA,2026-03-09T18:00:04Z,http://arxiv.org/abs/2603.08788v1,2603.08788,galactic_dynamics,111,85,False,False,280,365,False,3.0
astrobench_b7b4f9944a,astrobench_b7b4f9944a_chunk_024,24,"2021; Yaaqib et al. 2024; Chandra et al. 2025b; Byström et al. 2025, in yellow using Sgr data, orange using SDSS data, red using H3+SEGUE+MagE data, and dark blue using DESI data, respectively). Additionally, we show the apex direction of the fiducial 𝑁 -body simulation in Garavi to-Camargo et al. (2019) as the light blue pentagon. The past LMC orbit is calculated using the best-fit values from the inference with the present-day location denoted by the black star. Lower panel: A comparison of the magnitude of the travel velocity, 𝑣 travel, from the same literature values and our posterior median and 1 𝜎 percentiles as the red line and shaded region. The prior 1 𝜎 confidence interval is shown as the grey dashed lines.",6.1.2 The LMC,6.1.2 The LMC,,,,,"Quantifying the Milky Way, LMC and their interaction using all-sky kinematics of outer halo stars","Richard A. N. Brooks, Jason L. Sanders, Adam M. Dillamore, Nicolás Garavito-Camargo, Vedant Chandra, Adrian M. Price-Whelan, Phillip Cargile",astro-ph.GA,2026-03-09T18:00:04Z,http://arxiv.org/abs/2603.08788v1,2603.08788,galactic_dynamics,162,124,False,False,560,684,False,3.0
astrobench_b7b4f9944a,astrobench_b7b4f9944a_chunk_025,25,"H3+SEGUE+MagE dataset but distinct methodology. 2025). However, as we have shown, even state-of-the-art 𝑁 -body simulations are in tension with the measured reflex motion parameters; see Fig. 5. In future studies, using a suite of 𝑁 -body simulations (e.g., Sheng et al. 2025) to tra in an SBI architecture to estimate the posterior distribution of e.g., the reflex motion parameters, will highlight any biases in the inference of these parameter when using rigid models to tra in similar SBI networks. One of the other clear limitations of our rigid MW–LMC model set-up is the inability to explore large regions of simulation parameter space in the Galactocentric 𝑦 -direction of the reflex motion, 𝑣 𝑦. Despite accounting for radial variation in the reflex motion, even the allowed simulation prior space at a reference value of 100 kpc is in tension with direct measurements from observational datasets (Yaaqib et al. 2024; Byström et al. 2025; Chandra et al. 2025b). One possible explanation is that the observational datasets conta in undetected substructures which can produce larger values for 𝑣 𝑦. For example, Chandra",6.2 Caveats and Limitations,6.2 Caveats and Limitations,,,,,"Quantifying the Milky Way, LMC and their interaction using all-sky kinematics of outer halo stars","Richard A. N. Brooks, Jason L. Sanders, Adam M. Dillamore, Nicolás Garavito-Camargo, Vedant Chandra, Adrian M. Price-Whelan, Phillip Cargile",astro-ph.GA,2026-03-09T18:00:04Z,http://arxiv.org/abs/2603.08788v1,2603.08788,galactic_dynamics,234,180,False,False,280,460,False,3.0
astrobench_b7b4f9944a,astrobench_b7b4f9944a_chunk_026,26,"The individual posteriors for the average velocity anisotropy of the stellar halo, 𝛽 0. The yellow and blue contours represent the posteriors conditioned using the means, or means and dispersions, of the stellar velocities, respectively. The red contours use the mean and dispersion data, but removing spurious data points. The prior 1 𝜎 confidence interval is shown as the grey curve. level of contamination required from, e.g., LMC stars, to produce simulated data points and values for 𝑣 𝑦 which are consistent with the current H3+SEGUE+MagE dataset. Aside from undetected substructures, a rudimentary analysis of our rigid simulations shows that producing sufficiently large 𝑣 𝑦 values is predominantly sensitive to LMC properties and the strength of dynamical friction, SBI relies on the fact that any simulations used to tra in the inference include a sufficient amount of physics to properly describe the observations. The Predictive Posterior Check (PPC) carried out in this work, see Appendix. A and Fig. A2 & A3, show that the simulated data from our rigid MW–LMC models capture most of the observed data points well, although",6.2 Caveats and Limitations,6.2 Caveats and Limitations,,,,,"Quantifying the Milky Way, LMC and their interaction using all-sky kinematics of outer halo stars","Richard A. N. Brooks, Jason L. Sanders, Adam M. Dillamore, Nicolás Garavito-Camargo, Vedant Chandra, Adrian M. Price-Whelan, Phillip Cargile",astro-ph.GA,2026-03-09T18:00:04Z,http://arxiv.org/abs/2603.08788v1,2603.08788,galactic_dynamics,234,180,False,False,560,740,False,3.0
astrobench_b7b4f9944a,astrobench_b7b4f9944a_chunk_027,27,"describe the observations. The Predictive Posterior Check (PPC) carried out in this work, see Appendix. A and Fig. A2 & A3, show that the simulated data from our rigid MW–LMC models capture most of the observed data points well, although clearly some are not well represented. In Sec. 5, we removed any spurious data points, those lying 3 𝜎 away from the simulation data mean values, and trained a separate SBI posterior estimator. For the returned MW mass, removing the spurious velocity dispersion data points is important as it biased the mass estimate low by ∼ 10%. It remains the scope of a future study to determine whether our rigid models are the limitation here, or whether there are persistent substructures remaining in the data to produce the observed values. Nevertheless, accounting for more of the observational selection effects e.g., better matching the exact spatial distribution of the observed data, and adopting a better set of summary statistics (e.g., using spherical harmonic expansions for the velocity fields, Cunningham et al. 2020) will help to create more realistic MW–LMC models used",6.2 Caveats and Limitations,6.2 Caveats and Limitations,,,,,"Quantifying the Milky Way, LMC and their interaction using all-sky kinematics of outer halo stars","Richard A. N. Brooks, Jason L. Sanders, Adam M. Dillamore, Nicolás Garavito-Camargo, Vedant Chandra, Adrian M. Price-Whelan, Phillip Cargile",astro-ph.GA,2026-03-09T18:00:04Z,http://arxiv.org/abs/2603.08788v1,2603.08788,galactic_dynamics,234,180,False,False,700,880,False,3.0
astrobench_b7b4f9944a,astrobench_b7b4f9944a_chunk_028,28,"better matching the exact spatial distribution of the observed data, and adopting a better set of summary statistics (e.g., using spherical harmonic expansions for the velocity fields, Cunningham et al. 2020) will help to create more realistic MW–LMC models used to perform the inference. Finally, the choice of prior distribution for model parameters can influence the final inference result. In Brooks et al. (2026) we found the using either an informative or uninformative prior on the MW and LMC total masses had a negligible effect on the inference. To remove the effect of confirmation bias on our posteriors, we used uninformative priors on the MW and LMC masses in this work.",6.2 Caveats and Limitations,6.2 Caveats and Limitations,,,,,"Quantifying the Milky Way, LMC and their interaction using all-sky kinematics of outer halo stars","Richard A. N. Brooks, Jason L. Sanders, Adam M. Dillamore, Nicolás Garavito-Camargo, Vedant Chandra, Adrian M. Price-Whelan, Phillip Cargile",astro-ph.GA,2026-03-09T18:00:04Z,http://arxiv.org/abs/2603.08788v1,2603.08788,galactic_dynamics,145,111,False,False,840,951,False,3.0
astrobench_b7b4f9944a,astrobench_b7b4f9944a_chunk_029,29,"Quantifying the Milky Way, LMC and their interaction using all-sky kinematics of outer halo stars 6.3 The influence of the LMC on Milky Way mass inference In this section we investigate the importance of including an LMC with in simulation models when estimating the MW mass using velocity dispersion data. Often, the MW is assumed to be in a state of dynamical equilibrium when using velocity dispersion measure- MNRAS 000, 1–16 (2026) 12 R. A. N. Brooks et al. ments to constra in its mass (e.g., Jeans modelling, Jeans 1915; Binney & Tremaine 2008; Correa Magnus & Vasiliev 2022; Medina et al. 2025). Using the spherical Jeans equations (see pg. 350 of Binney & Tremaine 2008), and taking the values for the required parameters, i.e., those defining the MW potential and density profiles, one can calculate the radial and tangential velocity dispersion profiles prior to the LMC’s infall. Therefore, we can measure the radial and tangential velocity dispersions using the same set of distance bins as before when computing the velocity dispersions from the MW stellar haloes evolved in the",6.3 The influence of the LMC on Milky Way mass inference,6.3 The influence of the LMC on Milky Way mass inference,,,,,"Quantifying the Milky Way, LMC and their interaction using all-sky kinematics of outer halo stars","Richard A. N. Brooks, Jason L. Sanders, Adam M. Dillamore, Nicolás Garavito-Camargo, Vedant Chandra, Adrian M. Price-Whelan, Phillip Cargile",astro-ph.GA,2026-03-09T18:00:04Z,http://arxiv.org/abs/2603.08788v1,2603.08788,galactic_dynamics,234,180,False,False,0,180,False,3.0
astrobench_b7b4f9944a,astrobench_b7b4f9944a_chunk_030,30,"see Sec. 5. Interestingly, our findings are similar to Erkal et al. (2020) who found that the MW mass is biased to larger values by ∼ 5% for 𝑀 MW ( < 50 kpc) when accounting for the mean velocity motions of stars i.e., the reflex motion, and averaging over stars distributed across the entire sky. Therefore, with in our presented methodology, including the LMC to account for dynamical disequilibrium is essential to model the reflex motion in the mean kinematics of MW halo stars; however, the velocity dispersions rema in largely insensitive, yielding a relatively unbiased MW mass inference. This is similar to Sheng et al. (2025) who advocate that the LMC should be explicitly included in dynamical models, as mean stellar velocities primarily constra in the LMC, while the velocity dispersions constra in MW properties. Furthermore, as the velocity dispersions are proportional to the total mass contributing to a system, the theoretical expectation is that the velocity dispersions prior to the LMC’s infall will be smaller than those post infall. To investigate this, we measured the dispersions prior",6.3 The influence of the LMC on Milky Way mass inference,6.3 The influence of the LMC on Milky Way mass inference,,,,,"Quantifying the Milky Way, LMC and their interaction using all-sky kinematics of outer halo stars","Richard A. N. Brooks, Jason L. Sanders, Adam M. Dillamore, Nicolás Garavito-Camargo, Vedant Chandra, Adrian M. Price-Whelan, Phillip Cargile",astro-ph.GA,2026-03-09T18:00:04Z,http://arxiv.org/abs/2603.08788v1,2603.08788,galactic_dynamics,234,180,False,False,420,600,False,3.0
astrobench_b7b4f9944a,astrobench_b7b4f9944a_chunk_031,31,"Quantifying the Milky Way, LMC and their interaction using all-sky kinematics of outer halo stars A1 Coverage probability test A coverage probability test is one way to assess the accuracy of an estimated posterior. In Bayesian analysis, a coverage test checks whether credible intervals have the expected probabilities (see, Jeffrey et al. 2025, sec. 2.4 for a concise explanation). In a 1-dimensional posterior setting, one can define a particular credible interval to be the narrowest interval containing, for example, 68% of the probability weight. The Bayesian inference procedure takes in some observed data, 𝐷 obs, and determines a posterior distribution, 𝑝 ( 𝜃 | 𝐷 obs), and hence a credible interval for 𝜃. For a coverage test, one uses a test parameter, 𝜃 test, selected from the prior, 𝑝 ( 𝜃 ), as the input to a simulation that produces the corresponding output data point, 𝐷 test. From this, one can derive a posterior, 𝑝 ( 𝜃 | 𝐷 test), and therefore a credible interval. If the inference process has been correctly implemented, then the true test parameter value, 𝜃",A1 Coverage probability test,A1 Coverage probability test,,,,,"Quantifying the Milky Way, LMC and their interaction using all-sky kinematics of outer halo stars","Richard A. N. Brooks, Jason L. Sanders, Adam M. Dillamore, Nicolás Garavito-Camargo, Vedant Chandra, Adrian M. Price-Whelan, Phillip Cargile",astro-ph.GA,2026-03-09T18:00:04Z,http://arxiv.org/abs/2603.08788v1,2603.08788,galactic_dynamics,234,180,False,False,0,180,False,3.0
astrobench_b7b4f9944a,astrobench_b7b4f9944a_chunk_032,32,"of estimated posteriors by only using samples from the posterior. This technique is similar to simulation based calibration (Talts et al. 2018) but extends the idea to the full-dimensional posterior space instead of being restricted to 1-dimension. In Fig. A1, we demonstrate that the expected coverage does indeed match the credibility level for the estimated posteriors in this work conditioned using both the mean and dispersion velocity data from H3+SEGUE+MagE. This validates our neural posterior estimation as being truly representative of the probability that each of our model parameters has some true value with truly representative uncertainties. This can be further quantified in two ways. Firstly, we can compute the area between the ideal TARP curve and our posterior TARP curves for credibility intervals greater than 0. 5; namely, the Area To Curve (ATC) value. This number should be close to 0, a value ≫ 0 indicates an estimated posterior that is too wide, conversely, a value ≪ 0 indicates that the estimated posterior is too narrow. Secondly, we can calculate the p-value of a Kolmogorov-Smirnov test. The null hypothesis",A1 Coverage probability test,A1 Coverage probability test,,,,,"Quantifying the Milky Way, LMC and their interaction using all-sky kinematics of outer halo stars","Richard A. N. Brooks, Jason L. Sanders, Adam M. Dillamore, Nicolás Garavito-Camargo, Vedant Chandra, Adrian M. Price-Whelan, Phillip Cargile",astro-ph.GA,2026-03-09T18:00:04Z,http://arxiv.org/abs/2603.08788v1,2603.08788,galactic_dynamics,234,180,True,False,420,600,False,3.0
astrobench_b7b4f9944a,astrobench_b7b4f9944a_chunk_033,33,"Quantifying the Milky Way, LMC and their interaction using all-sky kinematics of outer halo stars A2 Predictive posterior check We carry out a ‘Posterior Predictive Check’ (PPC) to act as a complementary diagnostic test. This test makes use of the fact that if the inference has been correctly implemented, then any generated data, 𝐷 pp, using simulation parameters as sampled from the posterior, 𝜃 pp, should be similar to the observed data, 𝐷 obs (Lueckmann et al. 2021). A PPC provides intuition about any bias introduced in inference. For example, it can help to determine whether or not the generated data systematically differ from the observed data used during the inference. We carry out a PPC for the posterior conditioned on the mean and dispersion velocity data from H3+SEGUE+MagE. To do this, MNRAS 000, 1–16 (2026) 16 R. A. N. Brooks et al. we first sample model parameter values from these posterior distributions. We then re-run rigid MW–LMC simulations adopting these parameter values, generating output data as the mean and dispersion of the radial and tangential velocity measurements, which we",A2 Predictive posterior check,A2 Predictive posterior check,,,,,"Quantifying the Milky Way, LMC and their interaction using all-sky kinematics of outer halo stars","Richard A. N. Brooks, Jason L. Sanders, Adam M. Dillamore, Nicolás Garavito-Camargo, Vedant Chandra, Adrian M. Price-Whelan, Phillip Cargile",astro-ph.GA,2026-03-09T18:00:04Z,http://arxiv.org/abs/2603.08788v1,2603.08788,galactic_dynamics,234,180,True,False,0,180,False,3.0
astrobench_b7b4f9944a,astrobench_b7b4f9944a_chunk_034,34,"Brooks et al. we first sample model parameter values from these posterior distributions. We then re-run rigid MW–LMC simulations adopting these parameter values, generating output data as the mean and dispersion of the radial and tangential velocity measurements, which we can then use to compare to the observed data that was originally used to condition the posterior. In Fig. A2 and Fig. A3, we demonstrate the PCC for the posteriors conditioned on the full H3+SEGUE+MagE dataset i.e,. open blue contours in all figures. Using parameters sampled from this posterior, we show the generated data for the radial and tangential, mean and dispersion, velocity data as the viol in plot contours. The mean observed data points are shown as the same coloured markers; same points as in Fig. 1 and Fig. 2. Measurement errors are not shown because the generated data incorporates survey uncertainties. In most distance bins the observed data is found to be well represented by the generated simulation data. However, there are clearly some data points which are difficult to reconcile with the simulations. For example, the outermost",A2 Predictive posterior check,A2 Predictive posterior check,,,,,"Quantifying the Milky Way, LMC and their interaction using all-sky kinematics of outer halo stars","Richard A. N. Brooks, Jason L. Sanders, Adam M. Dillamore, Nicolás Garavito-Camargo, Vedant Chandra, Adrian M. Price-Whelan, Phillip Cargile",astro-ph.GA,2026-03-09T18:00:04Z,http://arxiv.org/abs/2603.08788v1,2603.08788,galactic_dynamics,234,180,False,False,140,320,False,3.0
astrobench_b7b4f9944a,astrobench_b7b4f9944a_chunk_035,35,"incorporates survey uncertainties. In most distance bins the observed data is found to be well represented by the generated simulation data. However, there are clearly some data points which are difficult to reconcile with the simulations. For example, the outermost bins in Q1 for the mean radial velocity, or similarly for the 3rd/4th Q4 bins for the radial velocity dispersions, are hard to expla in with the current modelling. This is likely a limitation of using reasonably simple rigid MW–LMC simulations which are able to capture global velocity perturbations, but struggle to capture smaller scale perturbations. Although, even 𝑁 -body deforming simulations (Garavi to-Camargo et al. 2019), struggle to reproduce these velocity trends in the northern Galactic hemisphere (see fig. 4, Chandra et al. 2025b). Potentially, some of these discrepancies between the observed and generated data could be due to unresolved substructure across these distances, for example stars stripped from the LMC (Chandra et al. 2025b). One of the advantages of SBI is the flexibility of choosing which data to tra in the inference network on. To investigate any biases",A2 Predictive posterior check,A2 Predictive posterior check,,,,,"Quantifying the Milky Way, LMC and their interaction using all-sky kinematics of outer halo stars","Richard A. N. Brooks, Jason L. Sanders, Adam M. Dillamore, Nicolás Garavito-Camargo, Vedant Chandra, Adrian M. Price-Whelan, Phillip Cargile",astro-ph.GA,2026-03-09T18:00:04Z,http://arxiv.org/abs/2603.08788v1,2603.08788,galactic_dynamics,234,180,False,False,280,460,False,3.0
astrobench_b7b4f9944a,astrobench_b7b4f9944a_chunk_036,36,"Quantifying the Milky Way, LMC and their interaction using all-sky kinematics of outer halo stars 6.1.1 The Milky Way To put the results from this study in context we make comparison with other previous literature values using a range of techniques and dynamical tracers to constra in the enclosed MW mass. In Fig. 8 we show the MW mass enclosed posterior conditioned on the H3+SEGUE+MagE after removing spurious data bins. The posterior median and 1 𝜎 are represented by the solid red lines and surrounding shaded area. Each literature value is shown as a numbered square, see figure caption for references, with the colour representing the observational tracer used; blue for stellar streams, brown for Blue Horizontal Branch (BHB) stars, pink for RR Lyrae (RRL) stars, teal for satellites and yellow for other stars. For the enclosed mass at 50 kpc, as shown in more detail in our Fig. 3, we find that our result is consistent with many others with in uncertainty (e.g., Williams et al. 2017; Erkal et al. 2019a; Koposov et al. 2023; Medina et al. 2025).",6.1.1 The Milky Way,6.1.1 The Milky Way,,,,,"Quantifying the Milky Way, LMC and their interaction using all-sky kinematics of outer halo stars","Richard A. N. Brooks, Jason L. Sanders, Adam M. Dillamore, Nicolás Garavito-Camargo, Vedant Chandra, Adrian M. Price-Whelan, Phillip Cargile",astro-ph.GA,2026-03-09T18:00:04Z,http://arxiv.org/abs/2603.08788v1,2603.08788,galactic_dynamics,234,180,False,False,0,180,False,2.5
astrobench_b7b4f9944a,astrobench_b7b4f9944a_chunk_037,37,"contours represent the posteriors conditioned using the means, or means and dispersions, of the stellar velocities, respectively. The red contours use the mean and dispersion data, but removing spurious data points. The contours delineate the 1 𝜎 and 2 𝜎 confidence intervals. For the 1D posterior panels we show the 16[th] − 84[th] percentiles as shaded regions. The measured mean and 1 𝜎 errors from Vasiliev et al. (2021, yellow cross), Yaaqib et al. (2024, orange diamond), Byström et al. (2025, blue circle) and Chandra et al. (2025b, red square) are shown in each panel for comparison. tracers. In Fig. 9 we show the LMC mass enclosed posterior conditioned on the H3+SEGUE+MagE after removing for spurious data bins. The posterior median and 1 𝜎 are represented by the solid red lines and surrounding shaded area. Each literature value is shown as a numbered square, see figure caption for references, with the colour representing the observational tracer used; blue for stellar streams, pink for Local Group, teal for satellites and yellow for LMC stars. With in 50 kpc, we find that",6.1.2 The LMC,6.1.2 The LMC,,,,,"Quantifying the Milky Way, LMC and their interaction using all-sky kinematics of outer halo stars","Richard A. N. Brooks, Jason L. Sanders, Adam M. Dillamore, Nicolás Garavito-Camargo, Vedant Chandra, Adrian M. Price-Whelan, Phillip Cargile",astro-ph.GA,2026-03-09T18:00:04Z,http://arxiv.org/abs/2603.08788v1,2603.08788,galactic_dynamics,234,180,False,False,140,320,False,2.5
astrobench_b7b4f9944a,astrobench_b7b4f9944a_chunk_038,38,"picture text -----<br> 25 11<br>20<br>8<br>9<br>15<br>7<br>10<br>6<br>10<br>5<br>5 4<br>12 3<br>25 50 75 100 125 150 175 200<br>r gal [kpc]<br>]<br>⊙<br> M<br>10<br>10<br>×<br>) [<br>< r<br>(<br>LMC<br>M<br>----- End of picture text -----<br> Figure 9. LMC mass profile: We show the posterior median and 1 𝜎 for the LMC enclosed mass as the red line and shaded region. Other previous literature values are shown as squares, coloured by the observational tracer used; blue for stellar streams, pink for Local Group, teal for satellites and yellow for LMC stars. The numerical values demonstrate the authors: 1 – van der Marel & Kallivayalil (2014), 2 – Cullinane et al. (2020), 3 – Watkins et al. (2024), 4 – Warren et al. (2025), 5/6 – Koposov et al. (2023), 7 – Erkal et al. (2019a), 8 – Shipp et al. (2021), 9 – Correa Magnus & Vasiliev (2022), 10 – Vasiliev et al. (2021) and 11 – Peñarrubia et al. (2016). The outermost literature values are total mass estimates, separated on the 𝑥 -axis for visualisation purposes. MNRAS 000, 1–16 (2026) Quantifying the MW and LMC with SBI 13",6.3 The influence of the LMC on Milky Way mass inference,6.3 The influence of the LMC on Milky Way mass inference,,,,,"Quantifying the Milky Way, LMC and their interaction using all-sky kinematics of outer halo stars","Richard A. N. Brooks, Jason L. Sanders, Adam M. Dillamore, Nicolás Garavito-Camargo, Vedant Chandra, Adrian M. Price-Whelan, Phillip Cargile",astro-ph.GA,2026-03-09T18:00:04Z,http://arxiv.org/abs/2603.08788v1,2603.08788,galactic_dynamics,231,177,False,False,980,1157,False,2.0
astrobench_b7b4f9944a,astrobench_b7b4f9944a_chunk_039,39,"Quantifying the Milky Way, LMC and their interaction using all-sky kinematics of outer halo stars APPENDIX A: POSTERIOR DIAGNOSTIC CHECKS Any posterior from a generative approach should be assessed for its accuracy through a variety of diagnostic tests to ga in trust that the inference has been successfully performed. To trust the results presented in this work we carry out posterior coverage probability checks and predictive posterior checks.",APPENDIX A: POSTERIOR DIAGNOSTIC CHECKS,APPENDIX A: POSTERIOR DIAGNOSTIC CHECKS,,,,,"Quantifying the Milky Way, LMC and their interaction using all-sky kinematics of outer halo stars","Richard A. N. Brooks, Jason L. Sanders, Adam M. Dillamore, Nicolás Garavito-Camargo, Vedant Chandra, Adrian M. Price-Whelan, Phillip Cargile",astro-ph.GA,2026-03-09T18:00:04Z,http://arxiv.org/abs/2603.08788v1,2603.08788,galactic_dynamics,89,68,False,False,0,68,False,2.0
astrobench_c59a82f3b2,astrobench_c59a82f3b2_chunk_000,0,"Comparing dynamical effects of the central bar and the spiral arms in the solar neighborhood 3.GALACTIC POTENTIAL MODEL Here, we briefly describe the 2D model for the Galactic potential and refer the reader to Michtchenko et al. (2017, 2018a) for more details. The model considers the contribution of several axisymmetric components, such as stellar and gaseous disks, a central bulge and a dark matter halo, whose physical and structural parameters are adjusted by the observed rotation curve. In addition, there are two non-axisymmetric components, the four-arm spiral pattern and the central bar, which are represented through analytical modeling.",3.GALACTIC POTENTIAL MODEL,3.GALACTIC POTENTIAL MODEL,,,,,Comparing dynamical effects of the central bar and the spiral arms in the solar neighborhood,"Willian Y. Nacafucasaco, Tatiana A. Michtchenko, Douglas Barros, Jacques Lépine",astro-ph.GA,2026-02-28T20:23:14Z,http://arxiv.org/abs/2603.00800v1,2603.00800,galactic_dynamics,128,98,False,False,0,98,True,5.0
astrobench_c59a82f3b2,astrobench_c59a82f3b2_chunk_001,1,"Comparing dynamical effects of the central bar and the spiral arms in the solar neighborhood 6.DYNAMICAL VIEW OF THE MOVING GROUPS From a dynamical point of view, CRs and LRs should be responsible for observable features in the disk, such as, for instance, changes in the stellar/gas density distributions. In order to identify the resonances that play a role in forming the MGs, we construct dynamical maps of the SNd and superimpose the star groups on them. The construction of the maps is based on the peculiar behavior of the stars orbiting in the resonances, which we observed in Fig. 5: the smooth evolution of the orbital elements over a grid of initial conditions is sharply changed when a resonance is approached. The spectral analysis technique links this behavior with a chaos indicator, which is visualized on the planes that represent initial conditions (for more details on the spectral analysis method and its applications in the Galactic dynamics studies, we refer the reader to Michtchenko et al. (2002) 2 The notation ± m: n represents the LRs, where m and",6.DYNAMICAL VIEW OF THE MOVING GROUPS,6.DYNAMICAL VIEW OF THE MOVING GROUPS,,,,,Comparing dynamical effects of the central bar and the spiral arms in the solar neighborhood,"Willian Y. Nacafucasaco, Tatiana A. Michtchenko, Douglas Barros, Jacques Lépine",astro-ph.GA,2026-02-28T20:23:14Z,http://arxiv.org/abs/2603.00800v1,2603.00800,galactic_dynamics,234,180,False,False,0,180,False,3.0
astrobench_c59a82f3b2,astrobench_c59a82f3b2_chunk_002,2,"represent initial conditions (for more details on the spectral analysis method and its applications in the Galactic dynamics studies, we refer the reader to Michtchenko et al. (2002) 2 The notation ± m: n represents the LRs, where m and n are simple integers. The positive sign indicates the inner LR, while the negative sign denotes the outer LR. and Michtchenko et al. (2017, 2018a), respectively). In the next, we present the dynamical maps on the pR – Lz and R – Lz planes and compare them with the distribution of the observable structures shown in Fig. 2.",6.DYNAMICAL VIEW OF THE MOVING GROUPS,6.DYNAMICAL VIEW OF THE MOVING GROUPS,,,,,Comparing dynamical effects of the central bar and the spiral arms in the solar neighborhood,"Willian Y. Nacafucasaco, Tatiana A. Michtchenko, Douglas Barros, Jacques Lépine",astro-ph.GA,2026-02-28T20:23:14Z,http://arxiv.org/abs/2603.00800v1,2603.00800,galactic_dynamics,128,98,False,False,140,238,False,3.0
astrobench_c59a82f3b2,astrobench_c59a82f3b2_chunk_003,3,"of our sample’s completeness region, its influence zone reaches as far as the HMG II group. All BLRs (bar’s LRs) that appear on the map are outer resonances; of these, the most prominent -2:1 BLR is very close to the upper border of the completeness zone. We can suggest that the “Hat” feature in the star distribution (see Fig. 7 right in Hunt & Vasiliev 2025), may be associated with the overlap of the strong -2:1 BLR and the -8:1 SLR. However, the simulations performed by Barros et al. (2020) (which do not conta in a bar, only the spiral model), clearly reproduce both the Hercules and Hat features, often used to measure the bar pettern speed. The two large MGs, Sirius and Coma-Berenices, cannot be associated with any significant BLRs. The Hyades/Pleiades group is crossed by the sufficiently strong -4:1 BLR. However, the effective area of this resonance around the Hyades/Pleiades group is reduced, because its unstable center corresponds to the observable phase angle of the bar of 115 deg. However, it is expected that its overlap with the",6.1....on the pR–Lz plane,6.1....on the pR–Lz plane,,,,,Comparing dynamical effects of the central bar and the spiral arms in the solar neighborhood,"Willian Y. Nacafucasaco, Tatiana A. Michtchenko, Douglas Barros, Jacques Lépine",astro-ph.GA,2026-02-28T20:23:14Z,http://arxiv.org/abs/2603.00800v1,2603.00800,galactic_dynamics,234,180,False,False,280,460,False,3.0
astrobench_c59a82f3b2,astrobench_c59a82f3b2_chunk_004,4,"The HMG II group, a component of the Hercules moving group, appears as a effect of the 8:1 SLR, while HMG I is more closely aligned with the -6:1 SLR generated by the central bar (see Fig. 7 bottom). The Hyades/Pleiades group is clearly affected by the strong -4:1 BLR of the bar, even if the group’s position matches the location of the unstable center of this resonance. The other MGs cannot be associated with the effect of any BLR. The most prominent bar resonance zones, the BCR and the -2:1 BLR, are beyond the completeness interval of the observational data, indicating that these resonances cannot expla in the dynamical orig in of structures close to the SNd.",6.2....on the R–Lz plane,6.2....on the R–Lz plane,,,,,Comparing dynamical effects of the central bar and the spiral arms in the solar neighborhood,"Willian Y. Nacafucasaco, Tatiana A. Michtchenko, Douglas Barros, Jacques Lépine",astro-ph.GA,2026-02-28T20:23:14Z,http://arxiv.org/abs/2603.00800v1,2603.00800,galactic_dynamics,154,118,False,False,420,538,False,3.0
astrobench_c59a82f3b2,astrobench_c59a82f3b2_chunk_005,5,"orbit in the n:1 LR is equal to the integer n. The loops extend outward from the rotational motion in the 8:1 SLR, while they are oriented inward for the -12:1 SLR. Due to these resonant features, distant stars are able to travel in to the SNd. In a nearly resonant configuration, the stellar orbits exhibit loops slowly precessing around the Galactic center, moving backward for inner LRs and forward for outer LRs. In contrast, with in the resonance, the loops oscillate around positions identified as stable stationary points of the resonance. This leads to a concentration of stars in areas associated with resonant stable configurations, thereby increasing the stellar density in these regions and resulting in the formation of the MGs. For example, for one orbit in the 8:1 SLR, the time which the star spends in one loop is approximately 130 Myr, in one rotation around the Galactic center is 1 Gyr, while the synodic period of the oscillation of the loop around the resonance center is 5.5 Gyr. The numerical simulations performed in Barros et al. (2020)",7.RESONANT ORBITS AS A POSSIBLE ORIGIN OF THE MOVING GROUPS,7.RESONANT ORBITS AS A POSSIBLE ORIGIN OF THE MOVING GROUPS,,,,,Comparing dynamical effects of the central bar and the spiral arms in the solar neighborhood,"Willian Y. Nacafucasaco, Tatiana A. Michtchenko, Douglas Barros, Jacques Lépine",astro-ph.GA,2026-02-28T20:23:14Z,http://arxiv.org/abs/2603.00800v1,2603.00800,galactic_dynamics,234,180,False,False,280,460,False,3.0
astrobench_c59a82f3b2,astrobench_c59a82f3b2_chunk_006,6,"p. In this way, the best-fit estimate for Ω p presented in Kalda & Green (2025) could correspond to the central bar or the spiral arms, each rotating at an angular velocity of 28.2 ± 0.1 km s [−]1 kpc [−]1. However, we can also note in Fig. 10 that the forms and intensities of the LRs are significantly influenced by the model used to represent the 11 non-axisymmetric components of the Galactic potential. Thus, comparing two planes, we conclude that the resonance zones of the spirals align more closely with the MGs positions, despite the spiral force function being less intense than that of the central bar in the region of the SNd (see Fig. 3).",8.PARAMETRIC PLANES,8.PARAMETRIC PLANES,,,,,Comparing dynamical effects of the central bar and the spiral arms in the solar neighborhood,"Willian Y. Nacafucasaco, Tatiana A. Michtchenko, Douglas Barros, Jacques Lépine",astro-ph.GA,2026-02-28T20:23:14Z,http://arxiv.org/abs/2603.00800v1,2603.00800,galactic_dynamics,153,117,False,False,840,957,False,3.0
astrobench_c59a82f3b2,astrobench_c59a82f3b2_chunk_007,7,"Comparing dynamical effects of the central bar and the spiral arms in the solar neighborhood 2.1.Moving groups and diagonal ridges Figure 2 shows the classical MGs (left panel; see Antoja et al. 2014) and the DRs (right panel), calculated with objects from our sample. The density distribution of the sample stars from the region with in the distance of 200 pc from the Sun is shown in the momentum space pR – Lz ( pR and Lz being the radial velocity and the vertical component of the angular momentum, respectively). The phase plane R – Lz (right panel) shows the distribution of the median value of the radial velocity pR, calculated in bins of 0.012 kpc × 0.007 kpc2 Myr [−]1. Using the same variable pR to construct both representative planes, we establish a link between them for the sake of comparison. Indeed, the horizontal dashed arrows connect the substructures of the MGs near the Sun (left panel) to the DRs (right panel), which extend well beyond the Sun’s proximity. Thus, we can assume that the two planes in Fig.",2.1.Moving groups and diagonal ridges,2.1.Moving groups and diagonal ridges,,,,,Comparing dynamical effects of the central bar and the spiral arms in the solar neighborhood,"Willian Y. Nacafucasaco, Tatiana A. Michtchenko, Douglas Barros, Jacques Lépine",astro-ph.GA,2026-02-28T20:23:14Z,http://arxiv.org/abs/2603.00800v1,2603.00800,galactic_dynamics,234,180,False,False,0,180,False,2.0
astrobench_c59a82f3b2,astrobench_c59a82f3b2_chunk_008,8,"spiral arms perturbations (top plane) and bar’s perturbations (bottom panel). The average values of Vφ are plotted with red dots; they closely align the analytic rotation curve, showing deviations only near the borders of the resonances. The ma in effects of the perturbation observed in Fig. 5 are the sharp increases in the gradual change of Vφ relative to R. They are originated by Lindblad resonances2 (LRs), which excite the Vφ –amplitudes. The ma in LRs are indicated by vertical dashed lines and are labeled in Fig. 5. The evolution of the velocity in the corotation zones is indicated by blue dots on both graphs.","5.HAMILTONIAN TOPOLOGY, COROTATION ZONES AND LINDBLAD RESONANCES","5.HAMILTONIAN TOPOLOGY, COROTATION ZONES AND LINDBLAD RESONANCES",,,,,Comparing dynamical effects of the central bar and the spiral arms in the solar neighborhood,"Willian Y. Nacafucasaco, Tatiana A. Michtchenko, Douglas Barros, Jacques Lépine",astro-ph.GA,2026-02-28T20:23:14Z,http://arxiv.org/abs/2603.00800v1,2603.00800,galactic_dynamics,137,105,False,False,840,945,False,2.0
astrobench_c59a82f3b2,astrobench_c59a82f3b2_chunk_009,9,"its influence zone3 incorporate three large MGs, Coma-Berenices, Hyades/Pleiades and Sirius. The Sun, whose position is shown by a star symbol, also belongs to the SCR zone. It is worth mentioning that these groups are oriented along the boundary of the spiral corotation zone that can be related with the large amplitudes of the Lz –variation with in the corotation (see Fig. 8 below). Similar slopes are significantly smaller for the two Hercules groups, HMG I and HMG II, aligned along a constant Lz -level; their locations are associated with the 12:1 SLR and 8:1 SLR, respectively. The corotation zone of the bar is located in the smaller Lz –values and only its upper border is visible on the dynamical map in Fig. 6 (right panel). However, even though the BCR (CR of the bar) is below the lower boundary of our sample’s completeness region, its influence zone reaches as far as the HMG II group. All BLRs (bar’s LRs) that appear on the map are outer resonances; of these, the most prominent -2:1 BLR is very close to the",6.1....on the pR–Lz plane,6.1....on the pR–Lz plane,,,,,Comparing dynamical effects of the central bar and the spiral arms in the solar neighborhood,"Willian Y. Nacafucasaco, Tatiana A. Michtchenko, Douglas Barros, Jacques Lépine",astro-ph.GA,2026-02-28T20:23:14Z,http://arxiv.org/abs/2603.00800v1,2603.00800,galactic_dynamics,234,180,False,False,140,320,False,2.0
astrobench_c59a82f3b2,astrobench_c59a82f3b2_chunk_010,10,"in the resonances -6:1 (left top panel) and - 4:1 (right top panel), and the motion of their turn points on the Poincar´e map (bottom panel) is plotted by the green and blue chains of islands, respectively. When comparing the resonant orbits and dynamical structures of the maps for both the spiral arm and bar models, we can observe notable qualitative similarities, with differences mainly in quantitative characteristics. Thus, the ma in effects of small perturbations that originated from a non-axisymmetric structure on the axisymmetric disk are resonances whose symmetry, positions, and amplitudes will depend on the chosen parameters. The vertical component of the angular momentum, Lz, is fundamental in examining the effect of perturbations on the orbits of stars. In fact, in an unperturbed problem, Lz is an integral of stellar motion. In the perturbed, but non-resonant case, the Lz –variations are small that can be observed on the Poincar´e maps as slight undulations of the nearly constant Lz –values (Figs. 8–9). When approaching a resonance, the amplitude of the Lz oscillation increases, finally achieving its peak values at",7.RESONANT ORBITS AS A POSSIBLE ORIGIN OF THE MOVING GROUPS,7.RESONANT ORBITS AS A POSSIBLE ORIGIN OF THE MOVING GROUPS,,,,,Comparing dynamical effects of the central bar and the spiral arms in the solar neighborhood,"Willian Y. Nacafucasaco, Tatiana A. Michtchenko, Douglas Barros, Jacques Lépine",astro-ph.GA,2026-02-28T20:23:14Z,http://arxiv.org/abs/2603.00800v1,2603.00800,galactic_dynamics,234,180,False,False,700,880,False,2.0
astrobench_c59a82f3b2,astrobench_c59a82f3b2_chunk_011,11,"Lz –variations are small that can be observed on the Poincar´e maps as slight undulations of the nearly constant Lz –values (Figs. 8–9). When approaching a resonance, the amplitude of the Lz oscillation increases, finally achieving its peak values at the resonant state. The variation of Lz may be used as a resonance measurement: elongations of HMG I and II in relation to the constant Lz could be linked to high-order LRs, while the significant slopes of the groups Sirius, Coma-Berenices and Hyades/Pleiades in the momentum space are influenced by SCR induced by the spiral arm.",7.RESONANT ORBITS AS A POSSIBLE ORIGIN OF THE MOVING GROUPS,7.RESONANT ORBITS AS A POSSIBLE ORIGIN OF THE MOVING GROUPS,,,,,Comparing dynamical effects of the central bar and the spiral arms in the solar neighborhood,"Willian Y. Nacafucasaco, Tatiana A. Michtchenko, Douglas Barros, Jacques Lépine",astro-ph.GA,2026-02-28T20:23:14Z,http://arxiv.org/abs/2603.00800v1,2603.00800,galactic_dynamics,125,96,False,False,840,936,False,2.0
astrobench_c59a82f3b2,astrobench_c59a82f3b2_chunk_012,12,"This suggests that the Hyades/Pleiades group is probably formed by the overlap of SCR with -4:1 BLR, which could expla in this bimodality observed in Fig. 2. Looking specifically at the Hercules group in both planes in Fig. 10, it is observed that HMG I (group IV) is very close to 12:1 SLR and -6:1 BLR, while HMG II (group V) is close to 8:1 SLR and -8:1 BLR. However, according to our numerical tests, only a small fraction of these stars are actually captured in the resonances. This is in part due to the density of the Hercules group being higher at smaller radial distances, as shown in Michtchenko et al. (2018b). Examining Fig. 10, we observe that the positions of the LRs on both planes are similar, since they are mainly determined by the chosen value of Ω p. In this way, the best-fit estimate for Ω p presented in Kalda & Green (2025) could correspond to the central bar or the spiral arms, each rotating at an angular velocity of 28.2 ± 0.1 km s [−]1 kpc",8.PARAMETRIC PLANES,8.PARAMETRIC PLANES,,,,,Comparing dynamical effects of the central bar and the spiral arms in the solar neighborhood,"Willian Y. Nacafucasaco, Tatiana A. Michtchenko, Douglas Barros, Jacques Lépine",astro-ph.GA,2026-02-28T20:23:14Z,http://arxiv.org/abs/2603.00800v1,2603.00800,galactic_dynamics,234,180,False,False,700,880,False,2.0
astrobench_c59a82f3b2,astrobench_c59a82f3b2_chunk_013,13,"Comparing dynamical effects of the central bar and the spiral arms in the solar neighborhood COMPARING DYNAMICAL EFFECTS OF THE CENTRAL BAR AND THE SPIRAL ARMS IN THE SOLAR NEIGHBORHOOD Willian Nacafucasaco1, Tatiana Michtchenko1, Douglas Barros2, and Jacques L´epine1 1Universidade de S˜ao Paulo, IAG, Rua do Mat˜ao, 1226, Cidade Universit´aria, 05508-090 S˜ao Paulo, Brazil 2Escola T´ecnica Estadual Professor Agamenon Magalh˜aes, Avenida Jo˜ao de Barros, 1769, Espinheiro, 52021-180, Recife, Brazil (Dated: March 3, 2026) Draft version March 3, 2026",COMPARING DYNAMICAL EFFECTS OF THE CENTRAL BAR AND THE SPIRAL ARMS IN THE SOLAR NEIGHBORHOOD,COMPARING DYNAMICAL EFFECTS OF THE CENTRAL BAR AND THE SPIRAL ARMS IN THE SOLAR NEIGHBORHOOD,,,,,Comparing dynamical effects of the central bar and the spiral arms in the solar neighborhood,"Willian Y. Nacafucasaco, Tatiana A. Michtchenko, Douglas Barros, Jacques Lépine",astro-ph.GA,2026-02-28T20:23:14Z,http://arxiv.org/abs/2603.00800v1,2603.00800,galactic_dynamics,102,78,False,False,0,78,False,1.0
astrobench_c59a82f3b2,astrobench_c59a82f3b2_chunk_014,14,"of comparison. Indeed, the horizontal dashed arrows connect the substructures of the MGs near the Sun (left panel) to the DRs (right panel), which extend well beyond the Sun’s proximity. Thus, we can assume that the two planes in Fig. 2 represent a same phenomenon, produced due to gravitational effects of the bar and/or spiral arms; we analyze the dynamical maps on these planes in the following sections.",2.1.Moving groups and diagonal ridges,2.1.Moving groups and diagonal ridges,,,,,Comparing dynamical effects of the central bar and the spiral arms in the solar neighborhood,"Willian Y. Nacafucasaco, Tatiana A. Michtchenko, Douglas Barros, Jacques Lépine",astro-ph.GA,2026-02-28T20:23:14Z,http://arxiv.org/abs/2603.00800v1,2603.00800,galactic_dynamics,89,68,False,False,140,208,False,1.0
astrobench_c59a82f3b2,astrobench_c59a82f3b2_chunk_015,15,"-4:1 BLR. However, the effective area of this resonance around the Hyades/Pleiades group is reduced, because its unstable center corresponds to the observable phase angle of the bar of 115 deg. However, it is expected that its overlap with the SCR would produce significant dynamical effects. Finally, two HMG are very close to the -6:1 BLR.",6.1....on the pR–Lz plane,6.1....on the pR–Lz plane,,,,,Comparing dynamical effects of the central bar and the spiral arms in the solar neighborhood,"Willian Y. Nacafucasaco, Tatiana A. Michtchenko, Douglas Barros, Jacques Lépine",astro-ph.GA,2026-02-28T20:23:14Z,http://arxiv.org/abs/2603.00800v1,2603.00800,galactic_dynamics,73,56,False,False,420,476,False,1.0
astrobench_15ca427d22,astrobench_15ca427d22_chunk_000,0,"A Low-mass Model of The Milky Way: The Disk Warp Resulting from A Galaxy Merger 2.MODEL AND SIMULATION In our previous work (Deng et al. 2024), we developed a realistic merger model for the MW. This model successfully reproduced the Galactic disk warp, capturing almost all its observed features. However, recent studies (Jiao et al. 2023; Ou et al. 2023) suggest that the MW rotation curve declines more rapidly at larger radii. Therefore, an improved model is needed to accurately represent the mass distribution of the galaxy. The numerical initial conditions (ICs) were generated using the Disk Initial Conditions Environment (DICE) code (Perret et al. 2014; Perret 2016). Density profiles for DM, stars, and gas were input in to DICE as distribution functions. These functions were then used to generate Lagrangian particles via the Metropolis-Hastings Monte Carlo Markov Cha in algorithm (Metropolis et al. 1953). The mass resolution is 1 × 105 M ⊙ for baryonic particles and DM particles, such resolution is sufficient to track the warp structures, as the presence of warp has also been observed in some",2.MODEL AND SIMULATION,2.MODEL AND SIMULATION,,,,,A Low-mass Model of The Milky Way: The Disk Warp Resulting from A Galaxy Merger,"Mingji Deng, Cuihua Du, Jian Zhang, Haoyang Liu, Zhongbcheng Li",astro-ph.GA,2026-01-29T12:41:33Z,http://arxiv.org/abs/2601.21638v1,2601.21638,galactic_dynamics,234,180,True,False,0,180,True,5.0
astrobench_15ca427d22,astrobench_15ca427d22_chunk_001,1,"A Low-mass Model of The Milky Way: The Disk Warp Resulting from A Galaxy Merger 5.3.Comparing with the flatten DM halo model In our previous study, we successfully reproduced the disk warp using a gas-rich GSE merger model, in which the progenitor galaxy was modeled following Naidu et al. (2021). In that model, the DM halo was represented using a Hernquist profile (Hernquist 1990) and a standard flattened distribution. In the current work, we adopt an Einas to profile to reproduce the declining rotation curve, which lead to a different gravitational potential on the disk plane. Figure 11 shows comparison of two different model’s evolution of disk warp amplitude, which are both on a 55 [◦] inclination, clearly indicating that the flattened DM halo model produces a stronger warp. We mark the moments when each model reaches its maximum amplitude and the MW-like warp amplitude with dots in the top panel of Figure 11. The bottom panels compare the m = 1 mode acceleration amplitudes on the disk plane. The left panel shows the MW-like warp, with an amplitude of",5.3.Comparing with the flatten DM halo model,5.3.Comparing with the flatten DM halo model,,,,,A Low-mass Model of The Milky Way: The Disk Warp Resulting from A Galaxy Merger,"Mingji Deng, Cuihua Du, Jian Zhang, Haoyang Liu, Zhongbcheng Li",astro-ph.GA,2026-01-29T12:41:33Z,http://arxiv.org/abs/2601.21638v1,2601.21638,galactic_dynamics,234,180,True,True,0,180,True,5.0
astrobench_15ca427d22,astrobench_15ca427d22_chunk_002,2,"and the MW-like warp amplitude with dots in the top panel of Figure 11. The bottom panels compare the m = 1 mode acceleration amplitudes on the disk plane. The left panel shows the MW-like warp, with an amplitude of approximately ∼ 1 kpc at R = 16 kpc), where solid lines represent the DM acceleration with in R ≤ 20 kpc and the DM mass for decline model is about 1. 3 × 1011 M ⊙, for the flatten model is 1. 9 × 1011 M ⊙, and dashed lines show the acceleration from 20 kpc ≤ R ≤ 50 kpc, the DM mass in this range is about 3. 3 × 1010 M ⊙ and 2. 24 × 1011 M ⊙ for decline and flatten model respectively. We observe that similar warp amplitudes can result from similar acceleration magnitudes, even in different mass distribution models. In the declining DM model, most of the mass is concentrated in the inner region (R ≤ 2. 5 kpc), resulting in gravitational acceleration amplitudes that are an order of magnitude higher than",5.3.Comparing with the flatten DM halo model,5.3.Comparing with the flatten DM halo model,,,,,A Low-mass Model of The Milky Way: The Disk Warp Resulting from A Galaxy Merger,"Mingji Deng, Cuihua Du, Jian Zhang, Haoyang Liu, Zhongbcheng Li",astro-ph.GA,2026-01-29T12:41:33Z,http://arxiv.org/abs/2601.21638v1,2601.21638,galactic_dynamics,234,180,False,True,140,320,True,5.0
astrobench_15ca427d22,astrobench_15ca427d22_chunk_003,3,"magnitudes, even in different mass distribution models. In the declining DM model, most of the mass is concentrated in the inner region (R ≤ 2. 5 kpc), resulting in gravitational acceleration amplitudes that are an order of magnitude higher than those of the flattened model in the inner region. Specifically, the outer halo acceleration is one to two orders of magnitude weaker than that from the central region. The right panel shows the maximum warp amplitudes for each model: approximately ∼ 5. 4 kpc for the flattened model and ∼ 2. 7 kpc for the declining model. While the outer halo acceleration remains nearly unchanged, the central DM halo shows a significant increase in acceleration. The central acceleration amplitude in the flattened model is roughly twice that of the declining model. As shown in Figure 11, although the models adopt different DM halo profiles, the resulting disk warps are driven by similar gravitational strengths originating from the inner halo. An increase in acceleration on the disk plane corresponds to an increase in disk warp amplitude. Although the decline model may",5.3.Comparing with the flatten DM halo model,5.3.Comparing with the flatten DM halo model,,,,,A Low-mass Model of The Milky Way: The Disk Warp Resulting from A Galaxy Merger,"Mingji Deng, Cuihua Du, Jian Zhang, Haoyang Liu, Zhongbcheng Li",astro-ph.GA,2026-01-29T12:41:33Z,http://arxiv.org/abs/2601.21638v1,2601.21638,galactic_dynamics,234,180,False,False,280,460,True,5.0
astrobench_15ca427d22,astrobench_15ca427d22_chunk_004,4,"different DM halo profiles, the resulting disk warps are driven by similar gravitational strengths originating from the inner halo. An increase in acceleration on the disk plane corresponds to an increase in disk warp amplitude. Although the decline model may not be sufficient on its own to fully expla in the evolution of the MW warp during its later stages, its contribution should not be overlooked. The model may still account for part of the present-day warp amplitude. Another scenario is proposed by Koop et al. (2024), who suggest that repeated perturbations from satellite passages have significantly disturbed the MW disk, rendering its rotation curve unreliable for mass estimation. This might imply that the halo profile is still flattened in reality.",5.3.Comparing with the flatten DM halo model,5.3.Comparing with the flatten DM halo model,,,,,A Low-mass Model of The Milky Way: The Disk Warp Resulting from A Galaxy Merger,"Mingji Deng, Cuihua Du, Jian Zhang, Haoyang Liu, Zhongbcheng Li",astro-ph.GA,2026-01-29T12:41:33Z,http://arxiv.org/abs/2601.21638v1,2601.21638,galactic_dynamics,158,121,False,False,420,541,True,5.0
astrobench_15ca427d22,astrobench_15ca427d22_chunk_005,5,"A Low-mass Model of The Milky Way: The Disk Warp Resulting from A Galaxy Merger 4.2.Kinematic warp model In the previous subsection, we examined the evolution of the Galactic warp, emphasizing that its rapid changes in amplitude reveal the inherently dynamical nature of warps. Understanding this dynamism is essential for tracing the formation history of galaxies and determining the mass distribution of their halos. The changing geometry of the warp can be characterized by the variation in the direction of its lines of nodes (LONs), which precess at a rate ω. This relationship is given by ϕw ( t ) = ϕw, 0 + ωt where ϕw, 0 denotes the current position of the LONs. A time-dependent 9 warp model based on this framework is presented by Poggio et al. (2020): ==> picture [406 x 22] intentionally omitted <== Here hw ( R ) = a ( R−Rw ) [b], as described in Eq. 1, VZ represents the mean vertical velocity and Vϕ represents the mean azimuthal velocity. To simplify the calculations, we neglect the time derivative term [∂h] ∂t[w]",4.2.Kinematic warp model,4.2.Kinematic warp model,,,,,A Low-mass Model of The Milky Way: The Disk Warp Resulting from A Galaxy Merger,"Mingji Deng, Cuihua Du, Jian Zhang, Haoyang Liu, Zhongbcheng Li",astro-ph.GA,2026-01-29T12:41:33Z,http://arxiv.org/abs/2601.21638v1,2601.21638,galactic_dynamics,234,180,False,True,0,180,True,4.5
astrobench_15ca427d22,astrobench_15ca427d22_chunk_006,6,"hw ( R ) = a ( R−Rw ) [b], as described in Eq. 1, VZ represents the mean vertical velocity and Vϕ represents the mean azimuthal velocity. To simplify the calculations, we neglect the time derivative term [∂h] ∂t[w] and minimize the length of the R bin and assume that ω remains constant with respect to R. Although the warp is evolving, our calculations show that this approximation has little effect on the precession results. Under these assumptions, the model can be expressed in the same form as Equation 7 in Poggio et al. (2020): ==> picture [343 x 21] intentionally omitted <== Using this kinematic model, once the geometric shape is determined by fitting Eq.7, we can substitute the parameters hw and ϕ to measure the precession rate ω based on the simulation’s kinematic data. For this analysis, we select young stars (age < 1. 5 Gyr) with in the radial range R = 7 − 17 kpc. The region is then divided in to 20 radial bins to track and plot the temporal evolution of ω. Figure",4.2.Kinematic warp model,4.2.Kinematic warp model,,,,,A Low-mass Model of The Milky Way: The Disk Warp Resulting from A Galaxy Merger,"Mingji Deng, Cuihua Du, Jian Zhang, Haoyang Liu, Zhongbcheng Li",astro-ph.GA,2026-01-29T12:41:33Z,http://arxiv.org/abs/2601.21638v1,2601.21638,galactic_dynamics,234,180,False,True,140,320,True,4.5
astrobench_15ca427d22,astrobench_15ca427d22_chunk_007,7,"algorithm (Metropolis et al. 1953). The mass resolution is 1 × 105 M ⊙ for baryonic particles and DM particles, such resolution is sufficient to track the warp structures, as the presence of warp has also been observed in some lower resolution cosmological simulation such as TNG100 (Semczuk et al. 2020). The modeling approach in this study utilizes the GIZMO code (Hopkins 2015). We implemented a star formation and feedback module following Wang et al. (2012), enabling gas particles to convert in to stellar particles and vice versa through feedback mechanisms. GIZMO is a variant of the smooth particle hydrodynamics code Gadget-3, employing Adaptive Gravity Softening (see details in Hopkins et al. 2018).",2.MODEL AND SIMULATION,2.MODEL AND SIMULATION,,,,,A Low-mass Model of The Milky Way: The Disk Warp Resulting from A Galaxy Merger,"Mingji Deng, Cuihua Du, Jian Zhang, Haoyang Liu, Zhongbcheng Li",astro-ph.GA,2026-01-29T12:41:33Z,http://arxiv.org/abs/2601.21638v1,2601.21638,galactic_dynamics,147,113,True,False,140,253,True,4.0
astrobench_15ca427d22,astrobench_15ca427d22_chunk_008,8,"we select young stars (age < 1. 5 Gyr) with in the radial range R = 7 − 17 kpc. The region is then divided in to 20 radial bins to track and plot the temporal evolution of ω. Figure 5 shows time evolution of stellar disk precession across different inclination groups. Long-term prograde precession is more frequently observed in the high-inclination group, although transient high prograde precession is also occasionally observed in the low-inclination group, it appears as a temporary feature and is generally dominated by retrograde precession for the majority of the simulation time. The disk warp can be described as an m = 1 bending wave propagating in a kinematically cool disk. Such a wave can be viewed as the superposition of ‘fast’ (+) and ‘slow’ ( − ) waves circulating with frequencies ω = m Ω( R ) ± ν ( R ), where Ω( R ) is the angular rotation curve, ν ( R ) is the vertical frequency, and m-fold rotational symmetry is assumed. The inclusion of the disk’s selfgravity raises ν ( R",4.2.Kinematic warp model,4.2.Kinematic warp model,,,,,A Low-mass Model of The Milky Way: The Disk Warp Resulting from A Galaxy Merger,"Mingji Deng, Cuihua Du, Jian Zhang, Haoyang Liu, Zhongbcheng Li",astro-ph.GA,2026-01-29T12:41:33Z,http://arxiv.org/abs/2601.21638v1,2601.21638,galactic_dynamics,234,180,False,True,280,460,True,4.0
astrobench_15ca427d22,astrobench_15ca427d22_chunk_009,9,"prograde, with a frequency ω depending strongly on R for most radii, so differential rotation winds it up rapidly and it decays. The ‘slow’ wave, on the other hand, is retrograde and circulates with frequency only weakly depending on R for most radii. This wave is thus expected to wind up slowly and be long-lived. In other words, prograde waves generally disappear quickly, except for persistent disturbances. In addition, according to Eq. 10, a positive ω (prograde precession) leads to a reduction in the vertical velocity of the disk. Conversely, retrograde precession increases the vertical velocity. Therefore, when the disk is in a high prograde but transient precession phase, the warp amplitude often reaches a minimum in a short time of its evolution, and a low prograde but long-lasting precession, the warp amplitude is in the process of continuous attenuation For example, these behaviors can be seen during the periods of 3 − 3. 5 Gyr and 5 − 5. 5 Gyr in the 15 [◦] inclination, and during the period of 3 − 11 Gyr of the 75 [◦]",4.2.Kinematic warp model,4.2.Kinematic warp model,,,,,A Low-mass Model of The Milky Way: The Disk Warp Resulting from A Galaxy Merger,"Mingji Deng, Cuihua Du, Jian Zhang, Haoyang Liu, Zhongbcheng Li",astro-ph.GA,2026-01-29T12:41:33Z,http://arxiv.org/abs/2601.21638v1,2601.21638,galactic_dynamics,234,180,False,False,560,740,True,4.0
astrobench_15ca427d22,astrobench_15ca427d22_chunk_010,10,"R ) ± ν ( R ), where Ω( R ) is the angular rotation curve, ν ( R ) is the vertical frequency, and m-fold rotational symmetry is assumed. The inclusion of the disk’s selfgravity raises ν ( R ), making bending waves more stable, i.e. stiffer (contrary to density waves) – see Binney & Tremaine (2008). For a given rotation curve ω ( R ), bending waves can only propagate in regions that satisfy the condition ==> picture [299 x 13] intentionally omitted <== where Ω p = ω/m is the pattern speed and νh is the frequency of vertical oscillation contributed by the halo potential. This defines, for m = 1, a ‘forbidden’ region, Ω − νh < Ω p < Ω+ νh, where bending waves cannot propagate. Generally, ν > Ω, so the ‘fast’ wave is prograde, with a frequency ω depending strongly on R for most radii, so differential rotation winds it up rapidly and it decays. The ‘slow’ wave, on the other hand, is retrograde and circulates with frequency only weakly depending on R",4.2.Kinematic warp model,4.2.Kinematic warp model,,,,,A Low-mass Model of The Milky Way: The Disk Warp Resulting from A Galaxy Merger,"Mingji Deng, Cuihua Du, Jian Zhang, Haoyang Liu, Zhongbcheng Li",astro-ph.GA,2026-01-29T12:41:33Z,http://arxiv.org/abs/2601.21638v1,2601.21638,galactic_dynamics,234,180,False,True,420,600,True,3.5
astrobench_15ca427d22,astrobench_15ca427d22_chunk_011,11,"A Low-mass Model of The Milky Way: The Disk Warp Resulting from A Galaxy Merger 2.2.Milky Way The MW mass is determined based on the hypothesis that the GSE merger was a major merger with a mass ratio of 2.5: 1 (Belokurov et al. 2018; Naidu et al. 2021). Therefore, the virial mass of the MW is set to be 1. 8 × 1011 M ⊙. Additionally, we require an appropriate representation of the MW during the merger epoch. Ages derived from various methods suggest that nearly all of the current high- α /thick disk and the bulge formed at z > 1. Therefore, we model the MW at z ∼ 2 as a combination of the present-day thick disk, gas disk, and bulge. Xiang et al. (2025) studied the age-dependent structure and star formation rate of the MW disk using high- α stars with substantial orbital angular momentum and precise age determinations. Referring to Fig. 4 in their work, we set the stellar disk mass at approximately 1. 5 × 1010 M ⊙ at z ∼ 2. Using the",2.2.Milky Way,2.2.Milky Way,,,,,A Low-mass Model of The Milky Way: The Disk Warp Resulting from A Galaxy Merger,"Mingji Deng, Cuihua Du, Jian Zhang, Haoyang Liu, Zhongbcheng Li",astro-ph.GA,2026-01-29T12:41:33Z,http://arxiv.org/abs/2601.21638v1,2601.21638,galactic_dynamics,234,180,False,False,0,180,False,3.0
astrobench_15ca427d22,astrobench_15ca427d22_chunk_012,12,"using high- α stars with substantial orbital angular momentum and precise age determinations. Referring to Fig. 4 in their work, we set the stellar disk mass at approximately 1. 5 × 1010 M ⊙ at z ∼ 2. Using the size-mass relation (SMR), the disk scale length ( R⋆ ) is set to be 2 kpc. The disk thickness is set to 0. 4 × R⋆, based on Fig. 3 in Xiang et al. (2025). The gas fraction of the MW progenitor is set at 0.667. The scale length of the gas disk is 3 × R ⋆, with a thickness of half scale length. Both disks follow an exponential + sech-z profile. For the MW bulge at z ∼ 2, we adopt the Bulge-E model from Jiao et al. (2023), with a mass of 1. 95 × 1010 M ⊙ and a scale length ( Rb ) of 0.9 kpc. The bulge is modeled using an Einas to profile (Einas to 1965), analogous to the S´ersic profile (S´ersic 1968) but applicable to three-dimensional mass density distributions (Coe 2010). This",2.2.Milky Way,2.2.Milky Way,,,,,A Low-mass Model of The Milky Way: The Disk Warp Resulting from A Galaxy Merger,"Mingji Deng, Cuihua Du, Jian Zhang, Haoyang Liu, Zhongbcheng Li",astro-ph.GA,2026-01-29T12:41:33Z,http://arxiv.org/abs/2601.21638v1,2601.21638,galactic_dynamics,234,180,True,False,140,320,False,3.0
astrobench_15ca427d22,astrobench_15ca427d22_chunk_013,13,"influence vertical disturbances in galactic disks. Therefore, we varied the inclination angle while keeping all other parameters constant, setting angles from 15 [◦] to 75 [◦] with intervals of 15 [◦]. In our previous work, we modeled the inclination angle as 55 [◦], this angle is included aga in here. All inclination angles considered in this simulation are: 15 [◦], 30 [◦], 45 [◦], 55 [◦], 60 [◦], and 75 [◦]. In the DICE configuration, five parameters define the orbit: the polar angle ( θ ) and azimuthal angle ( φ ) of the orbital plane’s normal vector, and the sp in angles ( θ 1, θ 2, κ ). Here, θ 1 and θ 2 represent the angles between the sp in vectors of each galaxy and the orbital plane, respectively, while κ denotes the angle between the two sp in vectors (more detail in Fig. 2 of Perret et al. 2014). For example, to position two galaxies on a retrograde orbit with opposite spins and a 15 [◦] inclination, we set the parameters as ( θ, φ, θ",2.4.Orbital Parameters,2.4.Orbital Parameters,,,,,A Low-mass Model of The Milky Way: The Disk Warp Resulting from A Galaxy Merger,"Mingji Deng, Cuihua Du, Jian Zhang, Haoyang Liu, Zhongbcheng Li",astro-ph.GA,2026-01-29T12:41:33Z,http://arxiv.org/abs/2601.21638v1,2601.21638,galactic_dynamics,234,180,False,False,140,320,False,3.0
astrobench_15ca427d22,astrobench_15ca427d22_chunk_014,14,"5 km 2 s 2)<br>3] ]<br> kpc )[M R<br>( <<br> [M<br>DM total<br>M<br>]deg[Angle log)(n<br>Triaxiality<br>Tilt<br>----- End of picture text -----<br> Figure 2. Top left panel shows the DM density profile along with the radius. Top middle panel shows mass enclosed with in a given radius of DM halo. It can be observed that the mass of the dark matter halo in our model is concentrated with in 0. 2 rvir. Top right panel is the anisotropy parameter β of the stellar halo (blue solid line) and the DM halo (gray solid line) with Galactocentric distance in a spherical coordinate system. Bottom left panel shows the triaxiality of the DM halo, which is measured with DM particles for each bins, as the radius is divided in to 100 bins with the same number of particles from 0 to rvir, the dense polylines around ∼ 0. 1 rvir exhibits a highly oblate shape. Bottom middle panel is the tilt angle between DM halo’s short axis with the disk plane in each radius bins, and it shows an increasing trend from the center outward. Bottom",3.DM HALO IN SIMULATION,3.DM HALO IN SIMULATION,,,,,A Low-mass Model of The Milky Way: The Disk Warp Resulting from A Galaxy Merger,"Mingji Deng, Cuihua Du, Jian Zhang, Haoyang Liu, Zhongbcheng Li",astro-ph.GA,2026-01-29T12:41:33Z,http://arxiv.org/abs/2601.21638v1,2601.21638,galactic_dynamics,234,180,False,False,140,320,False,3.0
astrobench_15ca427d22,astrobench_15ca427d22_chunk_015,15,"∼ 0. 1 rvir exhibits a highly oblate shape. Bottom middle panel is the tilt angle between DM halo’s short axis with the disk plane in each radius bins, and it shows an increasing trend from the center outward. Bottom right panel shows hist profile of DM halo energy distribution with in rvir. for the 15 [◦] inclination case as an example, as differences between various inclination angle settings are negligible. Observational data from Jiao et al. (2023) and Ou et al. (2023) are included for comparison, demonstrating good agreement with our simulation. The rotation curve exhibits no flattening and shows a noticeable decline beyond ∼ 15 kpc. Since the outer region of the RC mainly depends on the DM profile, additional details of the DM halo are provided in Figure 2. The virial radius ( R vir) of this MW model is about 131.05 kpc, defined as the radius with in which the average dark matter density equals 200 times the critical density of the universe ( ρ cr). This value is slightly higher than the 121.03 and 123.80",3.DM HALO IN SIMULATION,3.DM HALO IN SIMULATION,,,,,A Low-mass Model of The Milky Way: The Disk Warp Resulting from A Galaxy Merger,"Mingji Deng, Cuihua Du, Jian Zhang, Haoyang Liu, Zhongbcheng Li",astro-ph.GA,2026-01-29T12:41:33Z,http://arxiv.org/abs/2601.21638v1,2601.21638,galactic_dynamics,234,180,False,False,280,460,False,3.0
astrobench_15ca427d22,astrobench_15ca427d22_chunk_016,16,"Z-axis), we are able to determine the tilt angle. Our measurement indicate that the major and intermediate axes are degenerate, a scenario also observed in Kazantzidis et al. (2004) and Shao et al. (2021). This degeneracy renders the measurement unstable if these axes are used. However, the minor axis is nondegenerate and can be reliably used to measure the tilt angle of the DM halo with respect to the disk plane. In the bottom panel of Figure 2, we analyze the DM halo by this method, dividing the radius in to 100 bins, each containing an equal number (17191) of DM particles. The dense polylines are concentrated with in 0. 2 rvir, indicating that the inner DM halo is more prolate, which corresponds to the formation of a dark matter bar. Meanwhile, in the densest region, the halo exhibits a highly oblate shape. The triaxiality varies only slightly with increasing radius. The tilt angle of each bin shows an increasing trend from the center outward. However the angles are highly consistent with in 0. 2 rvir, indicating that the dark",3.DM HALO IN SIMULATION,3.DM HALO IN SIMULATION,,,,,A Low-mass Model of The Milky Way: The Disk Warp Resulting from A Galaxy Merger,"Mingji Deng, Cuihua Du, Jian Zhang, Haoyang Liu, Zhongbcheng Li",astro-ph.GA,2026-01-29T12:41:33Z,http://arxiv.org/abs/2601.21638v1,2601.21638,galactic_dynamics,234,180,False,False,980,1160,False,3.0
astrobench_15ca427d22,astrobench_15ca427d22_chunk_017,17,"indicate the evolution of the DM halo’s tilted angle with respect to the disk panel, derived by tracking the short axis of the DM halo. The halo evolution shows distinct behaviors roughly based on inclination: high-inclination models ( i > 45 [◦] ), and low-inclination models ( i ≤ 45 [◦] ), they both reta in tilted with respect to the disk all the time. warp and Rw is the onset radius of the warp. This model was employed by Chen et al. (2019) to accurately fit the Cepheid tracers, prompting us to select stars with in the young stars’ age range in the simulation for comparison with the Cepheid data. As Chen et al. (2019) note, the parameters of a, b and Rw show a clear correlation, whereas ϕw is a more independent parameter in the geometric warp model. Consequently, while different studies might yield varying a, b and Rw values, ϕw tends to be more consistent across measurements of the Galactic warp. Figure 4 illustrates the time evolution of the warp amplitude in the stellar and gas disks.",3.DM HALO IN SIMULATION,3.DM HALO IN SIMULATION,,,,,A Low-mass Model of The Milky Way: The Disk Warp Resulting from A Galaxy Merger,"Mingji Deng, Cuihua Du, Jian Zhang, Haoyang Liu, Zhongbcheng Li",astro-ph.GA,2026-01-29T12:41:33Z,http://arxiv.org/abs/2601.21638v1,2601.21638,galactic_dynamics,234,180,False,False,1680,1860,False,3.0
astrobench_15ca427d22,astrobench_15ca427d22_chunk_018,18,"choice of sampling does not affect our final conclusions. Overall, we mainta in that choosing young stars ensures the robustness of our results while being more realistic with observations. Since the Galactic stellar and gas disks exhibit similar warp amplitudes, the stellar and gas disks with in the same inclination group also show comparable evolutionary trends in Figure 4. This suggests they are dominated by the same evolutionary mechanism or influenced by the same gravitational potential. In high-inclination groups, the warp amplitude is larger during the early stages, possibly due to the higher vertical angular momentum of the merger orbit. Most notably, a regeneration mechanism appears in the warp evolution. At times, the disk warp amplitude declines to a near-flat state, only to regenerate and rise aga in to a new peak. Since the simulation involves only a single initial merger event, this persistent, quasi-periodic regeneration provides strong evidence that the warp is driven by long-lived internal processes.",3.DM HALO IN SIMULATION,3.DM HALO IN SIMULATION,,,,,A Low-mass Model of The Milky Way: The Disk Warp Resulting from A Galaxy Merger,"Mingji Deng, Cuihua Du, Jian Zhang, Haoyang Liu, Zhongbcheng Li",astro-ph.GA,2026-01-29T12:41:33Z,http://arxiv.org/abs/2601.21638v1,2601.21638,galactic_dynamics,206,158,False,False,2380,2538,False,3.0
astrobench_15ca427d22,astrobench_15ca427d22_chunk_019,19,"that matches the observational features. However, after examining all available snapshots, we did not find a satisfactory match. As discussed in the previous section, the primary source of disk disturbance in our model is the gravitational influence of the DM halo. In this merger model, the dynamic coupling between the DM halo and the disk in the later evolutionary stages, resulting in reduced gravitational disturbance. This trend is evident in Figure 4 and the right panel of Figure 9. During the evolution, the disk warp undergoes repeated cycles of disappearance and regeneration. However, the peak amplitude of each regeneration event gradually decreases over time, which agrees with the observed general decrease in warp amplitude with decreasing redshift (Vladimir et al. 2025). Since gravitational disturbance scales with mass, this low-mass model struggles to produce high warp amplitudes in the later stages. As noted in Section 4.2, observed prograde precession tends to reduce vertical velocity and thereby suppress warp amplitude. This suggests that the Galactic warp may have had a larger amplitude in the past. Therefore, an additional source of gravitational disturbance",5.1.Comparing with the Galactic warp,5.1.Comparing with the Galactic warp,,,,,A Low-mass Model of The Milky Way: The Disk Warp Resulting from A Galaxy Merger,"Mingji Deng, Cuihua Du, Jian Zhang, Haoyang Liu, Zhongbcheng Li",astro-ph.GA,2026-01-29T12:41:33Z,http://arxiv.org/abs/2601.21638v1,2601.21638,galactic_dynamics,234,180,True,False,140,320,False,3.0
astrobench_15ca427d22,astrobench_15ca427d22_chunk_020,20,"disk plane, analyzed at the ”MW-like” epoch ( left ) and the ”Max Amplitude” epoch ( right ). The solid lines represent the acceleration contribution from the inner halo ( R ≤ 20 kpc), while the dashed lines represent the contribution from the outer halo (20 ≤ R ≤ 50 kpc). The flattened model produces a stronger maximum warp ∼ 5. 4 kpc compared to the Declining model ∼ 2. 7 kpc. Crucially, the decomposition reveals that the warp is predominantly driven by the inner halo ( R ≤ 20 kpc, solid lines), where the acceleration is 1–2 orders of magnitude stronger than that from the outer halo (dashed lines). driven by baryonic particles is generally less than one-tenth of that provided by dark matter particles, except for the interval between 4–5 Gyr when the halo contribution is at a local minimum. Furthermore, we find no obvious correlation between the baryonic acceleration and the evolution of the warp amplitude. Consequently, we conclude that, unlike the dark matter halo, the external baryonic mass is not the primary driver of the disk",5.2.Comparing with the baryonic vertical acceleration,5.2.Comparing with the baryonic vertical acceleration,,,,,A Low-mass Model of The Milky Way: The Disk Warp Resulting from A Galaxy Merger,"Mingji Deng, Cuihua Du, Jian Zhang, Haoyang Liu, Zhongbcheng Li",astro-ph.GA,2026-01-29T12:41:33Z,http://arxiv.org/abs/2601.21638v1,2601.21638,galactic_dynamics,234,180,False,False,560,740,False,3.0
astrobench_15ca427d22,astrobench_15ca427d22_chunk_021,21,"⊙ and a scale length ( Rb ) of 0.9 kpc. The bulge is modeled using an Einas to profile (Einas to 1965), analogous to the S´ersic profile (S´ersic 1968) but applicable to three-dimensional mass density distributions (Coe 2010). This choice is reasonable given that the S´ersic profile is widely used to fit galaxy surface densities. Combining the above components, the total mass is set at 6. 72 × 1010 M ⊙. This value aligns with the baryonic mass of approximately 6 × 1010 M ⊙ reported by Jiao et al. (2023) and Ou et al. (2023).",2.2.Milky Way,2.2.Milky Way,,,,,A Low-mass Model of The Milky Way: The Disk Warp Resulting from A Galaxy Merger,"Mingji Deng, Cuihua Du, Jian Zhang, Haoyang Liu, Zhongbcheng Li",astro-ph.GA,2026-01-29T12:41:33Z,http://arxiv.org/abs/2601.21638v1,2601.21638,galactic_dynamics,127,97,True,False,280,377,False,2.0
astrobench_15ca427d22,astrobench_15ca427d22_chunk_022,22,"to noise or numerical artifacts. However, several distinct phase-coherent features can still be identified, particularly during 7. 5 − 8. 5 Gyr and 9. 5 − 10. 5 Gyr. This inconsistency may stem from limited spatial resolution. The gravitational field was calculated on a 100 × 100 grid, whereas displacement and velocity were computed using all th in disk particles with in the same spatial range. The mismatch in spatial resolution and the dispersion of disk particles likely contribute to phase inconsistencies in the later stages, where the warp amplitude also decreases, as shown in Figure 4. The velocity phase of Figure 8 shows a phase offset of approximately 90 [◦] relative to the acceleration. For example, regions with phase ∼− 50 [◦] (green) in the velocity map correspond to phase ∼ 50 [◦] (blue) in the acceleration map. Additionally, the temporal evolution of the two phases shows similar trends. For instance, around 6. 9 Gyr, both acceleration and velocity phases are decreasing, from green ( ∼− 50 [◦] ) to yellow ( ∼− 100 [◦] ) for the velocity",4.3.Perturbation from the DM halo,4.3.Perturbation from the DM halo,,,,,A Low-mass Model of The Milky Way: The Disk Warp Resulting from A Galaxy Merger,"Mingji Deng, Cuihua Du, Jian Zhang, Haoyang Liu, Zhongbcheng Li",astro-ph.GA,2026-01-29T12:41:33Z,http://arxiv.org/abs/2601.21638v1,2601.21638,galactic_dynamics,234,180,False,False,1680,1860,False,2.0
astrobench_15ca427d22,astrobench_15ca427d22_chunk_023,23,"amplitude exhibit a simultaneous decline. 15 Crucially, these periods of secular decay correspond to the phases of sustained prograde precession observed in Figure 5. As discussed in Section 4.2, prograde precession ( ω > 0) is kinematically associated with a reduction in the disk’s vertical velocity. This reduction reflects the continuous damping of the gravitational perturbation, indicating that the angular momenta of the DM halo and the disk are converging. This provides a physical explanation for why long-lived prograde precession is prevalent in high-inclination groups: the large initial misalignments ( θtilt > 20 [◦] ) necessitate a prolonged phase of alignment. During this phase, the disk experiences a continuously decaying yet persistent gravitational torque, which sustains the prograde bending wave.",4.3.Perturbation from the DM halo,4.3.Perturbation from the DM halo,,,,,A Low-mass Model of The Milky Way: The Disk Warp Resulting from A Galaxy Merger,"Mingji Deng, Cuihua Du, Jian Zhang, Haoyang Liu, Zhongbcheng Li",astro-ph.GA,2026-01-29T12:41:33Z,http://arxiv.org/abs/2601.21638v1,2601.21638,galactic_dynamics,156,120,False,False,3360,3480,False,2.0
astrobench_15ca427d22,astrobench_15ca427d22_chunk_024,24,"due to major mergers naturally flattens the decline of the rotation curve, imposing strict constraints on the initial mass concentrations of progenitor galaxies. After extensive testing, we determined α parameters of 3.5 for the MW progenitor and 3.25 for the GSE progenitor. Corresponding scale lengths ( Rd ) were calculated to be 12. 867 kpc and 8. 02 kpc, respectively.",2.3.Dark Matter Profile,2.3.Dark Matter Profile,,,,,A Low-mass Model of The Milky Way: The Disk Warp Resulting from A Galaxy Merger,"Mingji Deng, Cuihua Du, Jian Zhang, Haoyang Liu, Zhongbcheng Li",astro-ph.GA,2026-01-29T12:41:33Z,http://arxiv.org/abs/2601.21638v1,2601.21638,galactic_dynamics,78,60,False,False,280,340,False,1.0
astrobench_d82fccf1ca,astrobench_d82fccf1ca_chunk_000,0,"Stirring Things Up: Bar-induced substructures in the stellar halo of a cosmological Milky Way analogue 1 INTRODUCTION The notion that the Milky Way is a barred spiral galaxy was first proposed by de Vaucouleurs (1964) and further supported by Binney et al. (1991), Blitz & Spergel (1991) and Englmaier & Gerhard (1999), among others. The bar is a feature the Milky Way has in common with around two thirds of spiral galaxies in the local universe (Menéndez-Delmestre et al. 2007; Sheth et al. 2008), with similar fractions already found in the 1960s by de Vaucouleurs (1963). Bars are known to drive the exchange of angular momentum with in galaxies (Lynden-Bell & Kalnajs 1972) and to thus couple the evolution of stellar discs to their surrounding haloes. Early experiments with numerical simulations over half a century ago by Ostriker & Peebles (1973) showed that a stellar disc embedded in the poten- ★ E-mail: thomas.j.tomlinson@durham.ac.uk tial of a massive halo can be stabilised against the formation of a bar. Subsequent studies showed that a ‘live’ dark matter halo (i.e., one in which",1 INTRODUCTION,1 INTRODUCTION,,,,,Stirring Things Up: Bar-induced substructures in the stellar halo of a cosmological Milky Way analogue,"Thomas Tomlinson, Francesca Fragkoudi, Andreia Carrillo, Azadeh Fattahi, Paula Gherghinescu, Alis Deason, Rüdiger Pakmor, Robert J. J. Grand, Facundo A. Gómez, Freeke van de Voort, Rebekka Bieri",astro-ph.GA,2026-01-20T19:14:36Z,http://arxiv.org/abs/2601.14409v1,2601.14409,galactic_dynamics,234,180,False,False,0,180,True,5.0
astrobench_d82fccf1ca,astrobench_d82fccf1ca_chunk_001,1,"momentum (LyndenBell & Kalnajs 1972). The amount of angular momentum that can be exchanged at the resonances relies on a delicate balance between this ‘absorbing’ and ‘emitting’ resonant material (Athanassoula 2003). While the aforementioned theoretical studies have explored the interaction between the stellar disc and the dark matter halo via the bar, little attention has been paid to the consequences of this angular momentum transfer on the stellar halo. This changed with the recent work by Dillamore et al. (2023, 2024), who used test particle simulations to show that stars in the stellar halo, which are trapped in resonance by the bar, will form overdensities in phase space and in the space of integrals of motion, such as energy, 𝐸, and the vertical component of the angular momentum, 𝐿 𝑧. Furthermore, by using data from Gaia DR3 (Gaia Collaboration et al. 2023), they find an overdensity in 𝐸 − 𝐿 𝑧 in the stellar halo of the Milky Way, which they deduce is caused by stars trapped in corotation with the bar. Previously, substructures in 𝐸 − 𝐿 𝑧 space",1 INTRODUCTION,1 INTRODUCTION,,,,,Stirring Things Up: Bar-induced substructures in the stellar halo of a cosmological Milky Way analogue,"Thomas Tomlinson, Francesca Fragkoudi, Andreia Carrillo, Azadeh Fattahi, Paula Gherghinescu, Alis Deason, Rüdiger Pakmor, Robert J. J. Grand, Facundo A. Gómez, Freeke van de Voort, Rebekka Bieri",astro-ph.GA,2026-01-20T19:14:36Z,http://arxiv.org/abs/2601.14409v1,2601.14409,galactic_dynamics,234,180,True,False,420,600,True,5.0
astrobench_d82fccf1ca,astrobench_d82fccf1ca_chunk_002,2,"al. 2023), they find an overdensity in 𝐸 − 𝐿 𝑧 in the stellar halo of the Milky Way, which they deduce is caused by stars trapped in corotation with the bar. Previously, substructures in 𝐸 − 𝐿 𝑧 space in the stellar halo have been associated with accretion of satellite galaxies, as established by the work of Helmi & de Zeeuw (2000). These authors used numerical simulations to show that in the case of a static axisymmetric potential, overdensities in 𝐸 − 𝐿 𝑧 space are largely conserved, even after several Gyrs and after the satellite has been completely disrupted in configuration space. The last decade has seen many advancements in the study of the Milky Way’s stellar halo and the search for substructures in the Galaxy, which have largely been made possible by the launch of the Gaia satellite and its more than 1.8 billion measurements of positions on the sky, parallaxes, and proper motions of stars in the Milky Way (Gaia Collaboration et al. 2016, 2023). In synergy with dedicated large spectroscopic surveys such as APOGEE (Majewski",1 INTRODUCTION,1 INTRODUCTION,,,,,Stirring Things Up: Bar-induced substructures in the stellar halo of a cosmological Milky Way analogue,"Thomas Tomlinson, Francesca Fragkoudi, Andreia Carrillo, Azadeh Fattahi, Paula Gherghinescu, Alis Deason, Rüdiger Pakmor, Robert J. J. Grand, Facundo A. Gómez, Freeke van de Voort, Rebekka Bieri",astro-ph.GA,2026-01-20T19:14:36Z,http://arxiv.org/abs/2601.14409v1,2601.14409,galactic_dynamics,234,180,False,False,560,740,True,5.0
astrobench_d82fccf1ca,astrobench_d82fccf1ca_chunk_003,3,"satellite and its more than 1.8 billion measurements of positions on the sky, parallaxes, and proper motions of stars in the Milky Way (Gaia Collaboration et al. 2016, 2023). In synergy with dedicated large spectroscopic surveys such as APOGEE (Majewski et al. 2017), DESI (Cooper et al. 2023), and upcoming surveys such as 4MOST (de Jong et al. 2019) among others, it is now possible to study the dynamics and chemistry of the stellar halo of the Milky Way on a star-by-star basis for a significant fraction of stars. Among the first discoveries enabled by Gaia was the discovery of a massive merger which dominates the halo of the Milky Way with in 15-20 kpc from the centre, dubbed the Gaia Sausage/Enceladus (GSE) merger (Belokurov et al. 2018; Helmi et al. 2018; Haywood et al. 2018; Naidu et al. 2020). In 𝐸 − 𝐿 𝑧 space, the GSE occupies a large region in the area around 𝐿 𝑧 = 0. Several other overdensities in 𝐸 − 𝐿 𝑧 space have been associated with other merger events. Some examples of these",1 INTRODUCTION,1 INTRODUCTION,,,,,Stirring Things Up: Bar-induced substructures in the stellar halo of a cosmological Milky Way analogue,"Thomas Tomlinson, Francesca Fragkoudi, Andreia Carrillo, Azadeh Fattahi, Paula Gherghinescu, Alis Deason, Rüdiger Pakmor, Robert J. J. Grand, Facundo A. Gómez, Freeke van de Voort, Rebekka Bieri",astro-ph.GA,2026-01-20T19:14:36Z,http://arxiv.org/abs/2601.14409v1,2601.14409,galactic_dynamics,234,180,True,True,700,880,True,5.0
astrobench_d82fccf1ca,astrobench_d82fccf1ca_chunk_004,4,"works have used test particle simulations to explore bar-induced resonances (Dillamore et al. 2023, 2024), these do not provide information on the assembly of the galaxy. Cosmological simulations model the formation and evolution of galaxies self-consistently with in the ΛCDM context; we can separate stars in to those that are born in the ma in galaxy (in-situ) as well as those that have been accreted over time (ex-situ), while also incorporating information about the ages and elemental abundances of stellar populations in the halo. We leverage these aspects in our current study, using a newly-developed high-resolution (800 M⊙) cosmological zoom-in simulation of a Milky Way analogue with a stellar bar. The bar in this simulation, as we shall see, causes prominent overdensities in the stellar halo of the system. We investigate which resonances cause these overdensities in 𝐸 − 𝐿 𝑧 space and what they might tell us about the evolution of our Galaxy and the search for substructures, both secular and merger-induced. The paper is structured as follows: Section 2 describes the simulation and analysis tools we use; Section",1 INTRODUCTION,1 INTRODUCTION,,,,,Stirring Things Up: Bar-induced substructures in the stellar halo of a cosmological Milky Way analogue,"Thomas Tomlinson, Francesca Fragkoudi, Andreia Carrillo, Azadeh Fattahi, Paula Gherghinescu, Alis Deason, Rüdiger Pakmor, Robert J. J. Grand, Facundo A. Gómez, Freeke van de Voort, Rebekka Bieri",astro-ph.GA,2026-01-20T19:14:36Z,http://arxiv.org/abs/2601.14409v1,2601.14409,galactic_dynamics,234,180,False,False,1120,1300,True,5.0
astrobench_d82fccf1ca,astrobench_d82fccf1ca_chunk_005,5,"Stirring Things Up: Bar-induced substructures in the stellar halo of a cosmological Milky Way analogue 5 CONCLUSIONS While bars have long been known to induce resonances in their surrounding dark matter haloes (e.g. Athanassoula 2002), little is known about how they affect the stellar haloes of their host galaxy. Recent studies of Gaia data and test particle simulations, have suggested that bar resonances can induce substructures in the stellar halo, visible in 𝐸 − 𝐿 𝑧 space (Dillamore et al. 2023, 2024). In this work, we use a high-resolution cosmological zoom-in simulation from the Auriga Superstars suite, to show that such bar-induced substructures are present in the accreted stellar halo of a Milky Way analogue. This is the first such detection in a cosmological simulation, which allows us to study bar-induced substructures along with the assembly history and chemical enrichment of the galaxy. Our results can be summarised as follows: (i) We find that the bar-induced resonances, such as the retrograde and prograde 1:1, corotation and Outer Lindblad Resonance, cause a number of overdensities or ridges in 𝐸 − 𝐿",5 CONCLUSIONS,5 CONCLUSIONS,,,,,Stirring Things Up: Bar-induced substructures in the stellar halo of a cosmological Milky Way analogue,"Thomas Tomlinson, Francesca Fragkoudi, Andreia Carrillo, Azadeh Fattahi, Paula Gherghinescu, Alis Deason, Rüdiger Pakmor, Robert J. J. Grand, Facundo A. Gómez, Freeke van de Voort, Rebekka Bieri",astro-ph.GA,2026-01-20T19:14:36Z,http://arxiv.org/abs/2601.14409v1,2601.14409,galactic_dynamics,234,180,False,False,0,180,True,5.0
astrobench_d82fccf1ca,astrobench_d82fccf1ca_chunk_006,6,"that this cannot be associated with a single accretion event. (v) By exploring the orbits of resonant stars, we find that they can migrate between orbital families, switching between the corotation and retrograde 1:1 resonance and vice versa, thus changing between being prograde and retrograde. (vi) We explore the scattering of stars at the 1:1 retrograde resonance, finding that stars become more circularised with more negative angular momentum, i.e. they are scattered from regions of 𝐿 𝑧 ∼ 0 towards more negative 𝐿 𝑧 and lower energies. This is confirmed by tracing the evolution of the radial action and angular momentum of resonant 1:1 stars since bar formation, finding that their 𝐽𝑅 and 𝐿 𝑧 decrease. (vii) We find that the retrograde part of the ridge, which corresponds to the 1:1 resonance, has a slope equal to the bar pattern speed. We expla in the reason for this by exploring the scattering of stars at the resonances in 𝐸 − 𝐿 𝑧 and action space. If such a ridge were to be identified in the Milky Way, it could provide",5 CONCLUSIONS,5 CONCLUSIONS,,,,,Stirring Things Up: Bar-induced substructures in the stellar halo of a cosmological Milky Way analogue,"Thomas Tomlinson, Francesca Fragkoudi, Andreia Carrillo, Azadeh Fattahi, Paula Gherghinescu, Alis Deason, Rüdiger Pakmor, Robert J. J. Grand, Facundo A. Gómez, Freeke van de Voort, Rebekka Bieri",astro-ph.GA,2026-01-20T19:14:36Z,http://arxiv.org/abs/2601.14409v1,2601.14409,galactic_dynamics,234,180,False,False,280,460,True,5.0
astrobench_d82fccf1ca,astrobench_d82fccf1ca_chunk_007,7,"speed. We expla in the reason for this by exploring the scattering of stars at the resonances in 𝐸 − 𝐿 𝑧 and action space. If such a ridge were to be identified in the Milky Way, it could provide an independent measure of the bar’s pattern speed. (iix) The bar-induced ridge has a higher metallicity than the surrounding stars. This is caused by the preferential trapping of metalrich stars in the resonances, which in turn is due to where these are deposited in phase space by the various accretion events taking place in the galaxy. Exploring the stellar halo of the Milky Way in spaces of integrals of motion, such as 𝐸 − 𝐿 𝑧, provides an opportunity to uncover the accretion history of our Galaxy. Our study suggests that this space can also be used to uncover information about the Galaxy’s bar and its coupling with the stellar halo. However, our results also suggest the need for caution when associating substructures in 𝐸 − 𝐿 𝑧 space – even when combined with chemical information – to distinct accretion",5 CONCLUSIONS,5 CONCLUSIONS,,,,,Stirring Things Up: Bar-induced substructures in the stellar halo of a cosmological Milky Way analogue,"Thomas Tomlinson, Francesca Fragkoudi, Andreia Carrillo, Azadeh Fattahi, Paula Gherghinescu, Alis Deason, Rüdiger Pakmor, Robert J. J. Grand, Facundo A. Gómez, Freeke van de Voort, Rebekka Bieri",astro-ph.GA,2026-01-20T19:14:36Z,http://arxiv.org/abs/2601.14409v1,2601.14409,galactic_dynamics,234,180,False,False,420,600,True,5.0
astrobench_d82fccf1ca,astrobench_d82fccf1ca_chunk_008,8,"in 𝐸 − 𝐿 𝑧 space, sinking to lower energies due to dynamical friction, separate clumps form as it loses stars at consecutive pericentric passages. Furthermore, in-situ stars can also form overdensities by being redistributed after being heated by a merger. In addition to this, in non-axisymmetric potentials, such as a galaxy with a bar, like the Milky Way, the energy and angular momentum are no longer conserved along a given orbit. However, the combination of the two via the Jacobi Energy, 𝐸 𝐽, ==> picture [244 x 9] intentionally omitted <== is conserved (Binney & Tremaine 2008). Thus, substructures caused by mergers can be blurred by the bar, or indeed new substructures can be induced, in the classical integrals of motion space 𝐸 − 𝐿 𝑧. This adds complications in identifying past mergers of the Milky Way. While previous works have used test particle simulations to explore bar-induced resonances (Dillamore et al. 2023, 2024), these do not provide information on the assembly of the galaxy. Cosmological simulations model the formation and evolution of galaxies self-consistently with in the ΛCDM",1 INTRODUCTION,1 INTRODUCTION,,,,,Stirring Things Up: Bar-induced substructures in the stellar halo of a cosmological Milky Way analogue,"Thomas Tomlinson, Francesca Fragkoudi, Andreia Carrillo, Azadeh Fattahi, Paula Gherghinescu, Alis Deason, Rüdiger Pakmor, Robert J. J. Grand, Facundo A. Gómez, Freeke van de Voort, Rebekka Bieri",astro-ph.GA,2026-01-20T19:14:36Z,http://arxiv.org/abs/2601.14409v1,2601.14409,galactic_dynamics,234,180,False,True,980,1160,True,4.5
astrobench_d82fccf1ca,astrobench_d82fccf1ca_chunk_009,9,"In 𝐸 − 𝐿 𝑧 space, the GSE occupies a large region in the area around 𝐿 𝑧 = 0. Several other overdensities in 𝐸 − 𝐿 𝑧 space have been associated with other merger events. Some examples of these postulated mergers are Thamnos, a retrograde structure (Koppelman et al. 2019), Kraken, a proposed early accretion event found at low energy (Kruijssen et al. 2020) and Heracles (Horta et al. 2021; Horta & Schiavon 2024). However, while 𝐸 − 𝐿 𝑧 are approximately conserved quantities, several studies have pointed out that caution needs to be exercised when equating substructures in this space to accretion events. For example, Jean-Baptiste et al. (2017) showed that, in simulations with a live potential, even a single accretion event can cause multiple overdensities in 𝐸 − 𝐿 𝑧 space. As the merging progenitor is redistributed in 𝐸 − 𝐿 𝑧 space, sinking to lower energies due to dynamical friction, separate clumps form as it loses stars at consecutive pericentric passages. Furthermore, in-situ stars can also form overdensities by being redistributed after being heated by a",1 INTRODUCTION,1 INTRODUCTION,,,,,Stirring Things Up: Bar-induced substructures in the stellar halo of a cosmological Milky Way analogue,"Thomas Tomlinson, Francesca Fragkoudi, Andreia Carrillo, Azadeh Fattahi, Paula Gherghinescu, Alis Deason, Rüdiger Pakmor, Robert J. J. Grand, Facundo A. Gómez, Freeke van de Voort, Rebekka Bieri",astro-ph.GA,2026-01-20T19:14:36Z,http://arxiv.org/abs/2601.14409v1,2601.14409,galactic_dynamics,234,180,True,True,840,1020,True,4.0
astrobench_d82fccf1ca,astrobench_d82fccf1ca_chunk_010,10,"𝑧 space and what they might tell us about the evolution of our Galaxy and the search for substructures, both secular and merger-induced. The paper is structured as follows: Section 2 describes the simulation and analysis tools we use; Section 3 shows the results of our analysis, showing the orig in of the substructures in 𝐸 − 𝐿 𝑧, how these relate to orbits in configuration space and their properties in terms of chemical abundances; Section 4 discusses the importance of the 1:1 retrograde resonance and how orbits are scattered by this resonance; Section 5 then concludes and summarises our results.",1 INTRODUCTION,1 INTRODUCTION,,,,,Stirring Things Up: Bar-induced substructures in the stellar halo of a cosmological Milky Way analogue,"Thomas Tomlinson, Francesca Fragkoudi, Andreia Carrillo, Azadeh Fattahi, Paula Gherghinescu, Alis Deason, Rüdiger Pakmor, Robert J. J. Grand, Facundo A. Gómez, Freeke van de Voort, Rebekka Bieri",astro-ph.GA,2026-01-20T19:14:36Z,http://arxiv.org/abs/2601.14409v1,2601.14409,galactic_dynamics,132,101,False,False,1260,1361,True,4.0
astrobench_d82fccf1ca,astrobench_d82fccf1ca_chunk_011,11,"of the galaxy. Our results can be summarised as follows: (i) We find that the bar-induced resonances, such as the retrograde and prograde 1:1, corotation and Outer Lindblad Resonance, cause a number of overdensities or ridges in 𝐸 − 𝐿 𝑧 space. (ii) The most prominent of these overdensities is a ridge stretching from negative to positive angular momentum, and consists of a retrograde part composed of stars at the 1:1 resonance, while the prograde part is associated with stars at the corotation resonance. (iii) This overdensity is visible in both the central region of the galaxy as well as in a ""solar neighbourhood""-like region. There are differences in appearance of the ridge in the two regions, caused by how the various resonant families populate configuration space. (iv) Stars from several progenitors are found with in the ridge, clearly indicating that this cannot be associated with a single accretion event. (v) By exploring the orbits of resonant stars, we find that they can migrate between orbital families, switching between the corotation and retrograde 1:1 resonance and vice versa, thus changing",5 CONCLUSIONS,5 CONCLUSIONS,,,,,Stirring Things Up: Bar-induced substructures in the stellar halo of a cosmological Milky Way analogue,"Thomas Tomlinson, Francesca Fragkoudi, Andreia Carrillo, Azadeh Fattahi, Paula Gherghinescu, Alis Deason, Rüdiger Pakmor, Robert J. J. Grand, Facundo A. Gómez, Freeke van de Voort, Rebekka Bieri",astro-ph.GA,2026-01-20T19:14:36Z,http://arxiv.org/abs/2601.14409v1,2601.14409,galactic_dynamics,234,180,False,False,140,320,True,4.0
astrobench_d82fccf1ca,astrobench_d82fccf1ca_chunk_012,12,"about the Galaxy’s bar and its coupling with the stellar halo. However, our results also suggest the need for caution when associating substructures in 𝐸 − 𝐿 𝑧 space – even when combined with chemical information – to distinct accretion events, since such features can in fact be caused by internal perturbations in the galaxy.",5 CONCLUSIONS,5 CONCLUSIONS,,,,,Stirring Things Up: Bar-induced substructures in the stellar halo of a cosmological Milky Way analogue,"Thomas Tomlinson, Francesca Fragkoudi, Andreia Carrillo, Azadeh Fattahi, Paula Gherghinescu, Alis Deason, Rüdiger Pakmor, Robert J. J. Grand, Facundo A. Gómez, Freeke van de Voort, Rebekka Bieri",astro-ph.GA,2026-01-20T19:14:36Z,http://arxiv.org/abs/2601.14409v1,2601.14409,galactic_dynamics,72,55,False,False,560,615,True,3.0
astrobench_d82fccf1ca,astrobench_d82fccf1ca_chunk_013,13,"Stirring Things Up: Bar-induced substructures in the stellar halo of a cosmological Milky Way analogue Stirring Things Up: Bar-induced substructures in the stellar halo of a cosmological Milky Way analogue Thomas Tomlinson1 [★], Francesca Fragkoudi1, Andreia Carrillo1 [,]2 [,]3, Azadeh Fattahi1 [,]4, Paula Gherghinescu1, Alis Deason1 [,]2, Rüdiger Pakmor5, Robert J. J. Grand6, Facundo A. Gómez7, Freeke van de Voort8, Rebekka Bieri9 1 Institute for Computational Cosmology, Department of Physics, University of Durham, South Road, Durham DH1 3LE, UK 2 Centre for Extragalactic Astronomy, Department of Physics, University of Durham, South Road, Durham DH1 3LE, UK 3 Department of Physics and Astronomy, Carleton College, 1 North College St., Northfield, MN 55057, USA 4 The Oskar Kle in Centre, Department of Physics, Stockholm University, Albanova University Center, 106 91 Stockholm, Sweden 5 Max-Planck-Institut für Astrophysik, Karl-Schwarzschild-Str. 1, D-85748, Garching, Germany 6 Astrophysics Research Institute, Liverpool John Moores University, 146 Brownlow Hill, Liverpool, L3 5RF, UK 7 Departamen to de Astronomía, Universidad de La Serena, Av. Juan Cisternas 1200 Norte, La Serena, Chile 8 Cardiff Hub for Astrophysics Research and Technology, School",Stirring Things Up: Bar-induced substructures in the stellar halo of a cosmological Milky Way analogue,Stirring Things Up: Bar-induced substructures in the stellar halo of a cosmological Milky Way analogue,,,,,Stirring Things Up: Bar-induced substructures in the stellar halo of a cosmological Milky Way analogue,"Thomas Tomlinson, Francesca Fragkoudi, Andreia Carrillo, Azadeh Fattahi, Paula Gherghinescu, Alis Deason, Rüdiger Pakmor, Robert J. J. Grand, Facundo A. Gómez, Freeke van de Voort, Rebekka Bieri",astro-ph.GA,2026-01-20T19:14:36Z,http://arxiv.org/abs/2601.14409v1,2601.14409,galactic_dynamics,234,180,True,False,0,180,False,3.0
astrobench_d82fccf1ca,astrobench_d82fccf1ca_chunk_014,14,"Stirring Things Up: Bar-induced substructures in the stellar halo of a cosmological Milky Way analogue 2.1 Auriga Superstars Milky Way analogue The simulated galaxy we explore in this work is part of the newly developed Auriga Superstars suite of simulations (Gr and et al. 2023; Pakmor et al. 2025a; Fragkoudi et al., in prep.). These are cosmological zoom-in simulations based on the original Auriga suite of simulations Gr and et al. (2017, 2024) tailored for studies of stellar dynamics. They are re-simulated with 64 times better resolution in terms of the stellar mass (800 𝑀 ⊙ resolution), and 8 times better resolution for the dark matter particles (5 × 104 𝑀 ⊙ resolution), as compared to the original standard resolution Auriga simulations. A full description of the Superstars method is presented in Pakmor et al. (2025a) and the suite of simulations will be presented in Fragkoudi et al. (in prep.). Here we give a brief summary of the basic properties of the simulations. The original Auriga simulations are sampled from a cubic volume with side lengths of 100 Mpc taken",2.1 Auriga Superstars Milky Way analogue,2.1 Auriga Superstars Milky Way analogue,,,,,Stirring Things Up: Bar-induced substructures in the stellar halo of a cosmological Milky Way analogue,"Thomas Tomlinson, Francesca Fragkoudi, Andreia Carrillo, Azadeh Fattahi, Paula Gherghinescu, Alis Deason, Rüdiger Pakmor, Robert J. J. Grand, Facundo A. Gómez, Freeke van de Voort, Rebekka Bieri",astro-ph.GA,2026-01-20T19:14:36Z,http://arxiv.org/abs/2601.14409v1,2601.14409,galactic_dynamics,234,180,False,False,0,180,False,3.0
astrobench_d82fccf1ca,astrobench_d82fccf1ca_chunk_015,15,"kpc. the Auriga suite of simulations are described in detail in Gr and et al. (2017). The Superstars method creates a larger number of lower-mass (∼ 800 𝑀 ⊙) star particles from a single gas cell. These stars have the same velocity and position as their parent gas cell with an added random isotropic component based on a Gaussian distribution with a width set by the minimum of the local sound speed and the velocity dispersion of the neighbouring gas cells1 (Pakmor et al. 2025a). Care is taken that these additional random components do not affect the conservation of total momentum. The chemical evolution of the stars is treated in the same way as in the fiducial Auriga simulation. Re-simulating a halo using the Superstars method keeps galaxy properties largely preserved, with variations falling with in the range of intrinsic variations found among realisations run on a different machine or with a different random number seed (Pakmor et al. 2025b). The changes that do occur are smaller than the systematic shifts caused by changing the mass resolution of the gas.",2.1 Auriga Superstars Milky Way analogue,2.1 Auriga Superstars Milky Way analogue,,,,,Stirring Things Up: Bar-induced substructures in the stellar halo of a cosmological Milky Way analogue,"Thomas Tomlinson, Francesca Fragkoudi, Andreia Carrillo, Azadeh Fattahi, Paula Gherghinescu, Alis Deason, Rüdiger Pakmor, Robert J. J. Grand, Facundo A. Gómez, Freeke van de Voort, Rebekka Bieri",astro-ph.GA,2026-01-20T19:14:36Z,http://arxiv.org/abs/2601.14409v1,2601.14409,galactic_dynamics,234,180,False,False,420,600,False,3.0
astrobench_d82fccf1ca,astrobench_d82fccf1ca_chunk_016,16,"Stirring Things Up: Bar-induced substructures in the stellar halo of a cosmological Milky Way analogue 3 RESONANCES IN THE STELLAR HALO We start by exploring the overdensities in the distribution of all stars (i.e., both accreted and in-situ) in the 𝐸 − 𝐿 𝑧 plane, before moving on to explore the accreted stellar halo in more detail (Section 3.1). We connect the overdensities seen in 𝐸 − 𝐿 𝑧 to the underlying barinduced resonant orbital structure (Section 3.2), exploring how these orbits are distributed in configuration space and how they change over time. We then explore the chemical patterns in 𝐸 − 𝐿 𝑧 and how these relate to the resonant ridges (Section 3.3).",3 RESONANCES IN THE STELLAR HALO,3 RESONANCES IN THE STELLAR HALO,,,,,Stirring Things Up: Bar-induced substructures in the stellar halo of a cosmological Milky Way analogue,"Thomas Tomlinson, Francesca Fragkoudi, Andreia Carrillo, Azadeh Fattahi, Paula Gherghinescu, Alis Deason, Rüdiger Pakmor, Robert J. J. Grand, Facundo A. Gómez, Freeke van de Voort, Rebekka Bieri",astro-ph.GA,2026-01-20T19:14:36Z,http://arxiv.org/abs/2601.14409v1,2601.14409,galactic_dynamics,149,114,False,False,0,114,False,3.0
astrobench_d82fccf1ca,astrobench_d82fccf1ca_chunk_017,17,"centre, and their density decreases with radius, as we probe regions out to larger radii, the contribution from retrograde 1:1 resonant stars decreases, while the contribution of stars in the corotation resonance and the OLR increases. This explains why the retrograde part of the ridge is seen more prominently in the top panels of Fig 3, while the contribution from the CR and OLR increases in the bottom panels. The regions where these orbits are found are likely to vary compared to the Milky Way, since this simulation is not an exact analogue of our Galaxy. As mentioned in Section 2, while the length of the bar is similar between estimates of the Milky Way and this simulated halo, the corotation radius is different; this is approximately 10 kpc in this simulation, which is larger than some of the most recent estimates of the corotation radius for the Milky Way (Bl and-Hawthorn & Gerhard 2016; Sanders et al. 2019; Chiba & Schönrich 2021). The difference in the spatial distribution of stars on these resonant orbits affects the visibility of overdensities",3.2 Connection to configuration space,3.2 Connection to configuration space,,,,,Stirring Things Up: Bar-induced substructures in the stellar halo of a cosmological Milky Way analogue,"Thomas Tomlinson, Francesca Fragkoudi, Andreia Carrillo, Azadeh Fattahi, Paula Gherghinescu, Alis Deason, Rüdiger Pakmor, Robert J. J. Grand, Facundo A. Gómez, Freeke van de Voort, Rebekka Bieri",astro-ph.GA,2026-01-20T19:14:36Z,http://arxiv.org/abs/2601.14409v1,2601.14409,galactic_dynamics,234,180,False,False,840,1020,False,3.0
astrobench_d82fccf1ca,astrobench_d82fccf1ca_chunk_018,18,"Stirring Things Up: Bar-induced substructures in the stellar halo of a cosmological Milky Way analogue 3.2.1 Migration between resonant families When investigating the orbital properties of resonant stars, we find a subset of stars that are able to ‘migrate’ between different resonant families. This is particularly prevalent in terms of migration between the corotation and retrograde 1:1 resonances, which are continuous and adjacent to each other in 𝐸 − 𝐿 𝑧 space. An example of such an orbit is shown in Fig. 6. In the left panel of the figure we show the position of the star along its orbit in 𝐸 − 𝐿 𝑧 space. The colours of the points denote the lookback time of the snapshot, as given in the colourbar at the top of the figure. The middle and right panels show the star’s orbit over time in a rotating and inertial frame of reference, respectively, with the colour of the line also denoting the lookback time. Initially, the star is found in the region of 𝐸 − 𝐿 𝑧 space associated with corotation (see Fig. 3)",3.2.1 Migration between resonant families,3.2.1 Migration between resonant families,,,,,Stirring Things Up: Bar-induced substructures in the stellar halo of a cosmological Milky Way analogue,"Thomas Tomlinson, Francesca Fragkoudi, Andreia Carrillo, Azadeh Fattahi, Paula Gherghinescu, Alis Deason, Rüdiger Pakmor, Robert J. J. Grand, Facundo A. Gómez, Freeke van de Voort, Rebekka Bieri",astro-ph.GA,2026-01-20T19:14:36Z,http://arxiv.org/abs/2601.14409v1,2601.14409,galactic_dynamics,234,180,False,False,0,180,False,3.0
astrobench_d82fccf1ca,astrobench_d82fccf1ca_chunk_019,19,"Stirring Things Up: Bar-induced substructures in the stellar halo of a cosmological Milky Way analogue 3.3 Chemistry of resonant ridges We have seen so far that bar-induced resonances can create overdensities in 𝐸 − 𝐿 𝑧 space. Additionally, as shown in the third and fourth panels of Fig. 2, the ridge is distinct from its surroundings in terms of its metallicity and ages. Since chemical tagging is one of the ways employed to distinguish accreted from in-situ populations (Gilmore et al. 1989; Freeman & Bl and-Hawthorn 2002; Hawkins et al. 2015), in combination with stellar dynamics, it is important to underst and whether bar-induced resonances can also create such chemically distinct substructures in the halo. In Fig. 7 we show the accreted population in 𝐸 − 𝐿 𝑧 space in bins coloured by the mean metallicity of stars. We do this in the two regions we explore, i.e., the central region (left) and the ""solar neighbourhood"" region (right). The contours in this figure show the location of resonant stars, as previously. We can see that the stars inside the prominent",3.3 Chemistry of resonant ridges,3.3 Chemistry of resonant ridges,,,,,Stirring Things Up: Bar-induced substructures in the stellar halo of a cosmological Milky Way analogue,"Thomas Tomlinson, Francesca Fragkoudi, Andreia Carrillo, Azadeh Fattahi, Paula Gherghinescu, Alis Deason, Rüdiger Pakmor, Robert J. J. Grand, Facundo A. Gómez, Freeke van de Voort, Rebekka Bieri",astro-ph.GA,2026-01-20T19:14:36Z,http://arxiv.org/abs/2601.14409v1,2601.14409,galactic_dynamics,234,180,False,False,0,180,False,3.0
astrobench_d82fccf1ca,astrobench_d82fccf1ca_chunk_020,20,"Stirring Things Up: Bar-induced substructures in the stellar halo of a cosmological Milky Way analogue 4.4 Metallicity The scattering of stars at the resonances can also help in understanding the distinct metallicity of the ridge seen in Figs. 2 and 7. Highmetallicity stars in the ridge originate overwhelmingly from mergers M3 and M4, which are the most recent and massive mergers. As discussed above, these mergers had progenitors with radial metallicity gradients which translate in to metallicity gradients in energy (e.g. Carrillo et al. 2025), with higher metallicity stars populating lower energies. The scattering of stars both towards the 1:1 retrograde and corotation resonances, creates a diagonal ridge with high metallicity stars, visible in both Fig. 8 and Fig. 7. The high metallicity ridge seen in Fig. 7 is accentuated by the fact that the surrounding stars have lower metallicities: at higher energies this is caused due to the metallicity gradient in energy, and at lower energies this is because mergers M1 and M2 contribute more, since they sink lower in to the host potential, and have lower metallicities. We",4.4 Metallicity,4.4 Metallicity,,,,,Stirring Things Up: Bar-induced substructures in the stellar halo of a cosmological Milky Way analogue,"Thomas Tomlinson, Francesca Fragkoudi, Andreia Carrillo, Azadeh Fattahi, Paula Gherghinescu, Alis Deason, Rüdiger Pakmor, Robert J. J. Grand, Facundo A. Gómez, Freeke van de Voort, Rebekka Bieri",astro-ph.GA,2026-01-20T19:14:36Z,http://arxiv.org/abs/2601.14409v1,2601.14409,galactic_dynamics,234,180,False,False,0,180,False,3.0
astrobench_d82fccf1ca,astrobench_d82fccf1ca_chunk_021,21,"phase space. Insitu, high metallicity stars are found mainly in the prograde region close to the maximal 𝐿 𝑧. However, due to past mergers some in-situ stars have had their orbits altered to lower 𝐿 𝑧 – for example, in the Milky Way, the ‘splash’ is a proposed in-situ population heated by a merger (Belokurov et al. 2020). As seen in Fig. 2, in our simulation we find a metallicity and age gradient with respect to 𝐿 𝑧, i.e. stars that are retrograde have on average lower metallicities and older ages than prograde stars. When stars get trapped at the retrograde 1:1 resonance, they are scattered from regions with 𝐿 𝑧 ≈ 0, towards more retrograde values of 𝐿 𝑧 and lower energies. Therefore, the stars that are scattered by the resonance have higher metallicities than the population that is already present in the surrounding retrograde phase space, leading to ridge of resonant stars with higher metallicities. While we will explore in future work the various mechanisms that can give rise to the increased metallicity in the ridge, it is",4.4 Metallicity,4.4 Metallicity,,,,,Stirring Things Up: Bar-induced substructures in the stellar halo of a cosmological Milky Way analogue,"Thomas Tomlinson, Francesca Fragkoudi, Andreia Carrillo, Azadeh Fattahi, Paula Gherghinescu, Alis Deason, Rüdiger Pakmor, Robert J. J. Grand, Facundo A. Gómez, Freeke van de Voort, Rebekka Bieri",astro-ph.GA,2026-01-20T19:14:36Z,http://arxiv.org/abs/2601.14409v1,2601.14409,galactic_dynamics,234,180,True,False,280,460,False,3.0
astrobench_d82fccf1ca,astrobench_d82fccf1ca_chunk_022,22,"already present in the surrounding retrograde phase space, leading to ridge of resonant stars with higher metallicities. While we will explore in future work the various mechanisms that can give rise to the increased metallicity in the ridge, it is clear that this is likely due to a combination of dynamical effects along with the accretion history of the halo, which determines the distribution function of the halo at the time of bar formation. Thus, the details of the metallicity of the ridge might look different to those of the Milky Way, depending on the exact merger history of the Galaxy. Nevertheless, we find that bar resonances can cause distinct metallicity features in 𝐸 − 𝐿 𝑧 space; caution is therefore needed when associating chemically distinct populations with any single accretion event, since, at least in this simulation, such a feature is caused by the bar resonances and combines different accretion events. MNRAS 000, 000–000 (2026) 14 T. Tomlinson et al.",4.4 Metallicity,4.4 Metallicity,,,,,Stirring Things Up: Bar-induced substructures in the stellar halo of a cosmological Milky Way analogue,"Thomas Tomlinson, Francesca Fragkoudi, Andreia Carrillo, Azadeh Fattahi, Paula Gherghinescu, Alis Deason, Rüdiger Pakmor, Robert J. J. Grand, Facundo A. Gómez, Freeke van de Voort, Rebekka Bieri",astro-ph.GA,2026-01-20T19:14:36Z,http://arxiv.org/abs/2601.14409v1,2601.14409,galactic_dynamics,210,161,False,False,420,581,False,3.0
astrobench_d82fccf1ca,astrobench_d82fccf1ca_chunk_023,23,"Stirring Things Up: Bar-induced substructures in the stellar halo of a cosmological Milky Way analogue APPENDIX A: FIDUCIAL AURIGA RESOLUTION COMPARISON Shown in Fig. A1 is the distribution of accreted stars in 𝐸 − 𝐿 𝑧 space in the fiducial counterpart to the simulated halo we study in this paper. We select accreted stars at the central and ""solar neighbourhood"" regions. This figure serves as a direct comparison to the left-hand panels of Fig. 3. We note that the ridge, which is very prominent in the Superstars halo, is not visible in the fiducial halo. Although there are differences stemming from different sets of random numbers in these two simulations, the complete absence of the ridge in the fiducial simulation is difficult to expla in through these small differences. The increased stellar resolution in Superstars may bring out the ridge due to better sampling of phase space. Additionally, the large increase in stellar resolution leads to a more accurate potential in the inner regions of the halo, where stars dominate the potential. For a more detailed analysis of the effects",APPENDIX A: FIDUCIAL AURIGA RESOLUTION COMPARISON,APPENDIX A: FIDUCIAL AURIGA RESOLUTION COMPARISON,,,,,Stirring Things Up: Bar-induced substructures in the stellar halo of a cosmological Milky Way analogue,"Thomas Tomlinson, Francesca Fragkoudi, Andreia Carrillo, Azadeh Fattahi, Paula Gherghinescu, Alis Deason, Rüdiger Pakmor, Robert J. J. Grand, Facundo A. Gómez, Freeke van de Voort, Rebekka Bieri",astro-ph.GA,2026-01-20T19:14:36Z,http://arxiv.org/abs/2601.14409v1,2601.14409,galactic_dynamics,234,180,False,False,0,180,False,3.0
astrobench_d82fccf1ca,astrobench_d82fccf1ca_chunk_024,24,"variations found among realisations run on a different machine or with a different random number seed (Pakmor et al. 2025b). The changes that do occur are smaller than the systematic shifts caused by changing the mass resolution of the gas. For more details on the method, we refer the reader to Pakmor et al. (2025a).",2.1 Auriga Superstars Milky Way analogue,2.1 Auriga Superstars Milky Way analogue,,,,,Stirring Things Up: Bar-induced substructures in the stellar halo of a cosmological Milky Way analogue,"Thomas Tomlinson, Francesca Fragkoudi, Andreia Carrillo, Azadeh Fattahi, Paula Gherghinescu, Alis Deason, Rüdiger Pakmor, Robert J. J. Grand, Facundo A. Gómez, Freeke van de Voort, Rebekka Bieri",astro-ph.GA,2026-01-20T19:14:36Z,http://arxiv.org/abs/2601.14409v1,2601.14409,galactic_dynamics,72,55,False,False,560,615,False,2.0
astrobench_d82fccf1ca,astrobench_d82fccf1ca_chunk_025,25,"The leftmost panels show the density of stars in 𝐸 − 𝐿𝑧 space with an unsharp mask applied, the panels in the second column show a logarithmic density projection of the same selection of stars. In the panels in the third column, the bins in 𝐸 − 𝐿𝑧 space are coloured by the mean metallicity of stars inside the bin, and in the rightmost panels the bins are coloured by the mean ages of the stars. In all panels a ridge feature stands out starting at E ≈−1. 5 × 105 km2 s[−]2 and Lz ≈−1 × 103 kpc km s[−]1 (also indicated by arrows in the leftmost panels). Stars inside the ridge tend to have lower ages and higher metallicities than surrounding stars in the same region in 𝐸 − 𝐿𝑧 space.",2.3 Integrals of motion space,2.3 Integrals of motion space,,,,,Stirring Things Up: Bar-induced substructures in the stellar halo of a cosmological Milky Way analogue,"Thomas Tomlinson, Francesca Fragkoudi, Andreia Carrillo, Azadeh Fattahi, Paula Gherghinescu, Alis Deason, Rüdiger Pakmor, Robert J. J. Grand, Facundo A. Gómez, Freeke van de Voort, Rebekka Bieri",astro-ph.GA,2026-01-20T19:14:36Z,http://arxiv.org/abs/2601.14409v1,2601.14409,galactic_dynamics,173,133,False,False,840,973,False,2.0
astrobench_d82fccf1ca,astrobench_d82fccf1ca_chunk_026,26,"3 2 1 0 1 2 3<br>Lz/10 3 (kpc km s [−]1 ) Lz/10 3 (kpc km s [−]1 )<br>)<br>2<br>−<br>s<br>2<br>(km<br>5<br>10<br>E/<br>log(Σ)<br>)<br>2<br>−<br>s<br>2<br>(km<br>5<br>10<br>E/<br>----- End of picture text -----<br> Figure 4. The four panels show stars from the four ma in accreted progenitors in the simulation coloured by their logarithmic density in 𝐸 − 𝐿𝑧 space. Shown are all stars from these progenitors with in a radius of 20 kpc, not just the central or ""solar neighbourhood"" regions shown previously. Differently coloured contours (90th percentile) show the distribution of resonant stars for all accreted stars (CR: purple, OLR: yellow, 1:1: red). The mergers are in order of their infall times (left to right, top to bottom). Mergers M1 and M2 merged several Gyrs before bar formation, mergers M3 and M4 merged around the same time shortly before the bar is formed. M4 dominates in terms of its contribution in the region where the ridge is found. However, it is important to note that all four mergers are present inside the ridge. galaxy in 𝐸 − 𝐿 𝑧 space. The contours in this figure show",3.1 Overdensities in 𝐸 − 𝐿 𝑧,3.1 Overdensities in 𝐸 − 𝐿 𝑧,,,,,Stirring Things Up: Bar-induced substructures in the stellar halo of a cosmological Milky Way analogue,"Thomas Tomlinson, Francesca Fragkoudi, Andreia Carrillo, Azadeh Fattahi, Paula Gherghinescu, Alis Deason, Rüdiger Pakmor, Robert J. J. Grand, Facundo A. Gómez, Freeke van de Voort, Rebekka Bieri",astro-ph.GA,2026-01-20T19:14:36Z,http://arxiv.org/abs/2601.14409v1,2601.14409,galactic_dynamics,234,180,False,False,1120,1300,False,2.0
astrobench_d82fccf1ca,astrobench_d82fccf1ca_chunk_027,27,"terms of its contribution in the region where the ridge is found. However, it is important to note that all four mergers are present inside the ridge. galaxy in 𝐸 − 𝐿 𝑧 space. The contours in this figure show the location of resonant stars (selected from intervals in 𝑟 Ω as before)5. We see that the ridge is prominent in at least two of the progenitors (M3 and M4), while it is also somewhat visible in M1 and M2, albeit not as strongly (in M1 and M2 the ridge is more clear in the prograde part). This lends further credence to the fact that the ridge is not caused by one individual accretion event, but is rather caused by a response of the stars to a global dynamical perturbation. We also note that the ridge is a feature that becomes stronger with time, after the formation of the bar, as illustrated in Fig. B1. In terms of absolute numbers, the dominant contribution to the ridge is from merger M4, which is the most massive of these four mergers (see",3.1 Overdensities in 𝐸 − 𝐿 𝑧,3.1 Overdensities in 𝐸 − 𝐿 𝑧,,,,,Stirring Things Up: Bar-induced substructures in the stellar halo of a cosmological Milky Way analogue,"Thomas Tomlinson, Francesca Fragkoudi, Andreia Carrillo, Azadeh Fattahi, Paula Gherghinescu, Alis Deason, Rüdiger Pakmor, Robert J. J. Grand, Facundo A. Gómez, Freeke van de Voort, Rebekka Bieri",astro-ph.GA,2026-01-20T19:14:36Z,http://arxiv.org/abs/2601.14409v1,2601.14409,galactic_dynamics,234,180,False,False,1260,1440,False,2.0
astrobench_d82fccf1ca,astrobench_d82fccf1ca_chunk_028,28,"kpc in the retrograde 1:1 resonance (left), corotation<br>resonance (middle) and OLR (right). Overplotted are examples of orbits from each family, in the reference frame rotating with the bar, with colours corresponding<br>to lookback time. In all panels the bar is located along the x-axis. We see that the 1:1 resonant stars are concentrated in the central regions, while the corotation<br>stars have a peak in density at larger radii.<br>0.0 0.5 1.0 1.5<br>lookback time (Gyrs)<br>0.0<br>15<br>10<br>0.5<br>5<br>1.0 0<br>5<br>1.5<br>10<br>rotating inertial<br>15<br>2.0<br>15 10 5 0 5 10 15 10 5 0 5 10 15<br>2 1 0 1 2<br>Lz/10 3 (kpc km s [−]1 ) x (kpc) x (kpc)<br> (kpc)<br>y<br>lookback time (Gyrs)<br> (kpc)<br>z<br>)<br>2<br>−<br>s<br>2<br>(km<br>510 (kpc)y<br>E/<br>----- End of picture text -----<br> Figure 6. An example of an orbit that changes between being prograde and retrograde and in doing so changes its orbital class from corotation to the retrograde 1:1 resonance. The left panel shows this in 𝐸 − 𝐿𝑧 space with points taken from 40 different snapshots coloured by their lookback time, as shown in the colourbar at the top. The middle panel shows the orbit in face-on spatial coordinates in",3.2 Connection to configuration space,3.2 Connection to configuration space,,,,,Stirring Things Up: Bar-induced substructures in the stellar halo of a cosmological Milky Way analogue,"Thomas Tomlinson, Francesca Fragkoudi, Andreia Carrillo, Azadeh Fattahi, Paula Gherghinescu, Alis Deason, Rüdiger Pakmor, Robert J. J. Grand, Facundo A. Gómez, Freeke van de Voort, Rebekka Bieri",astro-ph.GA,2026-01-20T19:14:36Z,http://arxiv.org/abs/2601.14409v1,2601.14409,galactic_dynamics,234,180,False,False,280,460,False,2.0
astrobench_d82fccf1ca,astrobench_d82fccf1ca_chunk_029,29,"centre of the galaxy (left) and a 4 kpc sphere around a ""solar neighbourhood"" (right). The bins are coloured by the mean [Fe/H] value in each bin. The differently coloured contours (90th percentile) indicate stars trapped in Corotation, OLR, and 1:1 resonances (CR: purple, OLR: yellow, 1:1: red), with an inset in each panel of the rΩ resonance value distribution for stars of each selection. Stars in the region of the ridge, which is traced by stars in the retrograde 1:1 resonance and corotation, have higher metallicities than stars in the surrounding 𝐸 − 𝐿𝑧 space. found out to a radius of ∼10 kpc. Stars at this resonance have an almost spherical distribution, with no visible disc plane and a mean height above the plane of the disc of around 3.5 kpc. In the middle panel, we see that stars in the corotation resonance have the highest density in two regions perpendicular to the bar (in the vicinity of the L4 and L5 Lagrange points; e.g., Binney & Tremaine 2008), at radii of ∼ 8 − 10 kpc. Corotation orbits",3.2 Connection to configuration space,3.2 Connection to configuration space,,,,,Stirring Things Up: Bar-induced substructures in the stellar halo of a cosmological Milky Way analogue,"Thomas Tomlinson, Francesca Fragkoudi, Andreia Carrillo, Azadeh Fattahi, Paula Gherghinescu, Alis Deason, Rüdiger Pakmor, Robert J. J. Grand, Facundo A. Gómez, Freeke van de Voort, Rebekka Bieri",astro-ph.GA,2026-01-20T19:14:36Z,http://arxiv.org/abs/2601.14409v1,2601.14409,galactic_dynamics,234,180,False,False,560,740,False,2.0
astrobench_d82fccf1ca,astrobench_d82fccf1ca_chunk_030,30,"in the corotation resonance have the highest density in two regions perpendicular to the bar (in the vicinity of the L4 and L5 Lagrange points; e.g., Binney & Tremaine 2008), at radii of ∼ 8 − 10 kpc. Corotation orbits are more disc-like in their configuration than stars in the retrograde 1:1 resonance, but are also found at relatively large heights, away from the plane of the disc. Lastly, as seen in the right panel, OLR stars are found further out still, with densities highest at a radius of ∼15 kpc and extending beyond the 20 kpc region for which we have calculated the orbital frequencies. OLR stars are disc-like in configuration, with mean heights above and below the plane of the disc of around 2 kpc. Since the stars at the retrograde 1:1 resonance are most dense at the centre, and their density decreases with radius, as we probe regions out to larger radii, the contribution from retrograde 1:1 resonant stars decreases, while the contribution of stars in the corotation resonance and the OLR increases. This explains why the",3.2 Connection to configuration space,3.2 Connection to configuration space,,,,,Stirring Things Up: Bar-induced substructures in the stellar halo of a cosmological Milky Way analogue,"Thomas Tomlinson, Francesca Fragkoudi, Andreia Carrillo, Azadeh Fattahi, Paula Gherghinescu, Alis Deason, Rüdiger Pakmor, Robert J. J. Grand, Facundo A. Gómez, Freeke van de Voort, Rebekka Bieri",astro-ph.GA,2026-01-20T19:14:36Z,http://arxiv.org/abs/2601.14409v1,2601.14409,galactic_dynamics,234,180,False,False,700,880,False,2.0
astrobench_d82fccf1ca,astrobench_d82fccf1ca_chunk_031,31,"recent estimates of the corotation radius for the Milky Way (Bl and-Hawthorn & Gerhard 2016; Sanders et al. 2019; Chiba & Schönrich 2021). The difference in the spatial distribution of stars on these resonant orbits affects the visibility of overdensities caused by these resonant stars in 𝐸 − 𝐿 𝑧 space. In Fig. C1 in appendix C, we show an example of how the ridge would look if we selected a region at a larger radius of 11.5 kpc.",3.2 Connection to configuration space,3.2 Connection to configuration space,,,,,Stirring Things Up: Bar-induced substructures in the stellar halo of a cosmological Milky Way analogue,"Thomas Tomlinson, Francesca Fragkoudi, Andreia Carrillo, Azadeh Fattahi, Paula Gherghinescu, Alis Deason, Rüdiger Pakmor, Robert J. J. Grand, Facundo A. Gómez, Freeke van de Voort, Rebekka Bieri",astro-ph.GA,2026-01-20T19:14:36Z,http://arxiv.org/abs/2601.14409v1,2601.14409,galactic_dynamics,103,79,False,False,980,1059,False,2.0
astrobench_d82fccf1ca,astrobench_d82fccf1ca_chunk_032,32,"contours (90th percentile) show the distribution of resonant stars for all accreted stars (CR: purple, OLR: yellow, 1:1: red). The mergers are in order of their infall times (left to right, top to bottom). Mergers M1 and M2, which merged several Gyrs before bar formation, show only slight trends in metallicity, with higher metallicity at lower energy, but the ridge is not apparent in metallicity. Stars from mergers M3 and M4, which merged just before bar formation, have higher metallicities than stars from the two earlier mergers and have higher metallicities in the region of the ridge compared to stars at larger energies. In combination with the densities shown in Fig. 4 this suggests that the distinct metallicity of the ridge as seen in Fig. 7 is caused by stars from these two later mergers. pathway for stars to go from being prograde to retrograde, and vice versa, without the need of a merger – i.e., these stars are made retrograde because of internal bar-driven resonant processes. We will further quantify the exact extent to which this process happens by",3.2.1 Migration between resonant families,3.2.1 Migration between resonant families,,,,,Stirring Things Up: Bar-induced substructures in the stellar halo of a cosmological Milky Way analogue,"Thomas Tomlinson, Francesca Fragkoudi, Andreia Carrillo, Azadeh Fattahi, Paula Gherghinescu, Alis Deason, Rüdiger Pakmor, Robert J. J. Grand, Facundo A. Gómez, Freeke van de Voort, Rebekka Bieri",astro-ph.GA,2026-01-20T19:14:36Z,http://arxiv.org/abs/2601.14409v1,2601.14409,galactic_dynamics,234,180,False,False,420,600,False,2.0
astrobench_d82fccf1ca,astrobench_d82fccf1ca_chunk_033,33,"this in the two regions we explore, i.e., the central region (left) and the ""solar neighbourhood"" region (right). The contours in this figure show the location of resonant stars, as previously. We can see that the stars inside the prominent ridge are more metal-rich than stars outside the ridge (both above and below the ridge), with a difference in [Fe/H] of around 0.5 dex. Thus, the ridge, which is a dynamical feature formed because of the influence of the bar, has a population of accreted stars with a chemistry that is distinct from the accreted population outside the ridge. To explore how this distinct chemistry arises, and how this might relate to the accretion events in the galaxy – in addition to the barinduced resonances – in Fig. 8 we explore the metallicity in 𝐸 − 𝐿 𝑧 of the four most massive mergers with in 20 kpc of the centre. We see that mergers M1 and M2 have quite uniform metallicities, which are overall lower than for M3 and M4 (due to its higher mass, M4 has the highest",3.3 Chemistry of resonant ridges,3.3 Chemistry of resonant ridges,,,,,Stirring Things Up: Bar-induced substructures in the stellar halo of a cosmological Milky Way analogue,"Thomas Tomlinson, Francesca Fragkoudi, Andreia Carrillo, Azadeh Fattahi, Paula Gherghinescu, Alis Deason, Rüdiger Pakmor, Robert J. J. Grand, Facundo A. Gómez, Freeke van de Voort, Rebekka Bieri",astro-ph.GA,2026-01-20T19:14:36Z,http://arxiv.org/abs/2601.14409v1,2601.14409,galactic_dynamics,234,180,False,False,140,320,False,2.0
astrobench_d82fccf1ca,astrobench_d82fccf1ca_chunk_034,34,"also showed in the previous section that the 1:1 retrograde ridge has a higher metallicity than its surroundings, suggesting that stars scatter from regions of higher energy (and therefore metallicity) towards more retrograde angular momentum and lower energies. In this section, we investigate how stars scatter at the 1:1 resonance, which can shed light on why the slope of the retrograde 1:1 resonant ridge is equal to Ωbar. First, we start by exploring the slope along which stars are scattered at the 1:1 resonance in 𝐸 − 𝐿 𝑧 and action space (Section 4.1). Subsequently, we explore whether stars ga in or lose angular momentum during this scattering process (i.e. determine the direction of scattering; Section 4.2). We then discuss the overall changes in 𝐿 𝑧 and 𝐽𝑅 at the resonances in our simulation (Section 4.3), before commenting on the role of the scattering of stars at the resonances on the chemistry of the ridge (Section 4.4).",4 ORBITAL SCATTERING AT THE RESONANCES,4 ORBITAL SCATTERING AT THE RESONANCES,,,,,Stirring Things Up: Bar-induced substructures in the stellar halo of a cosmological Milky Way analogue,"Thomas Tomlinson, Francesca Fragkoudi, Andreia Carrillo, Azadeh Fattahi, Paula Gherghinescu, Alis Deason, Rüdiger Pakmor, Robert J. J. Grand, Facundo A. Gómez, Freeke van de Voort, Rebekka Bieri",astro-ph.GA,2026-01-20T19:14:36Z,http://arxiv.org/abs/2601.14409v1,2601.14409,galactic_dynamics,205,157,False,False,140,297,False,2.0
astrobench_d82fccf1ca,astrobench_d82fccf1ca_chunk_035,35,"contours here show the distribution of stars in the corotation, OLR, and 1:1 resonances (66th, 50th, 33rd percentiles). The three sets of lines show the ARLs in this plane as in the upper panel. Additionally, the arrows demonstrate the slopes along which individual stars should move at the different resonances (see text). For the 1:1 retrograde stars this slope aligns with the slope of the ARL. or action space the resonances would lie in an axisymmetric potential. In Fig. 9 we show the distribution of accreted stars in the ""solar neighbourhood"" region as the grey background in both the 𝐸 − 𝐿 𝑧 plane (top panel) and action space 𝐽𝜙 − 𝐽𝑅 (bottom panel). On top of these we plot contours outlining the distribution of resonant stars from the simulation, as well as the ARLs for the CR, 1:1 and OLR as differently coloured and dotted lines. One important difference between the 𝐽𝑅 − 𝐽𝜙 and 𝐸 − 𝐿 𝑧 spaces, is the way stars will move in these at the resonances: in 𝐸 − 𝐿 𝑧 space, stars move",4.1 Slope of scattering in action space,4.1 Slope of scattering in action space,,,,,Stirring Things Up: Bar-induced substructures in the stellar halo of a cosmological Milky Way analogue,"Thomas Tomlinson, Francesca Fragkoudi, Andreia Carrillo, Azadeh Fattahi, Paula Gherghinescu, Alis Deason, Rüdiger Pakmor, Robert J. J. Grand, Facundo A. Gómez, Freeke van de Voort, Rebekka Bieri",astro-ph.GA,2026-01-20T19:14:36Z,http://arxiv.org/abs/2601.14409v1,2601.14409,galactic_dynamics,234,180,False,False,280,460,False,2.0
astrobench_d82fccf1ca,astrobench_d82fccf1ca_chunk_036,36,"at the 1:1 resonance, with a slope equal to 1; for the retrograde 1:1 resonance, the scattering vector coincides with the slope of the ARL. Thus, stars in the retrograde 1:1 resonance experience strong scattering since they rema in on the resonance as they scatter in 𝐽𝑅 − 𝐽𝜙 space7. This is what drives the strong ridge feature at the retrograde 1:1 resonance. This is also reflected in the 𝐸 − 𝐿 𝑧 space: the slope of the ARL at the 1:1 retrograde resonance is aligned with the slope of 𝐸 𝐽, which corresponds to the slope along which stars scatter in this space. Therefore, stars at the 1:1 resonance scatter along 𝐸 𝐽, staying on resonance as they scatter. On the other hand, stars at the CR, OLR, and prograde 1:1 resonances, move away from their ARLs when they are scattered at these resonances.",4.1 Slope of scattering in action space,4.1 Slope of scattering in action space,,,,,Stirring Things Up: Bar-induced substructures in the stellar halo of a cosmological Milky Way analogue,"Thomas Tomlinson, Francesca Fragkoudi, Andreia Carrillo, Azadeh Fattahi, Paula Gherghinescu, Alis Deason, Rüdiger Pakmor, Robert J. J. Grand, Facundo A. Gómez, Freeke van de Voort, Rebekka Bieri",astro-ph.GA,2026-01-20T19:14:36Z,http://arxiv.org/abs/2601.14409v1,2601.14409,galactic_dynamics,189,145,False,False,840,985,False,2.0
astrobench_d82fccf1ca,astrobench_d82fccf1ca_chunk_037,37,"first on the corotation resonance, we see that there is no significant change in 𝐽𝑅, while 𝐽𝜙 is increased over the bar’s lifetime; this is in agreement with what we expect for stars at the corotation resonance (Sellwood & Binney 2002). On the other hand, as expected from the discussion above, the retrograde 1:1 resonance shows a decrease in 𝐽𝑅 as well as a decrease in 𝐿 𝑧, i.e. stars at the retrograde 1:1 resonance become more circular over time with a more pronounced retrograde motion. Thus, stars that are currently in the retrograde 1:1 resonance were scattered there from regions in 𝐸 − 𝐿 𝑧 space with less negative angular momentum and with higher 𝐽𝑅 (and higher 𝐸 ). The ridge is drawing stars from higher density regions of 𝐸 − 𝐿 𝑧 and depositing them at more retrograde locations, increasing the density of stars there compared to surrounding regions in 𝐸 − 𝐿 𝑧 space, thus creating a prominent ridge.",4.3 𝐿 𝑧 and 𝐽𝑅 changes at the resonances,4.3 𝐿 𝑧 and 𝐽𝑅 changes at the resonances,,,,,Stirring Things Up: Bar-induced substructures in the stellar halo of a cosmological Milky Way analogue,"Thomas Tomlinson, Francesca Fragkoudi, Andreia Carrillo, Azadeh Fattahi, Paula Gherghinescu, Alis Deason, Rüdiger Pakmor, Robert J. J. Grand, Facundo A. Gómez, Freeke van de Voort, Rebekka Bieri",astro-ph.GA,2026-01-20T19:14:36Z,http://arxiv.org/abs/2601.14409v1,2601.14409,galactic_dynamics,211,162,False,False,560,722,False,2.0
astrobench_d82fccf1ca,astrobench_d82fccf1ca_chunk_038,38,"at higher energies this is caused due to the metallicity gradient in energy, and at lower energies this is because mergers M1 and M2 contribute more, since they sink lower in to the host potential, and have lower metallicities. We hypothesise that higher metallicity stars may also be more prominent in the ridges because they tend to have lower 𝐽𝑧, which makes them more susceptible to being trapped by bar-induced resonances (see also Dillamore et al. 2024). This is also commonly seen for disc stellar populations, in which colder populations are more efficiently trapped by the bar resonances (see e.g., Fragkoudi et al. 2017; Debattista et al. 2017). A similar process leads to the distinct metallicity of the ridge in Fig. 2 which includes both in-situ and accreted stars, in which the ridge has a higher metallicity than the surrounding phase space. Insitu, high metallicity stars are found mainly in the prograde region close to the maximal 𝐿 𝑧. However, due to past mergers some in-situ stars have had their orbits altered to lower 𝐿 𝑧 – for example, in",4.4 Metallicity,4.4 Metallicity,,,,,Stirring Things Up: Bar-induced substructures in the stellar halo of a cosmological Milky Way analogue,"Thomas Tomlinson, Francesca Fragkoudi, Andreia Carrillo, Azadeh Fattahi, Paula Gherghinescu, Alis Deason, Rüdiger Pakmor, Robert J. J. Grand, Facundo A. Gómez, Freeke van de Voort, Rebekka Bieri",astro-ph.GA,2026-01-20T19:14:36Z,http://arxiv.org/abs/2601.14409v1,2601.14409,galactic_dynamics,234,180,False,False,140,320,False,2.0
astrobench_d82fccf1ca,astrobench_d82fccf1ca_chunk_039,39,"due to better sampling of phase space. Additionally, the large increase in stellar resolution leads to a more accurate potential in the inner regions of the halo, where stars dominate the potential. For a more detailed analysis of the effects of the Superstars method on the presence and nature of substructures we refer the reader to Pakmor et al. (2025a).",APPENDIX A: FIDUCIAL AURIGA RESOLUTION COMPARISON,APPENDIX A: FIDUCIAL AURIGA RESOLUTION COMPARISON,,,,,Stirring Things Up: Bar-induced substructures in the stellar halo of a cosmological Milky Way analogue,"Thomas Tomlinson, Francesca Fragkoudi, Andreia Carrillo, Azadeh Fattahi, Paula Gherghinescu, Alis Deason, Rüdiger Pakmor, Robert J. J. Grand, Facundo A. Gómez, Freeke van de Voort, Rebekka Bieri",astro-ph.GA,2026-01-20T19:14:36Z,http://arxiv.org/abs/2601.14409v1,2601.14409,galactic_dynamics,78,60,False,False,140,200,False,2.0
