id,topic,question_type,difficulty,question,keywords,gold_papers,paper_titles,gold_chunks_primary,gold_chunks_acceptable,candidate_chunk_ids,candidate_sections,review_status,review_notes
astro_q001,galactic_dynamics,definition,medium,What is phase mixing in the context of Galactic dynamics?,phase mixing | non-equilibrium structure,astrobench_eb380fd57f | astrobench_e6b347fbf5 | astrobench_1e3dee4300,Phase spirals across galactic disks I: Exploring dynamical influences on winding | Set the Night on FIRE: Building an Empirical Local Dark Matter Velocity Distribution | Bar Properties and Star-by-Star Bar Membership via Action Conservation,astrobench_eb380fd57f_chunk_034 | astrobench_eb380fd57f_chunk_039,astrobench_eb380fd57f_chunk_022 | astrobench_eb380fd57f_chunk_037 | astrobench_eb380fd57f_chunk_021,astrobench_eb380fd57f_chunk_034 | astrobench_eb380fd57f_chunk_039 | astrobench_eb380fd57f_chunk_022 | astrobench_eb380fd57f_chunk_037 | astrobench_eb380fd57f_chunk_021 | astrobench_e6b347fbf5_chunk_003 | astrobench_eb380fd57f_chunk_017 | astrobench_eb380fd57f_chunk_025 | astrobench_eb380fd57f_chunk_012 | astrobench_eb380fd57f_chunk_026 | astrobench_eb380fd57f_chunk_000 | astrobench_1e3dee4300_chunk_006,astrobench_eb380fd57f_chunk_034::2.2.Self-consistent N-body simulation | astrobench_eb380fd57f_chunk_039::5.TOWARDS UNDERSTANDING THE FEATURES IN THE N-BODY WINDING EVOLUTION | astrobench_eb380fd57f_chunk_022::4.1.Test particle phase spiral winding | astrobench_eb380fd57f_chunk_037::4.1.Test particle phase spiral winding | astrobench_eb380fd57f_chunk_021::3.2.2.Deriving winding times | astrobench_e6b347fbf5_chunk_003::3.1.2.Accretion History | astrobench_eb380fd57f_chunk_017::2.2.Self-consistent N-body simulation | astrobench_eb380fd57f_chunk_025::5.TOWARDS UNDERSTANDING THE FEATURES IN THE N-BODY WINDING EVOLUTION | astrobench_eb380fd57f_chunk_012::5.2.1.Toy model 1: creating a delay at the start of winding | astrobench_eb380fd57f_chunk_026::5.3.Critical assessment | astrobench_eb380fd57f_chunk_000::5.2.1.Toy model 1: creating a delay at the start of winding | astrobench_1e3dee4300_chunk_006::1.2 Dynamical Actions,TODO,
astro_q002,distribution_functions,method,hard,How is phase-space density used when fitting Galactic dynamical models?,phase-space density | distribution functions,astrobench_3474c47fe1 | astrobench_a877243f10 | astrobench_3644e67b5c,Self-consistent dynamical models with a finite extent -- V. Smooth radial truncations and phase-space consistency | Distribution functions for spheroids | Probabilistic inference in very large universes,astrobench_3474c47fe1_chunk_022 | astrobench_3474c47fe1_chunk_004,astrobench_a877243f10_chunk_019 | astrobench_3474c47fe1_chunk_006 | astrobench_a877243f10_chunk_028,astrobench_3474c47fe1_chunk_022 | astrobench_3474c47fe1_chunk_004 | astrobench_a877243f10_chunk_019 | astrobench_3474c47fe1_chunk_006 | astrobench_a877243f10_chunk_028 | astrobench_3474c47fe1_chunk_020 | astrobench_3474c47fe1_chunk_012 | astrobench_3474c47fe1_chunk_008 | astrobench_3474c47fe1_chunk_025 | astrobench_3474c47fe1_chunk_021 | astrobench_3644e67b5c_chunk_013 | astrobench_3474c47fe1_chunk_013,astrobench_3474c47fe1_chunk_022::4.4 The distribution function as consistency diagnostic | astrobench_3474c47fe1_chunk_004::5 SUMMARY | astrobench_a877243f10_chunk_019::3.2 Flattened models | astrobench_3474c47fe1_chunk_006::3.1 The Hernquist model | astrobench_a877243f10_chunk_028::3.2 Flattened models | astrobench_3474c47fe1_chunk_020::4.4 The distribution function as consistency diagnostic | astrobench_3474c47fe1_chunk_012::4.1 Sharp versus soft truncations | astrobench_3474c47fe1_chunk_008::5 SUMMARY | astrobench_3474c47fe1_chunk_025::4.3 Stability considerations | astrobench_3474c47fe1_chunk_021::4.4 The distribution function as consistency diagnostic | astrobench_3644e67b5c_chunk_013::III-B.Principle of Self-Locating Indifference | astrobench_3474c47fe1_chunk_013::4.1 Sharp versus soft truncations,TODO,
astro_q003,action_angle_methods,challenge,easy,What makes learning action-angle coordinates from trajectory data difficult?,action-angle coordinates | orbital frequencies,astrobench_a36c60393b | astrobench_eb380fd57f | astrobench_1e3dee4300 | astrobench_a877243f10 | astrobench_d82fccf1ca,Exploring the formation mechanisms of tidal structures in globular clusters of extragalactic origin | Phase spirals across galactic disks I: Exploring dynamical influences on winding | Bar Properties and Star-by-Star Bar Membership via Action Conservation | Distribution functions for spheroids | Stirring Things Up: Bar-induced substructures in the stellar halo of a cosmological Milky Way analogue,astrobench_a36c60393b_chunk_010 | astrobench_a36c60393b_chunk_033,astrobench_eb380fd57f_chunk_020 | astrobench_a36c60393b_chunk_015 | astrobench_1e3dee4300_chunk_007,astrobench_a36c60393b_chunk_010 | astrobench_a36c60393b_chunk_033 | astrobench_eb380fd57f_chunk_020 | astrobench_a36c60393b_chunk_015 | astrobench_1e3dee4300_chunk_007 | astrobench_eb380fd57f_chunk_018 | astrobench_1e3dee4300_chunk_014 | astrobench_a877243f10_chunk_027 | astrobench_d82fccf1ca_chunk_041 | astrobench_1e3dee4300_chunk_006 | astrobench_15ca427d22_chunk_013 | astrobench_0deff610d0_chunk_035,astrobench_a36c60393b_chunk_010::4.3.Influence of orbital parameters on tidal feature formation | astrobench_a36c60393b_chunk_033::4.3.Influence of orbital parameters on tidal feature formation | astrobench_eb380fd57f_chunk_020::3.1.2.Binning particles with a common history | astrobench_a36c60393b_chunk_015::4.4.Environmental independence of tidal morphologies | astrobench_1e3dee4300_chunk_007::1.2 Dynamical Actions | astrobench_eb380fd57f_chunk_018::3.1.Choice of coordinate systems | astrobench_1e3dee4300_chunk_014::1.2 Dynamical Actions | astrobench_a877243f10_chunk_027::3.2 Flattened models | astrobench_d82fccf1ca_chunk_041::2.2 Calculating orbital frequencies | astrobench_1e3dee4300_chunk_006::1.2 Dynamical Actions | astrobench_15ca427d22_chunk_013::2.4.Orbital Parameters | astrobench_0deff610d0_chunk_035::2.2 Track Extraction,TODO,
astro_q004,scientific_retrieval,comparison,hard,Why might reranking outperform dense retrieval on scientific papers?,reranking | dense retrieval,astrobench_3644e67b5c | astrobench_79edfd6850 | astrobench_d82fccf1ca | astrobench_15ca427d22 | astrobench_cc18f51e25,Probabilistic inference in very large universes | Constraining the Galactic bar and spiral pattern speeds with the Hyades tidal stream | Stirring Things Up: Bar-induced substructures in the stellar halo of a cosmological Milky Way analogue | A Low-mass Model of The Milky Way: The Disk Warp Resulting from A Galaxy Merger | Laplace-Legendre expansion of the planar planetary Hamiltonian,astrobench_3644e67b5c_chunk_047 | astrobench_79edfd6850_chunk_010,astrobench_d82fccf1ca_chunk_031 | astrobench_15ca427d22_chunk_014 | astrobench_15ca427d22_chunk_016,astrobench_3644e67b5c_chunk_047 | astrobench_79edfd6850_chunk_010 | astrobench_d82fccf1ca_chunk_031 | astrobench_15ca427d22_chunk_014 | astrobench_15ca427d22_chunk_016 | astrobench_cc18f51e25_chunk_002 | astrobench_3474c47fe1_chunk_015 | astrobench_c4e7b8fe70_chunk_000 | astrobench_3474c47fe1_chunk_007 | astrobench_3644e67b5c_chunk_018 | astrobench_3644e67b5c_chunk_051 | astrobench_3644e67b5c_chunk_020,"astrobench_3644e67b5c_chunk_047::IV-B.When we evaluate theories, should we use only what we know for certain? | astrobench_79edfd6850_chunk_010::2.3.3.Proper motions | astrobench_d82fccf1ca_chunk_031::3.2 Connection to configuration space | astrobench_15ca427d22_chunk_014::3.DM HALO IN SIMULATION | astrobench_15ca427d22_chunk_016::3.DM HALO IN SIMULATION | astrobench_cc18f51e25_chunk_002::5 Conclusion | astrobench_3474c47fe1_chunk_015::4.2 Extension to anisotropic orbital structures | astrobench_c4e7b8fe70_chunk_000::2.1.Numerical Disk Model | astrobench_3474c47fe1_chunk_007::1 INTRODUCTION | astrobench_3644e67b5c_chunk_018::IV-B.When we evaluate theories, should we use only what we know for certain? | astrobench_3644e67b5c_chunk_051::IV-C.Rejection of theories in which Boltzmann Brains dominate | astrobench_3644e67b5c_chunk_020::IV-B.When we evaluate theories, should we use only what we know for certain?",TODO,
astro_q005,scientific_qa,challenge,medium,Why can evidence attribution lead to unsupported answers in scientific QA?,evidence attribution | gold evidence chunks,astrobench_3644e67b5c | astrobench_a36c60393b | astrobench_eb380fd57f | astrobench_98f72fa560,Probabilistic inference in very large universes | Exploring the formation mechanisms of tidal structures in globular clusters of extragalactic origin | Phase spirals across galactic disks I: Exploring dynamical influences on winding | A Selection Aware View of Black Hole-Galaxy Coevolution at High Redshift,astrobench_3644e67b5c_chunk_031 | astrobench_a36c60393b_chunk_038,astrobench_3644e67b5c_chunk_020 | astrobench_eb380fd57f_chunk_003 | astrobench_3644e67b5c_chunk_032,astrobench_3644e67b5c_chunk_031 | astrobench_a36c60393b_chunk_038 | astrobench_3644e67b5c_chunk_020 | astrobench_eb380fd57f_chunk_003 | astrobench_3644e67b5c_chunk_032 | astrobench_3644e67b5c_chunk_022 | astrobench_eb380fd57f_chunk_002 | astrobench_3644e67b5c_chunk_030 | astrobench_3644e67b5c_chunk_056 | astrobench_98f72fa560_chunk_009 | astrobench_98f72fa560_chunk_005 | astrobench_a36c60393b_chunk_035,"astrobench_3644e67b5c_chunk_031::IV-E.Use of “Old Evidence” | astrobench_a36c60393b_chunk_038::4.4.Environmental independence of tidal morphologies | astrobench_3644e67b5c_chunk_020::IV-B.When we evaluate theories, should we use only what we know for certain? | astrobench_eb380fd57f_chunk_003::5.2.1.Toy model 1: creating a delay at the start of winding | astrobench_3644e67b5c_chunk_032::IV-E.Use of “Old Evidence” | astrobench_3644e67b5c_chunk_022::IV-B.When we evaluate theories, should we use only what we know for certain? | astrobench_eb380fd57f_chunk_002::5.2.1.Toy model 1: creating a delay at the start of winding | astrobench_3644e67b5c_chunk_030::IV-E.Use of “Old Evidence” | astrobench_3644e67b5c_chunk_056::IV-D.Humans and Jovians | astrobench_98f72fa560_chunk_009::3.3.Inferring the M BH -M⋆ relation | astrobench_98f72fa560_chunk_005::3.2.Testing the recovery of local scaling relations | astrobench_a36c60393b_chunk_035::4.3.1.Possible group-sensitive parameters",TODO,
astro_q006,galactic_dynamics,challenge,easy,What are the main uncertainties when interpreting vertical phase-space spirals?,vertical phase-space spirals | disc disequilibrium,astrobench_eb380fd57f | astrobench_3474c47fe1 | astrobench_d82fccf1ca,Phase spirals across galactic disks I: Exploring dynamical influences on winding | Self-consistent dynamical models with a finite extent -- V. Smooth radial truncations and phase-space consistency | Stirring Things Up: Bar-induced substructures in the stellar halo of a cosmological Milky Way analogue,astrobench_eb380fd57f_chunk_021 | astrobench_eb380fd57f_chunk_018,astrobench_3474c47fe1_chunk_025 | astrobench_3474c47fe1_chunk_008 | astrobench_eb380fd57f_chunk_016,astrobench_eb380fd57f_chunk_021 | astrobench_eb380fd57f_chunk_018 | astrobench_3474c47fe1_chunk_025 | astrobench_3474c47fe1_chunk_008 | astrobench_eb380fd57f_chunk_016 | astrobench_3474c47fe1_chunk_012 | astrobench_3474c47fe1_chunk_020 | astrobench_eb380fd57f_chunk_004 | astrobench_eb380fd57f_chunk_022 | astrobench_d82fccf1ca_chunk_001 | astrobench_eb380fd57f_chunk_041 | astrobench_eb380fd57f_chunk_032,astrobench_eb380fd57f_chunk_021::3.2.2.Deriving winding times | astrobench_eb380fd57f_chunk_018::3.1.Choice of coordinate systems | astrobench_3474c47fe1_chunk_025::4.3 Stability considerations | astrobench_3474c47fe1_chunk_008::5 SUMMARY | astrobench_eb380fd57f_chunk_016::6.1.Connecting simulation results to the Milky Way | astrobench_3474c47fe1_chunk_012::4.1 Sharp versus soft truncations | astrobench_3474c47fe1_chunk_020::4.4 The distribution function as consistency diagnostic | astrobench_eb380fd57f_chunk_004::5.2.2.Toy model 2: creating different T fit slopes | astrobench_eb380fd57f_chunk_022::4.1.Test particle phase spiral winding | astrobench_d82fccf1ca_chunk_001::1 INTRODUCTION | astrobench_eb380fd57f_chunk_041::5.TOWARDS UNDERSTANDING THE FEATURES IN THE N-BODY WINDING EVOLUTION | astrobench_eb380fd57f_chunk_032::6.3.Implications for studying the Milky Way phase spirals’ origins,TODO,
astro_q007,distribution_functions,definition,easy,What is the role of distribution functions in distribution-function modelling?,distribution functions | Fokker-Planck modelling,astrobench_a877243f10,Distribution functions for spheroids,astrobench_a877243f10_chunk_023 | astrobench_a877243f10_chunk_031,astrobench_a877243f10_chunk_028 | astrobench_a877243f10_chunk_034 | astrobench_a877243f10_chunk_027,astrobench_a877243f10_chunk_023 | astrobench_a877243f10_chunk_031 | astrobench_a877243f10_chunk_028 | astrobench_a877243f10_chunk_034 | astrobench_a877243f10_chunk_027 | astrobench_a877243f10_chunk_007 | astrobench_a877243f10_chunk_012 | astrobench_a877243f10_chunk_017 | astrobench_a877243f10_chunk_001 | astrobench_a877243f10_chunk_021 | astrobench_a877243f10_chunk_009 | astrobench_a877243f10_chunk_030,astrobench_a877243f10_chunk_023::3.3 Summary | astrobench_a877243f10_chunk_031::5 OBLATE MODELS | astrobench_a877243f10_chunk_028::3.2 Flattened models | astrobench_a877243f10_chunk_034::2 THE PROBLEM | astrobench_a877243f10_chunk_027::3.2 Flattened models | astrobench_a877243f10_chunk_007::3.1 Spherical models | astrobench_a877243f10_chunk_012::8 CONCLUSIONS | astrobench_a877243f10_chunk_017::3.2 Flattened models | astrobench_a877243f10_chunk_001::1 INTRODUCTION | astrobench_a877243f10_chunk_021::5 OBLATE MODELS | astrobench_a877243f10_chunk_009::6 SELF-CONSISTENT MODELS | astrobench_a877243f10_chunk_030::5 OBLATE MODELS,TODO,
astro_q008,action_angle_methods,comparison,hard,How does Hamiltonian invariants compare with action-angle coordinates for analysing orbits?,Hamiltonian invariants | action-angle coordinates,astrobench_a36c60393b | astrobench_1e3dee4300 | astrobench_eb380fd57f | astrobench_0deff610d0 | astrobench_705f443da5,"Exploring the formation mechanisms of tidal structures in globular clusters of extragalactic origin | Bar Properties and Star-by-Star Bar Membership via Action Conservation | Phase spirals across galactic disks I: Exploring dynamical influences on winding | Hierarchical bayesian inference: constraining population distribution of dark matter halo shapes via stellar streams | Distribution function-based modelling of discrete kinematic datasets, in application to the Milky Way nuclear star cluster",astrobench_a36c60393b_chunk_010 | astrobench_a36c60393b_chunk_033,astrobench_a36c60393b_chunk_015 | astrobench_1e3dee4300_chunk_007 | astrobench_1e3dee4300_chunk_014,astrobench_a36c60393b_chunk_010 | astrobench_a36c60393b_chunk_033 | astrobench_a36c60393b_chunk_015 | astrobench_1e3dee4300_chunk_007 | astrobench_1e3dee4300_chunk_014 | astrobench_1e3dee4300_chunk_006 | astrobench_eb380fd57f_chunk_020 | astrobench_eb380fd57f_chunk_018 | astrobench_eb380fd57f_chunk_019 | astrobench_0deff610d0_chunk_035 | astrobench_705f443da5_chunk_042 | astrobench_15ca427d22_chunk_013,"astrobench_a36c60393b_chunk_010::4.3.Influence of orbital parameters on tidal feature formation | astrobench_a36c60393b_chunk_033::4.3.Influence of orbital parameters on tidal feature formation | astrobench_a36c60393b_chunk_015::4.4.Environmental independence of tidal morphologies | astrobench_1e3dee4300_chunk_007::1.2 Dynamical Actions | astrobench_1e3dee4300_chunk_014::1.2 Dynamical Actions | astrobench_1e3dee4300_chunk_006::1.2 Dynamical Actions | astrobench_eb380fd57f_chunk_020::3.1.2.Binning particles with a common history | astrobench_eb380fd57f_chunk_018::3.1.Choice of coordinate systems | astrobench_eb380fd57f_chunk_019::3.1.1.Using ( θz, Jz ) to simplify phase spiral morphology | astrobench_0deff610d0_chunk_035::2.2 Track Extraction | astrobench_705f443da5_chunk_042::3.3.1.Computation of projected DF and density | astrobench_15ca427d22_chunk_013::2.4.Orbital Parameters",TODO,
astro_q009,scientific_retrieval,definition,medium,What does section-aware chunking mean in the setting of scientific document retrieval?,section-aware chunking | hybrid retrieval,astrobench_ef28bece42 | astrobench_f31aa696a1 | astrobench_98f72fa560 | astrobench_d82fccf1ca | astrobench_3644e67b5c,Galactic disc warps from $z = 2.5$ to modern epoch: ruling out observational effects | Forward-modelling Milky Way Cepheids: selection effects and physical priors in the Gaia-HST calibration | A Selection Aware View of Black Hole-Galaxy Coevolution at High Redshift | Stirring Things Up: Bar-induced substructures in the stellar halo of a cosmological Milky Way analogue | Probabilistic inference in very large universes,astrobench_ef28bece42_chunk_004 | astrobench_f31aa696a1_chunk_021,astrobench_98f72fa560_chunk_024 | astrobench_98f72fa560_chunk_013 | astrobench_98f72fa560_chunk_019,astrobench_ef28bece42_chunk_004 | astrobench_f31aa696a1_chunk_021 | astrobench_98f72fa560_chunk_024 | astrobench_98f72fa560_chunk_013 | astrobench_98f72fa560_chunk_019 | astrobench_98f72fa560_chunk_004 | astrobench_98f72fa560_chunk_018 | astrobench_98f72fa560_chunk_017 | astrobench_d82fccf1ca_chunk_010 | astrobench_98f72fa560_chunk_010 | astrobench_3644e67b5c_chunk_029 | astrobench_6b026e54cb_chunk_020,astrobench_ef28bece42_chunk_004::2.SAMPLE AND DATA ANALYSIS | astrobench_f31aa696a1_chunk_021::2 R.Stiskalek et al | astrobench_98f72fa560_chunk_024::F.Ziparo et al.: A Selection Aware View of Black Hole–Galaxy Coevolution at High Redshift | astrobench_98f72fa560_chunk_013::F.Ziparo et al.: A Selection Aware View of Black Hole–Galaxy Coevolution at High Redshift | astrobench_98f72fa560_chunk_019::5.Comparison with previous works | astrobench_98f72fa560_chunk_004::3.1.Detectability mapping | astrobench_98f72fa560_chunk_018::F.Ziparo et al.: A Selection Aware View of Black Hole–Galaxy Coevolution at High Redshift | astrobench_98f72fa560_chunk_017::3.3.Inferring the M BH -M⋆ relation | astrobench_d82fccf1ca_chunk_010::1 INTRODUCTION | astrobench_98f72fa560_chunk_010::F.Ziparo et al.: A Selection Aware View of Black Hole–Galaxy Coevolution at High Redshift | astrobench_3644e67b5c_chunk_029::we find | astrobench_6b026e54cb_chunk_020::2.Chemical evolution models,TODO,
astro_q010,scientific_qa,challenge,easy,Why can gold evidence chunks lead to unsupported answers in scientific QA?,gold evidence chunks | citation-faithful answering,astrobench_3644e67b5c | astrobench_98f72fa560 | astrobench_a36c60393b | astrobench_eb380fd57f,Probabilistic inference in very large universes | A Selection Aware View of Black Hole-Galaxy Coevolution at High Redshift | Exploring the formation mechanisms of tidal structures in globular clusters of extragalactic origin | Phase spirals across galactic disks I: Exploring dynamical influences on winding,astrobench_3644e67b5c_chunk_020 | astrobench_98f72fa560_chunk_005,astrobench_3644e67b5c_chunk_031 | astrobench_a36c60393b_chunk_038 | astrobench_eb380fd57f_chunk_003,astrobench_3644e67b5c_chunk_020 | astrobench_98f72fa560_chunk_005 | astrobench_3644e67b5c_chunk_031 | astrobench_a36c60393b_chunk_038 | astrobench_eb380fd57f_chunk_003 | astrobench_3644e67b5c_chunk_022 | astrobench_3644e67b5c_chunk_032 | astrobench_3644e67b5c_chunk_056 | astrobench_eb380fd57f_chunk_002 | astrobench_3644e67b5c_chunk_030 | astrobench_3644e67b5c_chunk_055 | astrobench_3644e67b5c_chunk_047,"astrobench_3644e67b5c_chunk_020::IV-B.When we evaluate theories, should we use only what we know for certain? | astrobench_98f72fa560_chunk_005::3.2.Testing the recovery of local scaling relations | astrobench_3644e67b5c_chunk_031::IV-E.Use of “Old Evidence” | astrobench_a36c60393b_chunk_038::4.4.Environmental independence of tidal morphologies | astrobench_eb380fd57f_chunk_003::5.2.1.Toy model 1: creating a delay at the start of winding | astrobench_3644e67b5c_chunk_022::IV-B.When we evaluate theories, should we use only what we know for certain? | astrobench_3644e67b5c_chunk_032::IV-E.Use of “Old Evidence” | astrobench_3644e67b5c_chunk_056::IV-D.Humans and Jovians | astrobench_eb380fd57f_chunk_002::5.2.1.Toy model 1: creating a delay at the start of winding | astrobench_3644e67b5c_chunk_030::IV-E.Use of “Old Evidence” | astrobench_3644e67b5c_chunk_055::we find | astrobench_3644e67b5c_chunk_047::IV-B.When we evaluate theories, should we use only what we know for certain?",TODO,
astro_q011,galactic_dynamics,comparison,easy,How does phase mixing compare with vertical phase-space spirals in models of the Milky Way?,phase mixing | vertical phase-space spirals,astrobench_eb380fd57f | astrobench_3474c47fe1,Phase spirals across galactic disks I: Exploring dynamical influences on winding | Self-consistent dynamical models with a finite extent -- V. Smooth radial truncations and phase-space consistency,astrobench_eb380fd57f_chunk_021 | astrobench_eb380fd57f_chunk_039,astrobench_eb380fd57f_chunk_034 | astrobench_eb380fd57f_chunk_037 | astrobench_eb380fd57f_chunk_022,astrobench_eb380fd57f_chunk_021 | astrobench_eb380fd57f_chunk_039 | astrobench_eb380fd57f_chunk_034 | astrobench_eb380fd57f_chunk_037 | astrobench_eb380fd57f_chunk_022 | astrobench_eb380fd57f_chunk_032 | astrobench_eb380fd57f_chunk_017 | astrobench_eb380fd57f_chunk_040 | astrobench_eb380fd57f_chunk_026 | astrobench_eb380fd57f_chunk_000 | astrobench_3474c47fe1_chunk_025 | astrobench_eb380fd57f_chunk_025,astrobench_eb380fd57f_chunk_021::3.2.2.Deriving winding times | astrobench_eb380fd57f_chunk_039::5.TOWARDS UNDERSTANDING THE FEATURES IN THE N-BODY WINDING EVOLUTION | astrobench_eb380fd57f_chunk_034::2.2.Self-consistent N-body simulation | astrobench_eb380fd57f_chunk_037::4.1.Test particle phase spiral winding | astrobench_eb380fd57f_chunk_022::4.1.Test particle phase spiral winding | astrobench_eb380fd57f_chunk_032::6.3.Implications for studying the Milky Way phase spirals’ origins | astrobench_eb380fd57f_chunk_017::2.2.Self-consistent N-body simulation | astrobench_eb380fd57f_chunk_040::6.3.Implications for studying the Milky Way phase spirals’ origins | astrobench_eb380fd57f_chunk_026::5.3.Critical assessment | astrobench_eb380fd57f_chunk_000::5.2.1.Toy model 1: creating a delay at the start of winding | astrobench_3474c47fe1_chunk_025::4.3 Stability considerations | astrobench_eb380fd57f_chunk_025::5.TOWARDS UNDERSTANDING THE FEATURES IN THE N-BODY WINDING EVOLUTION,TODO,
astro_q012,distribution_functions,comparison,easy,How does phase-space density differ from survey incompleteness in Galactic modelling workflows?,phase-space density | survey incompleteness,astrobench_3644e67b5c | astrobench_705f443da5 | astrobench_a877243f10 | astrobench_3474c47fe1,"Probabilistic inference in very large universes | Distribution function-based modelling of discrete kinematic datasets, in application to the Milky Way nuclear star cluster | Distribution functions for spheroids | Self-consistent dynamical models with a finite extent -- V. Smooth radial truncations and phase-space consistency",astrobench_3644e67b5c_chunk_013 | astrobench_705f443da5_chunk_032,astrobench_a877243f10_chunk_019 | astrobench_3474c47fe1_chunk_012 | astrobench_3474c47fe1_chunk_008,astrobench_3644e67b5c_chunk_013 | astrobench_705f443da5_chunk_032 | astrobench_a877243f10_chunk_019 | astrobench_3474c47fe1_chunk_012 | astrobench_3474c47fe1_chunk_008 | astrobench_3474c47fe1_chunk_022 | astrobench_a877243f10_chunk_028 | astrobench_3474c47fe1_chunk_025 | astrobench_3474c47fe1_chunk_013 | astrobench_3474c47fe1_chunk_004 | astrobench_3474c47fe1_chunk_019 | astrobench_3474c47fe1_chunk_021,astrobench_3644e67b5c_chunk_013::III-B.Principle of Self-Locating Indifference | astrobench_705f443da5_chunk_032::3.3.1.Computation of projected DF and density | astrobench_a877243f10_chunk_019::3.2 Flattened models | astrobench_3474c47fe1_chunk_012::4.1 Sharp versus soft truncations | astrobench_3474c47fe1_chunk_008::5 SUMMARY | astrobench_3474c47fe1_chunk_022::4.4 The distribution function as consistency diagnostic | astrobench_a877243f10_chunk_028::3.2 Flattened models | astrobench_3474c47fe1_chunk_025::4.3 Stability considerations | astrobench_3474c47fe1_chunk_013::4.1 Sharp versus soft truncations | astrobench_3474c47fe1_chunk_004::5 SUMMARY | astrobench_3474c47fe1_chunk_019::4.3 Stability considerations | astrobench_3474c47fe1_chunk_021::4.4 The distribution function as consistency diagnostic,TODO,
astro_q013,action_angle_methods,method,hard,How are trajectory-based coordinate learning used to describe orbital structure?,trajectory-based coordinate learning | canonical coordinates,astrobench_705f443da5 | astrobench_a36c60393b | astrobench_eb380fd57f | astrobench_b7b4f9944a | astrobench_3474c47fe1,"Distribution function-based modelling of discrete kinematic datasets, in application to the Milky Way nuclear star cluster | Exploring the formation mechanisms of tidal structures in globular clusters of extragalactic origin | Phase spirals across galactic disks I: Exploring dynamical influences on winding | Quantifying the Milky Way, LMC and their interaction using all-sky kinematics of outer halo stars | Self-consistent dynamical models with a finite extent -- V. Smooth radial truncations and phase-space consistency",astrobench_705f443da5_chunk_011 | astrobench_a36c60393b_chunk_010,astrobench_eb380fd57f_chunk_018 | astrobench_b7b4f9944a_chunk_007 | astrobench_eb380fd57f_chunk_033,astrobench_705f443da5_chunk_011 | astrobench_a36c60393b_chunk_010 | astrobench_eb380fd57f_chunk_018 | astrobench_b7b4f9944a_chunk_007 | astrobench_eb380fd57f_chunk_033 | astrobench_705f443da5_chunk_012 | astrobench_3474c47fe1_chunk_002 | astrobench_e6b347fbf5_chunk_008 | astrobench_0deff610d0_chunk_009 | astrobench_d82fccf1ca_chunk_017 | astrobench_f31aa696a1_chunk_028 | astrobench_1e3dee4300_chunk_003,astrobench_705f443da5_chunk_011::3.MODEL FITTING | astrobench_a36c60393b_chunk_010::4.3.Influence of orbital parameters on tidal feature formation | astrobench_eb380fd57f_chunk_018::3.1.Choice of coordinate systems | astrobench_b7b4f9944a_chunk_007::1 INTRODUCTION | astrobench_eb380fd57f_chunk_033::2.1.Test Particle Simulation | astrobench_705f443da5_chunk_012::3.MODEL FITTING | astrobench_3474c47fe1_chunk_002::1 INTRODUCTION | astrobench_e6b347fbf5_chunk_008::B.2.Subhalo-subhalo mergers | astrobench_0deff610d0_chunk_009::2 METHODS | astrobench_d82fccf1ca_chunk_017::3 RESONANCES IN THE STELLAR HALO | astrobench_f31aa696a1_chunk_028::5.1 Comparison with previous approaches | astrobench_1e3dee4300_chunk_003::1.1 Background,TODO,
astro_q014,scientific_retrieval,method,easy,How does reranking improve scientific retrieval pipelines?,reranking | evidence chunks,astrobench_3644e67b5c | astrobench_0deff610d0 | astrobench_a36c60393b | astrobench_b7b4f9944a | astrobench_eb380fd57f,"Probabilistic inference in very large universes | Hierarchical bayesian inference: constraining population distribution of dark matter halo shapes via stellar streams | Exploring the formation mechanisms of tidal structures in globular clusters of extragalactic origin | Quantifying the Milky Way, LMC and their interaction using all-sky kinematics of outer halo stars | Phase spirals across galactic disks I: Exploring dynamical influences on winding",astrobench_3644e67b5c_chunk_022 | astrobench_3644e67b5c_chunk_047,astrobench_3644e67b5c_chunk_031 | astrobench_0deff610d0_chunk_032 | astrobench_a36c60393b_chunk_038,astrobench_3644e67b5c_chunk_022 | astrobench_3644e67b5c_chunk_047 | astrobench_3644e67b5c_chunk_031 | astrobench_0deff610d0_chunk_032 | astrobench_a36c60393b_chunk_038 | astrobench_b7b4f9944a_chunk_005 | astrobench_eb380fd57f_chunk_003 | astrobench_b7b4f9944a_chunk_004 | astrobench_b7b4f9944a_chunk_006 | astrobench_3644e67b5c_chunk_032 | astrobench_3644e67b5c_chunk_038 | astrobench_eb380fd57f_chunk_002,"astrobench_3644e67b5c_chunk_022::IV-B.When we evaluate theories, should we use only what we know for certain? | astrobench_3644e67b5c_chunk_047::IV-B.When we evaluate theories, should we use only what we know for certain? | astrobench_3644e67b5c_chunk_031::IV-E.Use of “Old Evidence” | astrobench_0deff610d0_chunk_032::2.1 Stream Generation | astrobench_a36c60393b_chunk_038::4.4.Environmental independence of tidal morphologies | astrobench_b7b4f9944a_chunk_005::1 INTRODUCTION | astrobench_eb380fd57f_chunk_003::5.2.1.Toy model 1: creating a delay at the start of winding | astrobench_b7b4f9944a_chunk_004::1 INTRODUCTION | astrobench_b7b4f9944a_chunk_006::1 INTRODUCTION | astrobench_3644e67b5c_chunk_032::IV-E.Use of “Old Evidence” | astrobench_3644e67b5c_chunk_038::In Ref.[20], Hartle and Srednicki wrote | astrobench_eb380fd57f_chunk_002::5.2.1.Toy model 1: creating a delay at the start of winding",TODO,
astro_q015,scientific_qa,comparison,hard,How does abstention differ from benchmark reproducibility in scientific QA evaluation?,abstention | benchmark reproducibility,astrobench_3644e67b5c | astrobench_a877243f10 | astrobench_3474c47fe1 | astrobench_a36c60393b | astrobench_f31aa696a1,Probabilistic inference in very large universes | Distribution functions for spheroids | Self-consistent dynamical models with a finite extent -- V. Smooth radial truncations and phase-space consistency | Exploring the formation mechanisms of tidal structures in globular clusters of extragalactic origin | Forward-modelling Milky Way Cepheids: selection effects and physical priors in the Gaia-HST calibration,astrobench_3644e67b5c_chunk_018 | astrobench_a877243f10_chunk_011,astrobench_3474c47fe1_chunk_011 | astrobench_3644e67b5c_chunk_047 | astrobench_a36c60393b_chunk_032,astrobench_3644e67b5c_chunk_018 | astrobench_a877243f10_chunk_011 | astrobench_3474c47fe1_chunk_011 | astrobench_3644e67b5c_chunk_047 | astrobench_a36c60393b_chunk_032 | astrobench_f31aa696a1_chunk_030 | astrobench_705f443da5_chunk_034 | astrobench_3474c47fe1_chunk_021 | astrobench_e6b347fbf5_chunk_006 | astrobench_3644e67b5c_chunk_051 | astrobench_3644e67b5c_chunk_020 | astrobench_a877243f10_chunk_010,"astrobench_3644e67b5c_chunk_018::IV-B.When we evaluate theories, should we use only what we know for certain? | astrobench_a877243f10_chunk_011::6 SELF-CONSISTENT MODELS | astrobench_3474c47fe1_chunk_011::2.2 Implementation in SpheCow | astrobench_3644e67b5c_chunk_047::IV-B.When we evaluate theories, should we use only what we know for certain? | astrobench_a36c60393b_chunk_032::4.2.Dependence of tidal features on intrinsic properties | astrobench_f31aa696a1_chunk_030::18 R.Stiskalek et al | astrobench_705f443da5_chunk_034::3.3.2.Computation of velocity distributions | astrobench_3474c47fe1_chunk_021::4.4 The distribution function as consistency diagnostic | astrobench_e6b347fbf5_chunk_006::3.1.4.Matching stellar velocity distribution with DM | astrobench_3644e67b5c_chunk_051::IV-C.Rejection of theories in which Boltzmann Brains dominate | astrobench_3644e67b5c_chunk_020::IV-B.When we evaluate theories, should we use only what we know for certain? | astrobench_a877243f10_chunk_010::6 SELF-CONSISTENT MODELS",TODO,
astro_q016,galactic_dynamics,comparison,easy,How does non-equilibrium structure compare with phase mixing in models of the Milky Way?,non-equilibrium structure | phase mixing,astrobench_eb380fd57f | astrobench_e6b347fbf5 | astrobench_3474c47fe1,Phase spirals across galactic disks I: Exploring dynamical influences on winding | Set the Night on FIRE: Building an Empirical Local Dark Matter Velocity Distribution | Self-consistent dynamical models with a finite extent -- V. Smooth radial truncations and phase-space consistency,astrobench_eb380fd57f_chunk_034 | astrobench_eb380fd57f_chunk_039,astrobench_eb380fd57f_chunk_017 | astrobench_eb380fd57f_chunk_022 | astrobench_eb380fd57f_chunk_037,astrobench_eb380fd57f_chunk_034 | astrobench_eb380fd57f_chunk_039 | astrobench_eb380fd57f_chunk_017 | astrobench_eb380fd57f_chunk_022 | astrobench_eb380fd57f_chunk_037 | astrobench_e6b347fbf5_chunk_003 | astrobench_eb380fd57f_chunk_012 | astrobench_eb380fd57f_chunk_026 | astrobench_eb380fd57f_chunk_000 | astrobench_eb380fd57f_chunk_021 | astrobench_3474c47fe1_chunk_025 | astrobench_3474c47fe1_chunk_023,astrobench_eb380fd57f_chunk_034::2.2.Self-consistent N-body simulation | astrobench_eb380fd57f_chunk_039::5.TOWARDS UNDERSTANDING THE FEATURES IN THE N-BODY WINDING EVOLUTION | astrobench_eb380fd57f_chunk_017::2.2.Self-consistent N-body simulation | astrobench_eb380fd57f_chunk_022::4.1.Test particle phase spiral winding | astrobench_eb380fd57f_chunk_037::4.1.Test particle phase spiral winding | astrobench_e6b347fbf5_chunk_003::3.1.2.Accretion History | astrobench_eb380fd57f_chunk_012::5.2.1.Toy model 1: creating a delay at the start of winding | astrobench_eb380fd57f_chunk_026::5.3.Critical assessment | astrobench_eb380fd57f_chunk_000::5.2.1.Toy model 1: creating a delay at the start of winding | astrobench_eb380fd57f_chunk_021::3.2.2.Deriving winding times | astrobench_3474c47fe1_chunk_025::4.3 Stability considerations | astrobench_3474c47fe1_chunk_023::4.3 Stability considerations,TODO,
astro_q017,distribution_functions,comparison,easy,How does survey incompleteness differ from distribution functions in Galactic modelling workflows?,survey incompleteness | distribution functions,astrobench_a877243f10,Distribution functions for spheroids,astrobench_a877243f10_chunk_023 | astrobench_a877243f10_chunk_032,astrobench_a877243f10_chunk_034 | astrobench_a877243f10_chunk_031 | astrobench_a877243f10_chunk_027,astrobench_a877243f10_chunk_023 | astrobench_a877243f10_chunk_032 | astrobench_a877243f10_chunk_034 | astrobench_a877243f10_chunk_031 | astrobench_a877243f10_chunk_027 | astrobench_a877243f10_chunk_028 | astrobench_a877243f10_chunk_017 | astrobench_a877243f10_chunk_021 | astrobench_a877243f10_chunk_007 | astrobench_a877243f10_chunk_009 | astrobench_a877243f10_chunk_030 | astrobench_a877243f10_chunk_015,astrobench_a877243f10_chunk_023::3.3 Summary | astrobench_a877243f10_chunk_032::7 ADIABATIC DEFORMATION | astrobench_a877243f10_chunk_034::2 THE PROBLEM | astrobench_a877243f10_chunk_031::5 OBLATE MODELS | astrobench_a877243f10_chunk_027::3.2 Flattened models | astrobench_a877243f10_chunk_028::3.2 Flattened models | astrobench_a877243f10_chunk_017::3.2 Flattened models | astrobench_a877243f10_chunk_021::5 OBLATE MODELS | astrobench_a877243f10_chunk_007::3.1 Spherical models | astrobench_a877243f10_chunk_009::6 SELF-CONSISTENT MODELS | astrobench_a877243f10_chunk_030::5 OBLATE MODELS | astrobench_a877243f10_chunk_015::3.1 Spherical models,TODO,
astro_q018,scientific_retrieval,definition,easy,What does hybrid retrieval mean in the setting of scientific document retrieval?,hybrid retrieval | paper-first retrieval,astrobench_3644e67b5c | astrobench_a877243f10 | astrobench_0deff610d0 | astrobench_3474c47fe1 | astrobench_c4e7b8fe70,"Probabilistic inference in very large universes | Distribution functions for spheroids | Hierarchical bayesian inference: constraining population distribution of dark matter halo shapes via stellar streams | Self-consistent dynamical models with a finite extent -- V. Smooth radial truncations and phase-space consistency | Scattering, Migration, Re-circularization and Relaxation to Build Out Galaxy Disks with Exponential Profiles",astrobench_3644e67b5c_chunk_047 | astrobench_3644e67b5c_chunk_029,astrobench_a877243f10_chunk_020 | astrobench_0deff610d0_chunk_040 | astrobench_3474c47fe1_chunk_002,astrobench_3644e67b5c_chunk_047 | astrobench_3644e67b5c_chunk_029 | astrobench_a877243f10_chunk_020 | astrobench_0deff610d0_chunk_040 | astrobench_3474c47fe1_chunk_002 | astrobench_c4e7b8fe70_chunk_012 | astrobench_3474c47fe1_chunk_019 | astrobench_b7b4f9944a_chunk_022 | astrobench_c4e7b8fe70_chunk_010 | astrobench_3644e67b5c_chunk_028 | astrobench_15ca427d22_chunk_013 | astrobench_3644e67b5c_chunk_018,"astrobench_3644e67b5c_chunk_047::IV-B.When we evaluate theories, should we use only what we know for certain? | astrobench_3644e67b5c_chunk_029::we find | astrobench_a877243f10_chunk_020::4 DFS FOR SPHERICAL MODELS | astrobench_0deff610d0_chunk_040::APPENDIX A: POPULATION RELATIONS | astrobench_3474c47fe1_chunk_002::1 INTRODUCTION | astrobench_c4e7b8fe70_chunk_012::3.1.Model Evolution | astrobench_3474c47fe1_chunk_019::4.3 Stability considerations | astrobench_b7b4f9944a_chunk_022::5.1 Inference set-up | astrobench_c4e7b8fe70_chunk_010::2.1.Numerical Disk Model | astrobench_3644e67b5c_chunk_028::we find | astrobench_15ca427d22_chunk_013::2.4.Orbital Parameters | astrobench_3644e67b5c_chunk_018::IV-B.When we evaluate theories, should we use only what we know for certain?",TODO,
astro_q019,galactic_dynamics,comparison,medium,How does orbital structure in the Milky Way compare with satellite perturbations in models of the Milky Way?,orbital structure in the Milky Way | satellite perturbations,astrobench_d82fccf1ca | astrobench_3474c47fe1 | astrobench_eb380fd57f | astrobench_15ca427d22,Stirring Things Up: Bar-induced substructures in the stellar halo of a cosmological Milky Way analogue | Self-consistent dynamical models with a finite extent -- V. Smooth radial truncations and phase-space consistency | Phase spirals across galactic disks I: Exploring dynamical influences on winding | A Low-mass Model of The Milky Way: The Disk Warp Resulting from A Galaxy Merger,astrobench_d82fccf1ca_chunk_017 | astrobench_3474c47fe1_chunk_002,astrobench_d82fccf1ca_chunk_002 | astrobench_eb380fd57f_chunk_016 | astrobench_3474c47fe1_chunk_016,astrobench_d82fccf1ca_chunk_017 | astrobench_3474c47fe1_chunk_002 | astrobench_d82fccf1ca_chunk_002 | astrobench_eb380fd57f_chunk_016 | astrobench_3474c47fe1_chunk_016 | astrobench_3474c47fe1_chunk_015 | astrobench_d82fccf1ca_chunk_014 | astrobench_3474c47fe1_chunk_004 | astrobench_15ca427d22_chunk_004 | astrobench_3474c47fe1_chunk_009 | astrobench_15ca427d22_chunk_011 | astrobench_eb380fd57f_chunk_030,astrobench_d82fccf1ca_chunk_017::3 RESONANCES IN THE STELLAR HALO | astrobench_3474c47fe1_chunk_002::1 INTRODUCTION | astrobench_d82fccf1ca_chunk_002::1 INTRODUCTION | astrobench_eb380fd57f_chunk_016::6.1.Connecting simulation results to the Milky Way | astrobench_3474c47fe1_chunk_016::4.2 Extension to anisotropic orbital structures | astrobench_3474c47fe1_chunk_015::4.2 Extension to anisotropic orbital structures | astrobench_d82fccf1ca_chunk_014::5 CONCLUSIONS | astrobench_3474c47fe1_chunk_004::5 SUMMARY | astrobench_15ca427d22_chunk_004::5.3.Comparing with the flatten DM halo model | astrobench_3474c47fe1_chunk_009::2.2 Implementation in SpheCow | astrobench_15ca427d22_chunk_011::2.2.Milky Way | astrobench_eb380fd57f_chunk_030::6.2.Comparison with previous work,TODO,
astro_q020,distribution_functions,challenge,hard,What observational complications affect inference of selection functions?,selection functions | survey incompleteness,astrobench_f31aa696a1 | astrobench_98f72fa560 | astrobench_b7b4f9944a | astrobench_a36c60393b | astrobench_a877243f10,"Forward-modelling Milky Way Cepheids: selection effects and physical priors in the Gaia-HST calibration | A Selection Aware View of Black Hole-Galaxy Coevolution at High Redshift | Quantifying the Milky Way, LMC and their interaction using all-sky kinematics of outer halo stars | Exploring the formation mechanisms of tidal structures in globular clusters of extragalactic origin | Distribution functions for spheroids",astrobench_f31aa696a1_chunk_015 | astrobench_f31aa696a1_chunk_028,astrobench_f31aa696a1_chunk_012 | astrobench_98f72fa560_chunk_001 | astrobench_98f72fa560_chunk_017,astrobench_f31aa696a1_chunk_015 | astrobench_f31aa696a1_chunk_028 | astrobench_f31aa696a1_chunk_012 | astrobench_98f72fa560_chunk_001 | astrobench_98f72fa560_chunk_017 | astrobench_b7b4f9944a_chunk_019 | astrobench_a36c60393b_chunk_006 | astrobench_f31aa696a1_chunk_018 | astrobench_f31aa696a1_chunk_010 | astrobench_a877243f10_chunk_000 | astrobench_b7b4f9944a_chunk_008 | astrobench_98f72fa560_chunk_019,astrobench_f31aa696a1_chunk_015::D3 Summary | astrobench_f31aa696a1_chunk_028::5.1 Comparison with previous approaches | astrobench_f31aa696a1_chunk_012::D3 Summary | astrobench_98f72fa560_chunk_001::2.3.Parameter space and detectability mapping | astrobench_98f72fa560_chunk_017::3.3.Inferring the M BH -M⋆ relation | astrobench_b7b4f9944a_chunk_019::3.2 The Milky Way Stellar Halo | astrobench_a36c60393b_chunk_006::2.Observational material | astrobench_f31aa696a1_chunk_018::2 R.Stiskalek et al | astrobench_f31aa696a1_chunk_010::D3 Summary | astrobench_a877243f10_chunk_000::1 INTRODUCTION | astrobench_b7b4f9944a_chunk_008::2.2 Observational summary statistics | astrobench_98f72fa560_chunk_019::5.Comparison with previous works,TODO,
astro_q021,action_angle_methods,definition,easy,Why are Hamiltonian invariants useful in Hamiltonian dynamics?,Hamiltonian invariants | action-angle coordinates,astrobench_a36c60393b | astrobench_1e3dee4300 | astrobench_cc18f51e25,Exploring the formation mechanisms of tidal structures in globular clusters of extragalactic origin | Bar Properties and Star-by-Star Bar Membership via Action Conservation | Laplace-Legendre expansion of the planar planetary Hamiltonian,astrobench_a36c60393b_chunk_010 | astrobench_a36c60393b_chunk_033,astrobench_a36c60393b_chunk_015 | astrobench_1e3dee4300_chunk_007 | astrobench_cc18f51e25_chunk_012,astrobench_a36c60393b_chunk_010 | astrobench_a36c60393b_chunk_033 | astrobench_a36c60393b_chunk_015 | astrobench_1e3dee4300_chunk_007 | astrobench_cc18f51e25_chunk_012 | astrobench_1e3dee4300_chunk_014 | astrobench_cc18f51e25_chunk_008 | astrobench_cc18f51e25_chunk_000 | astrobench_cc18f51e25_chunk_003 | astrobench_1e3dee4300_chunk_006 | astrobench_cc18f51e25_chunk_007 | astrobench_cc18f51e25_chunk_001,astrobench_a36c60393b_chunk_010::4.3.Influence of orbital parameters on tidal feature formation | astrobench_a36c60393b_chunk_033::4.3.Influence of orbital parameters on tidal feature formation | astrobench_a36c60393b_chunk_015::4.4.Environmental independence of tidal morphologies | astrobench_1e3dee4300_chunk_007::1.2 Dynamical Actions | astrobench_cc18f51e25_chunk_012::4 Convergence of the Laplace-Legendre expansion | astrobench_1e3dee4300_chunk_014::1.2 Dynamical Actions | astrobench_cc18f51e25_chunk_008::5 Conclusion | astrobench_cc18f51e25_chunk_000::5 Conclusion | astrobench_cc18f51e25_chunk_003::1 Introduction | astrobench_1e3dee4300_chunk_006::1.2 Dynamical Actions | astrobench_cc18f51e25_chunk_007::1 Introduction | astrobench_cc18f51e25_chunk_001::5 Conclusion,TODO,
astro_q022,scientific_retrieval,definition,medium,What does reranking mean in the setting of scientific document retrieval?,reranking | section-aware chunking,astrobench_3644e67b5c | astrobench_f31aa696a1 | astrobench_a877243f10 | astrobench_0deff610d0 | astrobench_ef28bece42,Probabilistic inference in very large universes | Forward-modelling Milky Way Cepheids: selection effects and physical priors in the Gaia-HST calibration | Distribution functions for spheroids | Hierarchical bayesian inference: constraining population distribution of dark matter halo shapes via stellar streams | Galactic disc warps from $z = 2.5$ to modern epoch: ruling out observational effects,astrobench_3644e67b5c_chunk_029 | astrobench_f31aa696a1_chunk_021,astrobench_a877243f10_chunk_020 | astrobench_0deff610d0_chunk_040 | astrobench_ef28bece42_chunk_004,astrobench_3644e67b5c_chunk_029 | astrobench_f31aa696a1_chunk_021 | astrobench_a877243f10_chunk_020 | astrobench_0deff610d0_chunk_040 | astrobench_ef28bece42_chunk_004 | astrobench_3644e67b5c_chunk_047 | astrobench_98f72fa560_chunk_004 | astrobench_98f72fa560_chunk_018 | astrobench_98f72fa560_chunk_024 | astrobench_98f72fa560_chunk_013 | astrobench_0deff610d0_chunk_030 | astrobench_98f72fa560_chunk_019,"astrobench_3644e67b5c_chunk_029::we find | astrobench_f31aa696a1_chunk_021::2 R.Stiskalek et al | astrobench_a877243f10_chunk_020::4 DFS FOR SPHERICAL MODELS | astrobench_0deff610d0_chunk_040::APPENDIX A: POPULATION RELATIONS | astrobench_ef28bece42_chunk_004::2.SAMPLE AND DATA ANALYSIS | astrobench_3644e67b5c_chunk_047::IV-B.When we evaluate theories, should we use only what we know for certain? | astrobench_98f72fa560_chunk_004::3.1.Detectability mapping | astrobench_98f72fa560_chunk_018::F.Ziparo et al.: A Selection Aware View of Black Hole–Galaxy Coevolution at High Redshift | astrobench_98f72fa560_chunk_024::F.Ziparo et al.: A Selection Aware View of Black Hole–Galaxy Coevolution at High Redshift | astrobench_98f72fa560_chunk_013::F.Ziparo et al.: A Selection Aware View of Black Hole–Galaxy Coevolution at High Redshift | astrobench_0deff610d0_chunk_030::3.3 Degeneracies | astrobench_98f72fa560_chunk_019::5.Comparison with previous works",TODO,
astro_q023,scientific_qa,method,hard,How should a QA system use FActScore-style evaluation when citing evidence?,FActScore-style evaluation | citation-faithful answering,astrobench_3474c47fe1 | astrobench_705f443da5 | astrobench_3644e67b5c | astrobench_a36c60393b | astrobench_a877243f10,"Self-consistent dynamical models with a finite extent -- V. Smooth radial truncations and phase-space consistency | Distribution function-based modelling of discrete kinematic datasets, in application to the Milky Way nuclear star cluster | Probabilistic inference in very large universes | Exploring the formation mechanisms of tidal structures in globular clusters of extragalactic origin | Distribution functions for spheroids",astrobench_3474c47fe1_chunk_011 | astrobench_705f443da5_chunk_034,astrobench_3644e67b5c_chunk_017 | astrobench_3644e67b5c_chunk_018 | astrobench_705f443da5_chunk_040,astrobench_3474c47fe1_chunk_011 | astrobench_705f443da5_chunk_034 | astrobench_3644e67b5c_chunk_017 | astrobench_3644e67b5c_chunk_018 | astrobench_705f443da5_chunk_040 | astrobench_a36c60393b_chunk_029 | astrobench_3644e67b5c_chunk_031 | astrobench_3644e67b5c_chunk_055 | astrobench_3644e67b5c_chunk_030 | astrobench_3644e67b5c_chunk_032 | astrobench_a877243f10_chunk_011 | astrobench_705f443da5_chunk_037,"astrobench_3474c47fe1_chunk_011::2.2 Implementation in SpheCow | astrobench_705f443da5_chunk_034::3.3.2.Computation of velocity distributions | astrobench_3644e67b5c_chunk_017::IV-B.When we evaluate theories, should we use only what we know for certain? | astrobench_3644e67b5c_chunk_018::IV-B.When we evaluate theories, should we use only what we know for certain? | astrobench_705f443da5_chunk_040::3.3.5.Parameter search | astrobench_a36c60393b_chunk_029::Appendix A: Detailed notes on individual clusters | astrobench_3644e67b5c_chunk_031::IV-E.Use of “Old Evidence” | astrobench_3644e67b5c_chunk_055::we find | astrobench_3644e67b5c_chunk_030::IV-E.Use of “Old Evidence” | astrobench_3644e67b5c_chunk_032::IV-E.Use of “Old Evidence” | astrobench_a877243f10_chunk_011::6 SELF-CONSISTENT MODELS | astrobench_705f443da5_chunk_037::3.3.2.Computation of velocity distributions",TODO,
astro_q024,galactic_dynamics,comparison,medium,How does non-equilibrium structure compare with orbital structure in the Milky Way in models of the Milky Way?,non-equilibrium structure | orbital structure in the Milky Way,astrobench_d82fccf1ca | astrobench_3474c47fe1 | astrobench_cbff59e329 | astrobench_15ca427d22 | astrobench_b7b4f9944a,"Stirring Things Up: Bar-induced substructures in the stellar halo of a cosmological Milky Way analogue | Self-consistent dynamical models with a finite extent -- V. Smooth radial truncations and phase-space consistency | Kinematic diagnostics for non-axisymmetry in the Milky Way's nuclear stellar disc | A Low-mass Model of The Milky Way: The Disk Warp Resulting from A Galaxy Merger | Quantifying the Milky Way, LMC and their interaction using all-sky kinematics of outer halo stars",astrobench_d82fccf1ca_chunk_017 | astrobench_3474c47fe1_chunk_002,astrobench_3474c47fe1_chunk_005 | astrobench_cbff59e329_chunk_012 | astrobench_3474c47fe1_chunk_004,astrobench_d82fccf1ca_chunk_017 | astrobench_3474c47fe1_chunk_002 | astrobench_3474c47fe1_chunk_005 | astrobench_cbff59e329_chunk_012 | astrobench_3474c47fe1_chunk_004 | astrobench_3474c47fe1_chunk_016 | astrobench_3474c47fe1_chunk_015 | astrobench_3474c47fe1_chunk_009 | astrobench_15ca427d22_chunk_011 | astrobench_3474c47fe1_chunk_012 | astrobench_3474c47fe1_chunk_025 | astrobench_b7b4f9944a_chunk_030,astrobench_d82fccf1ca_chunk_017::3 RESONANCES IN THE STELLAR HALO | astrobench_3474c47fe1_chunk_002::1 INTRODUCTION | astrobench_3474c47fe1_chunk_005::5 SUMMARY | astrobench_cbff59e329_chunk_012::Appendix E: Gauss-Hermite moments | astrobench_3474c47fe1_chunk_004::5 SUMMARY | astrobench_3474c47fe1_chunk_016::4.2 Extension to anisotropic orbital structures | astrobench_3474c47fe1_chunk_015::4.2 Extension to anisotropic orbital structures | astrobench_3474c47fe1_chunk_009::2.2 Implementation in SpheCow | astrobench_15ca427d22_chunk_011::2.2.Milky Way | astrobench_3474c47fe1_chunk_012::4.1 Sharp versus soft truncations | astrobench_3474c47fe1_chunk_025::4.3 Stability considerations | astrobench_b7b4f9944a_chunk_030::6.3 The influence of the LMC on Milky Way mass inference,TODO,
astro_q025,distribution_functions,comparison,easy,How does selection functions differ from Fokker-Planck modelling in Galactic modelling workflows?,selection functions | Fokker-Planck modelling,astrobench_f31aa696a1,Forward-modelling Milky Way Cepheids: selection effects and physical priors in the Gaia-HST calibration,astrobench_f31aa696a1_chunk_028 | astrobench_f31aa696a1_chunk_015,astrobench_f31aa696a1_chunk_012 | astrobench_f31aa696a1_chunk_001 | astrobench_f31aa696a1_chunk_030,astrobench_f31aa696a1_chunk_028 | astrobench_f31aa696a1_chunk_015 | astrobench_f31aa696a1_chunk_012 | astrobench_f31aa696a1_chunk_001 | astrobench_f31aa696a1_chunk_030 | astrobench_f31aa696a1_chunk_038 | astrobench_f31aa696a1_chunk_026 | astrobench_f31aa696a1_chunk_035 | astrobench_f31aa696a1_chunk_014 | astrobench_f31aa696a1_chunk_018 | astrobench_f31aa696a1_chunk_032 | astrobench_f31aa696a1_chunk_004,astrobench_f31aa696a1_chunk_028::5.1 Comparison with previous approaches | astrobench_f31aa696a1_chunk_015::D3 Summary | astrobench_f31aa696a1_chunk_012::D3 Summary | astrobench_f31aa696a1_chunk_001::1 INTRODUCTION | astrobench_f31aa696a1_chunk_030::18 R.Stiskalek et al | astrobench_f31aa696a1_chunk_038::12 R.Stiskalek et al | astrobench_f31aa696a1_chunk_026::5.1 Comparison with previous approaches | astrobench_f31aa696a1_chunk_035::5.4 Limitations of this work | astrobench_f31aa696a1_chunk_014::APPENDIX B: INDIVIDUAL CAMPAIGN RESULTS | astrobench_f31aa696a1_chunk_018::2 R.Stiskalek et al | astrobench_f31aa696a1_chunk_032::18 R.Stiskalek et al | astrobench_f31aa696a1_chunk_004::4 RESULTS,TODO,
astro_q026,action_angle_methods,method,hard,How are integrable Hamiltonian motion used to describe orbital structure?,integrable Hamiltonian motion | action-angle coordinates,astrobench_a36c60393b | astrobench_1e3dee4300 | astrobench_eb380fd57f | astrobench_cc18f51e25 | astrobench_3474c47fe1,Exploring the formation mechanisms of tidal structures in globular clusters of extragalactic origin | Bar Properties and Star-by-Star Bar Membership via Action Conservation | Phase spirals across galactic disks I: Exploring dynamical influences on winding | Laplace-Legendre expansion of the planar planetary Hamiltonian | Self-consistent dynamical models with a finite extent -- V. Smooth radial truncations and phase-space consistency,astrobench_a36c60393b_chunk_010 | astrobench_a36c60393b_chunk_033,astrobench_a36c60393b_chunk_015 | astrobench_1e3dee4300_chunk_007 | astrobench_eb380fd57f_chunk_020,astrobench_a36c60393b_chunk_010 | astrobench_a36c60393b_chunk_033 | astrobench_a36c60393b_chunk_015 | astrobench_1e3dee4300_chunk_007 | astrobench_eb380fd57f_chunk_020 | astrobench_eb380fd57f_chunk_018 | astrobench_cc18f51e25_chunk_003 | astrobench_3474c47fe1_chunk_002 | astrobench_cc18f51e25_chunk_007 | astrobench_cc18f51e25_chunk_000 | astrobench_cc18f51e25_chunk_008 | astrobench_1e3dee4300_chunk_014,astrobench_a36c60393b_chunk_010::4.3.Influence of orbital parameters on tidal feature formation | astrobench_a36c60393b_chunk_033::4.3.Influence of orbital parameters on tidal feature formation | astrobench_a36c60393b_chunk_015::4.4.Environmental independence of tidal morphologies | astrobench_1e3dee4300_chunk_007::1.2 Dynamical Actions | astrobench_eb380fd57f_chunk_020::3.1.2.Binning particles with a common history | astrobench_eb380fd57f_chunk_018::3.1.Choice of coordinate systems | astrobench_cc18f51e25_chunk_003::1 Introduction | astrobench_3474c47fe1_chunk_002::1 INTRODUCTION | astrobench_cc18f51e25_chunk_007::1 Introduction | astrobench_cc18f51e25_chunk_000::5 Conclusion | astrobench_cc18f51e25_chunk_008::5 Conclusion | astrobench_1e3dee4300_chunk_014::1.2 Dynamical Actions,TODO,
astro_q027,scientific_retrieval,method,hard,How does lexical retrieval improve scientific retrieval pipelines?,lexical retrieval | dense retrieval,astrobench_79edfd6850 | astrobench_3644e67b5c | astrobench_0deff610d0 | astrobench_d82fccf1ca | astrobench_b7b4f9944a,"Constraining the Galactic bar and spiral pattern speeds with the Hyades tidal stream | Probabilistic inference in very large universes | Hierarchical bayesian inference: constraining population distribution of dark matter halo shapes via stellar streams | Stirring Things Up: Bar-induced substructures in the stellar halo of a cosmological Milky Way analogue | Quantifying the Milky Way, LMC and their interaction using all-sky kinematics of outer halo stars",astrobench_79edfd6850_chunk_010 | astrobench_3644e67b5c_chunk_047,astrobench_0deff610d0_chunk_032 | astrobench_d82fccf1ca_chunk_031 | astrobench_b7b4f9944a_chunk_005,astrobench_79edfd6850_chunk_010 | astrobench_3644e67b5c_chunk_047 | astrobench_0deff610d0_chunk_032 | astrobench_d82fccf1ca_chunk_031 | astrobench_b7b4f9944a_chunk_005 | astrobench_b7b4f9944a_chunk_004 | astrobench_b7b4f9944a_chunk_006 | astrobench_15ca427d22_chunk_014 | astrobench_15ca427d22_chunk_016 | astrobench_3644e67b5c_chunk_018 | astrobench_3644e67b5c_chunk_051 | astrobench_3644e67b5c_chunk_020,"astrobench_79edfd6850_chunk_010::2.3.3.Proper motions | astrobench_3644e67b5c_chunk_047::IV-B.When we evaluate theories, should we use only what we know for certain? | astrobench_0deff610d0_chunk_032::2.1 Stream Generation | astrobench_d82fccf1ca_chunk_031::3.2 Connection to configuration space | astrobench_b7b4f9944a_chunk_005::1 INTRODUCTION | astrobench_b7b4f9944a_chunk_004::1 INTRODUCTION | astrobench_b7b4f9944a_chunk_006::1 INTRODUCTION | astrobench_15ca427d22_chunk_014::3.DM HALO IN SIMULATION | astrobench_15ca427d22_chunk_016::3.DM HALO IN SIMULATION | astrobench_3644e67b5c_chunk_018::IV-B.When we evaluate theories, should we use only what we know for certain? | astrobench_3644e67b5c_chunk_051::IV-C.Rejection of theories in which Boltzmann Brains dominate | astrobench_3644e67b5c_chunk_020::IV-B.When we evaluate theories, should we use only what we know for certain?",TODO,
astro_q028,scientific_qa,method,easy,How should a QA system use evidence attribution when citing evidence?,evidence attribution | citation-faithful answering,astrobench_3644e67b5c | astrobench_a36c60393b | astrobench_eb380fd57f | astrobench_98f72fa560,Probabilistic inference in very large universes | Exploring the formation mechanisms of tidal structures in globular clusters of extragalactic origin | Phase spirals across galactic disks I: Exploring dynamical influences on winding | A Selection Aware View of Black Hole-Galaxy Coevolution at High Redshift,astrobench_3644e67b5c_chunk_031 | astrobench_a36c60393b_chunk_038,astrobench_3644e67b5c_chunk_032 | astrobench_3644e67b5c_chunk_030 | astrobench_eb380fd57f_chunk_003,astrobench_3644e67b5c_chunk_031 | astrobench_a36c60393b_chunk_038 | astrobench_3644e67b5c_chunk_032 | astrobench_3644e67b5c_chunk_030 | astrobench_eb380fd57f_chunk_003 | astrobench_eb380fd57f_chunk_002 | astrobench_3644e67b5c_chunk_022 | astrobench_3644e67b5c_chunk_055 | astrobench_98f72fa560_chunk_009 | astrobench_a36c60393b_chunk_035 | astrobench_eb380fd57f_chunk_008 | astrobench_3644e67b5c_chunk_038,"astrobench_3644e67b5c_chunk_031::IV-E.Use of “Old Evidence” | astrobench_a36c60393b_chunk_038::4.4.Environmental independence of tidal morphologies | astrobench_3644e67b5c_chunk_032::IV-E.Use of “Old Evidence” | astrobench_3644e67b5c_chunk_030::IV-E.Use of “Old Evidence” | astrobench_eb380fd57f_chunk_003::5.2.1.Toy model 1: creating a delay at the start of winding | astrobench_eb380fd57f_chunk_002::5.2.1.Toy model 1: creating a delay at the start of winding | astrobench_3644e67b5c_chunk_022::IV-B.When we evaluate theories, should we use only what we know for certain? | astrobench_3644e67b5c_chunk_055::we find | astrobench_98f72fa560_chunk_009::3.3.Inferring the M BH -M⋆ relation | astrobench_a36c60393b_chunk_035::4.3.1.Possible group-sensitive parameters | astrobench_eb380fd57f_chunk_008::6.1.Connecting simulation results to the Milky Way | astrobench_3644e67b5c_chunk_038::In Ref.[20], Hartle and Srednicki wrote",TODO,
astro_q029,galactic_dynamics,mechanism,hard,What physical mechanisms are proposed to explain phase mixing?,phase mixing | vertical phase-space spirals,astrobench_eb380fd57f | astrobench_e6b347fbf5,Phase spirals across galactic disks I: Exploring dynamical influences on winding | Set the Night on FIRE: Building an Empirical Local Dark Matter Velocity Distribution,astrobench_eb380fd57f_chunk_039 | astrobench_eb380fd57f_chunk_021,astrobench_eb380fd57f_chunk_037 | astrobench_eb380fd57f_chunk_034 | astrobench_eb380fd57f_chunk_022,astrobench_eb380fd57f_chunk_039 | astrobench_eb380fd57f_chunk_021 | astrobench_eb380fd57f_chunk_037 | astrobench_eb380fd57f_chunk_034 | astrobench_eb380fd57f_chunk_022 | astrobench_eb380fd57f_chunk_000 | astrobench_e6b347fbf5_chunk_003 | astrobench_eb380fd57f_chunk_026 | astrobench_eb380fd57f_chunk_012 | astrobench_eb380fd57f_chunk_017 | astrobench_eb380fd57f_chunk_025 | astrobench_eb380fd57f_chunk_010,astrobench_eb380fd57f_chunk_039::5.TOWARDS UNDERSTANDING THE FEATURES IN THE N-BODY WINDING EVOLUTION | astrobench_eb380fd57f_chunk_021::3.2.2.Deriving winding times | astrobench_eb380fd57f_chunk_037::4.1.Test particle phase spiral winding | astrobench_eb380fd57f_chunk_034::2.2.Self-consistent N-body simulation | astrobench_eb380fd57f_chunk_022::4.1.Test particle phase spiral winding | astrobench_eb380fd57f_chunk_000::5.2.1.Toy model 1: creating a delay at the start of winding | astrobench_e6b347fbf5_chunk_003::3.1.2.Accretion History | astrobench_eb380fd57f_chunk_026::5.3.Critical assessment | astrobench_eb380fd57f_chunk_012::5.2.1.Toy model 1: creating a delay at the start of winding | astrobench_eb380fd57f_chunk_017::2.2.Self-consistent N-body simulation | astrobench_eb380fd57f_chunk_025::5.TOWARDS UNDERSTANDING THE FEATURES IN THE N-BODY WINDING EVOLUTION | astrobench_eb380fd57f_chunk_010::5.2.Exploring individual T fit curve features with toy models,TODO,
astro_q030,distribution_functions,comparison,hard,How does likelihood-based dynamical inference differ from distribution functions in Galactic modelling workflows?,likelihood-based dynamical inference | distribution functions,astrobench_a877243f10 | astrobench_705f443da5 | astrobench_f31aa696a1,"Distribution functions for spheroids | Distribution function-based modelling of discrete kinematic datasets, in application to the Milky Way nuclear star cluster | Forward-modelling Milky Way Cepheids: selection effects and physical priors in the Gaia-HST calibration",astrobench_a877243f10_chunk_023 | astrobench_705f443da5_chunk_002,astrobench_a877243f10_chunk_032 | astrobench_a877243f10_chunk_034 | astrobench_f31aa696a1_chunk_030,astrobench_a877243f10_chunk_023 | astrobench_705f443da5_chunk_002 | astrobench_a877243f10_chunk_032 | astrobench_a877243f10_chunk_034 | astrobench_f31aa696a1_chunk_030 | astrobench_a877243f10_chunk_031 | astrobench_a877243f10_chunk_027 | astrobench_a877243f10_chunk_028 | astrobench_a877243f10_chunk_017 | astrobench_a877243f10_chunk_021 | astrobench_705f443da5_chunk_032 | astrobench_a877243f10_chunk_007,astrobench_a877243f10_chunk_023::3.3 Summary | astrobench_705f443da5_chunk_002::2.1.Overview of methods | astrobench_a877243f10_chunk_032::7 ADIABATIC DEFORMATION | astrobench_a877243f10_chunk_034::2 THE PROBLEM | astrobench_f31aa696a1_chunk_030::18 R.Stiskalek et al | astrobench_a877243f10_chunk_031::5 OBLATE MODELS | astrobench_a877243f10_chunk_027::3.2 Flattened models | astrobench_a877243f10_chunk_028::3.2 Flattened models | astrobench_a877243f10_chunk_017::3.2 Flattened models | astrobench_a877243f10_chunk_021::5 OBLATE MODELS | astrobench_705f443da5_chunk_032::3.3.1.Computation of projected DF and density | astrobench_a877243f10_chunk_007::3.1 Spherical models,TODO,
astro_q031,action_angle_methods,challenge,medium,What makes learning integrable Hamiltonian motion from trajectory data difficult?,integrable Hamiltonian motion | orbital frequencies,astrobench_d82fccf1ca | astrobench_eb380fd57f | astrobench_a877243f10 | astrobench_a36c60393b | astrobench_cc18f51e25,Stirring Things Up: Bar-induced substructures in the stellar halo of a cosmological Milky Way analogue | Phase spirals across galactic disks I: Exploring dynamical influences on winding | Distribution functions for spheroids | Exploring the formation mechanisms of tidal structures in globular clusters of extragalactic origin | Laplace-Legendre expansion of the planar planetary Hamiltonian,astrobench_d82fccf1ca_chunk_041 | astrobench_eb380fd57f_chunk_020,astrobench_a877243f10_chunk_027 | astrobench_a36c60393b_chunk_036 | astrobench_a36c60393b_chunk_010,astrobench_d82fccf1ca_chunk_041 | astrobench_eb380fd57f_chunk_020 | astrobench_a877243f10_chunk_027 | astrobench_a36c60393b_chunk_036 | astrobench_a36c60393b_chunk_010 | astrobench_cc18f51e25_chunk_003 | astrobench_cc18f51e25_chunk_014 | astrobench_cc18f51e25_chunk_008 | astrobench_d82fccf1ca_chunk_031 | astrobench_b7b4f9944a_chunk_007 | astrobench_cc18f51e25_chunk_007 | astrobench_cc18f51e25_chunk_000,astrobench_d82fccf1ca_chunk_041::2.2 Calculating orbital frequencies | astrobench_eb380fd57f_chunk_020::3.1.2.Binning particles with a common history | astrobench_a877243f10_chunk_027::3.2 Flattened models | astrobench_a36c60393b_chunk_036::4.4.Environmental independence of tidal morphologies | astrobench_a36c60393b_chunk_010::4.3.Influence of orbital parameters on tidal feature formation | astrobench_cc18f51e25_chunk_003::1 Introduction | astrobench_cc18f51e25_chunk_014::3.3 Generalization to arbitrary order | astrobench_cc18f51e25_chunk_008::5 Conclusion | astrobench_d82fccf1ca_chunk_031::3.2 Connection to configuration space | astrobench_b7b4f9944a_chunk_007::1 INTRODUCTION | astrobench_cc18f51e25_chunk_007::1 Introduction | astrobench_cc18f51e25_chunk_000::5 Conclusion,TODO,
astro_q032,galactic_dynamics,challenge,medium,What are the main uncertainties when interpreting orbital structure in the Milky Way?,orbital structure in the Milky Way | non-equilibrium structure,astrobench_d82fccf1ca | astrobench_3474c47fe1 | astrobench_cbff59e329 | astrobench_15ca427d22 | astrobench_a36c60393b,Stirring Things Up: Bar-induced substructures in the stellar halo of a cosmological Milky Way analogue | Self-consistent dynamical models with a finite extent -- V. Smooth radial truncations and phase-space consistency | Kinematic diagnostics for non-axisymmetry in the Milky Way's nuclear stellar disc | A Low-mass Model of The Milky Way: The Disk Warp Resulting from A Galaxy Merger | Exploring the formation mechanisms of tidal structures in globular clusters of extragalactic origin,astrobench_d82fccf1ca_chunk_017 | astrobench_3474c47fe1_chunk_002,astrobench_cbff59e329_chunk_012 | astrobench_3474c47fe1_chunk_015 | astrobench_3474c47fe1_chunk_016,astrobench_d82fccf1ca_chunk_017 | astrobench_3474c47fe1_chunk_002 | astrobench_cbff59e329_chunk_012 | astrobench_3474c47fe1_chunk_015 | astrobench_3474c47fe1_chunk_016 | astrobench_3474c47fe1_chunk_004 | astrobench_3474c47fe1_chunk_005 | astrobench_3474c47fe1_chunk_009 | astrobench_15ca427d22_chunk_011 | astrobench_3474c47fe1_chunk_012 | astrobench_a36c60393b_chunk_013 | astrobench_cbff59e329_chunk_015,astrobench_d82fccf1ca_chunk_017::3 RESONANCES IN THE STELLAR HALO | astrobench_3474c47fe1_chunk_002::1 INTRODUCTION | astrobench_cbff59e329_chunk_012::Appendix E: Gauss-Hermite moments | astrobench_3474c47fe1_chunk_015::4.2 Extension to anisotropic orbital structures | astrobench_3474c47fe1_chunk_016::4.2 Extension to anisotropic orbital structures | astrobench_3474c47fe1_chunk_004::5 SUMMARY | astrobench_3474c47fe1_chunk_005::5 SUMMARY | astrobench_3474c47fe1_chunk_009::2.2 Implementation in SpheCow | astrobench_15ca427d22_chunk_011::2.2.Milky Way | astrobench_3474c47fe1_chunk_012::4.1 Sharp versus soft truncations | astrobench_a36c60393b_chunk_013::4.3.2.Tidal feature orientations versus orbital direction | astrobench_cbff59e329_chunk_015::Appendix A: The metal-poor halo,TODO,
astro_q033,distribution_functions,definition,easy,What is the role of selection functions in distribution-function modelling?,selection functions | survey incompleteness,astrobench_f31aa696a1 | astrobench_98f72fa560 | astrobench_705f443da5,"Forward-modelling Milky Way Cepheids: selection effects and physical priors in the Gaia-HST calibration | A Selection Aware View of Black Hole-Galaxy Coevolution at High Redshift | Distribution function-based modelling of discrete kinematic datasets, in application to the Milky Way nuclear star cluster",astrobench_f31aa696a1_chunk_028 | astrobench_f31aa696a1_chunk_015,astrobench_f31aa696a1_chunk_012 | astrobench_98f72fa560_chunk_001 | astrobench_f31aa696a1_chunk_036,astrobench_f31aa696a1_chunk_028 | astrobench_f31aa696a1_chunk_015 | astrobench_f31aa696a1_chunk_012 | astrobench_98f72fa560_chunk_001 | astrobench_f31aa696a1_chunk_036 | astrobench_f31aa696a1_chunk_032 | astrobench_f31aa696a1_chunk_035 | astrobench_f31aa696a1_chunk_030 | astrobench_f31aa696a1_chunk_033 | astrobench_f31aa696a1_chunk_018 | astrobench_f31aa696a1_chunk_029 | astrobench_705f443da5_chunk_003,astrobench_f31aa696a1_chunk_028::5.1 Comparison with previous approaches | astrobench_f31aa696a1_chunk_015::D3 Summary | astrobench_f31aa696a1_chunk_012::D3 Summary | astrobench_98f72fa560_chunk_001::2.3.Parameter space and detectability mapping | astrobench_f31aa696a1_chunk_036::5.4 Limitations of this work | astrobench_f31aa696a1_chunk_032::18 R.Stiskalek et al | astrobench_f31aa696a1_chunk_035::5.4 Limitations of this work | astrobench_f31aa696a1_chunk_030::18 R.Stiskalek et al | astrobench_f31aa696a1_chunk_033::18 R.Stiskalek et al | astrobench_f31aa696a1_chunk_018::2 R.Stiskalek et al | astrobench_f31aa696a1_chunk_029::5.2 Comparison with Högås & Mörtsell (2026) | astrobench_705f443da5_chunk_003::2.1.Overview of methods,TODO,
astro_q034,scientific_retrieval,comparison,hard,Why might section-aware chunking outperform evidence chunks on scientific papers?,section-aware chunking | evidence chunks,astrobench_3644e67b5c | astrobench_ef28bece42 | astrobench_98f72fa560 | astrobench_a36c60393b | astrobench_eb380fd57f,Probabilistic inference in very large universes | Galactic disc warps from $z = 2.5$ to modern epoch: ruling out observational effects | A Selection Aware View of Black Hole-Galaxy Coevolution at High Redshift | Exploring the formation mechanisms of tidal structures in globular clusters of extragalactic origin | Phase spirals across galactic disks I: Exploring dynamical influences on winding,astrobench_3644e67b5c_chunk_047 | astrobench_ef28bece42_chunk_004,astrobench_3644e67b5c_chunk_031 | astrobench_98f72fa560_chunk_009 | astrobench_a36c60393b_chunk_038,astrobench_3644e67b5c_chunk_047 | astrobench_ef28bece42_chunk_004 | astrobench_3644e67b5c_chunk_031 | astrobench_98f72fa560_chunk_009 | astrobench_a36c60393b_chunk_038 | astrobench_98f72fa560_chunk_024 | astrobench_98f72fa560_chunk_013 | astrobench_eb380fd57f_chunk_003 | astrobench_98f72fa560_chunk_019 | astrobench_3644e67b5c_chunk_022 | astrobench_3644e67b5c_chunk_032 | astrobench_98f72fa560_chunk_011,"astrobench_3644e67b5c_chunk_047::IV-B.When we evaluate theories, should we use only what we know for certain? | astrobench_ef28bece42_chunk_004::2.SAMPLE AND DATA ANALYSIS | astrobench_3644e67b5c_chunk_031::IV-E.Use of “Old Evidence” | astrobench_98f72fa560_chunk_009::3.3.Inferring the M BH -M⋆ relation | astrobench_a36c60393b_chunk_038::4.4.Environmental independence of tidal morphologies | astrobench_98f72fa560_chunk_024::F.Ziparo et al.: A Selection Aware View of Black Hole–Galaxy Coevolution at High Redshift | astrobench_98f72fa560_chunk_013::F.Ziparo et al.: A Selection Aware View of Black Hole–Galaxy Coevolution at High Redshift | astrobench_eb380fd57f_chunk_003::5.2.1.Toy model 1: creating a delay at the start of winding | astrobench_98f72fa560_chunk_019::5.Comparison with previous works | astrobench_3644e67b5c_chunk_022::IV-B.When we evaluate theories, should we use only what we know for certain? | astrobench_3644e67b5c_chunk_032::IV-E.Use of “Old Evidence” | astrobench_98f72fa560_chunk_011::5.Comparison with previous works",TODO,
astro_q035,scientific_qa,definition,easy,What makes citation-faithful answering important for citation-grounded scientific QA?,citation-faithful answering | evidence attribution,astrobench_3644e67b5c | astrobench_a36c60393b | astrobench_cc18f51e25 | astrobench_eb380fd57f,Probabilistic inference in very large universes | Exploring the formation mechanisms of tidal structures in globular clusters of extragalactic origin | Laplace-Legendre expansion of the planar planetary Hamiltonian | Phase spirals across galactic disks I: Exploring dynamical influences on winding,astrobench_3644e67b5c_chunk_055 | astrobench_3644e67b5c_chunk_053,astrobench_3644e67b5c_chunk_054 | astrobench_3644e67b5c_chunk_020 | astrobench_3644e67b5c_chunk_021,astrobench_3644e67b5c_chunk_055 | astrobench_3644e67b5c_chunk_053 | astrobench_3644e67b5c_chunk_054 | astrobench_3644e67b5c_chunk_020 | astrobench_3644e67b5c_chunk_021 | astrobench_3644e67b5c_chunk_022 | astrobench_3644e67b5c_chunk_047 | astrobench_3644e67b5c_chunk_031 | astrobench_a36c60393b_chunk_038 | astrobench_cc18f51e25_chunk_014 | astrobench_eb380fd57f_chunk_003 | astrobench_3644e67b5c_chunk_032,"astrobench_3644e67b5c_chunk_055::we find | astrobench_3644e67b5c_chunk_053::we find | astrobench_3644e67b5c_chunk_054::we find | astrobench_3644e67b5c_chunk_020::IV-B.When we evaluate theories, should we use only what we know for certain? | astrobench_3644e67b5c_chunk_021::IV-B.When we evaluate theories, should we use only what we know for certain? | astrobench_3644e67b5c_chunk_022::IV-B.When we evaluate theories, should we use only what we know for certain? | astrobench_3644e67b5c_chunk_047::IV-B.When we evaluate theories, should we use only what we know for certain? | astrobench_3644e67b5c_chunk_031::IV-E.Use of “Old Evidence” | astrobench_a36c60393b_chunk_038::4.4.Environmental independence of tidal morphologies | astrobench_cc18f51e25_chunk_014::3.3 Generalization to arbitrary order | astrobench_eb380fd57f_chunk_003::5.2.1.Toy model 1: creating a delay at the start of winding | astrobench_3644e67b5c_chunk_032::IV-E.Use of “Old Evidence”",TODO,
astro_q036,galactic_dynamics,comparison,easy,How does orbital structure in the Milky Way compare with disc disequilibrium in models of the Milky Way?,orbital structure in the Milky Way | disc disequilibrium,astrobench_d82fccf1ca | astrobench_3474c47fe1 | astrobench_cbff59e329 | astrobench_705f443da5 | astrobench_b7b4f9944a,"Stirring Things Up: Bar-induced substructures in the stellar halo of a cosmological Milky Way analogue | Self-consistent dynamical models with a finite extent -- V. Smooth radial truncations and phase-space consistency | Kinematic diagnostics for non-axisymmetry in the Milky Way's nuclear stellar disc | Distribution function-based modelling of discrete kinematic datasets, in application to the Milky Way nuclear star cluster | Quantifying the Milky Way, LMC and their interaction using all-sky kinematics of outer halo stars",astrobench_d82fccf1ca_chunk_017 | astrobench_3474c47fe1_chunk_002,astrobench_cbff59e329_chunk_012 | astrobench_3474c47fe1_chunk_016 | astrobench_705f443da5_chunk_005,astrobench_d82fccf1ca_chunk_017 | astrobench_3474c47fe1_chunk_002 | astrobench_cbff59e329_chunk_012 | astrobench_3474c47fe1_chunk_016 | astrobench_705f443da5_chunk_005 | astrobench_3474c47fe1_chunk_015 | astrobench_3474c47fe1_chunk_004 | astrobench_b7b4f9944a_chunk_009 | astrobench_705f443da5_chunk_031 | astrobench_3474c47fe1_chunk_009 | astrobench_705f443da5_chunk_004 | astrobench_b7b4f9944a_chunk_031,astrobench_d82fccf1ca_chunk_017::3 RESONANCES IN THE STELLAR HALO | astrobench_3474c47fe1_chunk_002::1 INTRODUCTION | astrobench_cbff59e329_chunk_012::Appendix E: Gauss-Hermite moments | astrobench_3474c47fe1_chunk_016::4.2 Extension to anisotropic orbital structures | astrobench_705f443da5_chunk_005::2.1.Overview of methods | astrobench_3474c47fe1_chunk_015::4.2 Extension to anisotropic orbital structures | astrobench_3474c47fe1_chunk_004::5 SUMMARY | astrobench_b7b4f9944a_chunk_009::7 CONCLUSIONS & OUTLOOK | astrobench_705f443da5_chunk_031::3.2.1.1d vertical disc profile | astrobench_3474c47fe1_chunk_009::2.2 Implementation in SpheCow | astrobench_705f443da5_chunk_004::2.1.Overview of methods | astrobench_b7b4f9944a_chunk_031::6.3 The influence of the LMC on Milky Way mass inference,TODO,
astro_q037,action_angle_methods,challenge,easy,What makes learning orbital frequencies from trajectory data difficult?,orbital frequencies | action-angle coordinates,astrobench_a36c60393b | astrobench_eb380fd57f | astrobench_d82fccf1ca | astrobench_a877243f10 | astrobench_1e3dee4300,Exploring the formation mechanisms of tidal structures in globular clusters of extragalactic origin | Phase spirals across galactic disks I: Exploring dynamical influences on winding | Stirring Things Up: Bar-induced substructures in the stellar halo of a cosmological Milky Way analogue | Distribution functions for spheroids | Bar Properties and Star-by-Star Bar Membership via Action Conservation,astrobench_a36c60393b_chunk_010 | astrobench_eb380fd57f_chunk_020,astrobench_a36c60393b_chunk_033 | astrobench_d82fccf1ca_chunk_041 | astrobench_a36c60393b_chunk_015,astrobench_a36c60393b_chunk_010 | astrobench_eb380fd57f_chunk_020 | astrobench_a36c60393b_chunk_033 | astrobench_d82fccf1ca_chunk_041 | astrobench_a36c60393b_chunk_015 | astrobench_a877243f10_chunk_027 | astrobench_d82fccf1ca_chunk_031 | astrobench_eb380fd57f_chunk_018 | astrobench_a877243f10_chunk_035 | astrobench_1e3dee4300_chunk_007 | astrobench_15ca427d22_chunk_013 | astrobench_79edfd6850_chunk_005,astrobench_a36c60393b_chunk_010::4.3.Influence of orbital parameters on tidal feature formation | astrobench_eb380fd57f_chunk_020::3.1.2.Binning particles with a common history | astrobench_a36c60393b_chunk_033::4.3.Influence of orbital parameters on tidal feature formation | astrobench_d82fccf1ca_chunk_041::2.2 Calculating orbital frequencies | astrobench_a36c60393b_chunk_015::4.4.Environmental independence of tidal morphologies | astrobench_a877243f10_chunk_027::3.2 Flattened models | astrobench_d82fccf1ca_chunk_031::3.2 Connection to configuration space | astrobench_eb380fd57f_chunk_018::3.1.Choice of coordinate systems | astrobench_a877243f10_chunk_035::3 ANALYTIC CONSIDERATIONS | astrobench_1e3dee4300_chunk_007::1.2 Dynamical Actions | astrobench_15ca427d22_chunk_013::2.4.Orbital Parameters | astrobench_79edfd6850_chunk_005::2.3.2.Misalignment angle,TODO,
astro_q038,scientific_retrieval,challenge,medium,What failure modes arise when using paper-first retrieval for full-text retrieval?,paper-first retrieval | reranking,astrobench_3474c47fe1 | astrobench_eb380fd57f | astrobench_0deff610d0 | astrobench_d82fccf1ca,Self-consistent dynamical models with a finite extent -- V. Smooth radial truncations and phase-space consistency | Phase spirals across galactic disks I: Exploring dynamical influences on winding | Hierarchical bayesian inference: constraining population distribution of dark matter halo shapes via stellar streams | Stirring Things Up: Bar-induced substructures in the stellar halo of a cosmological Milky Way analogue,astrobench_3474c47fe1_chunk_025 | astrobench_3474c47fe1_chunk_019,astrobench_3474c47fe1_chunk_012 | astrobench_3474c47fe1_chunk_002 | astrobench_3474c47fe1_chunk_004,astrobench_3474c47fe1_chunk_025 | astrobench_3474c47fe1_chunk_019 | astrobench_3474c47fe1_chunk_012 | astrobench_3474c47fe1_chunk_002 | astrobench_3474c47fe1_chunk_004 | astrobench_eb380fd57f_chunk_027 | astrobench_eb380fd57f_chunk_011 | astrobench_3474c47fe1_chunk_015 | astrobench_0deff610d0_chunk_007 | astrobench_3474c47fe1_chunk_007 | astrobench_3474c47fe1_chunk_018 | astrobench_d82fccf1ca_chunk_010,astrobench_3474c47fe1_chunk_025::4.3 Stability considerations | astrobench_3474c47fe1_chunk_019::4.3 Stability considerations | astrobench_3474c47fe1_chunk_012::4.1 Sharp versus soft truncations | astrobench_3474c47fe1_chunk_002::1 INTRODUCTION | astrobench_3474c47fe1_chunk_004::5 SUMMARY | astrobench_eb380fd57f_chunk_027::5.3.Critical assessment | astrobench_eb380fd57f_chunk_011::5.2.Exploring individual T fit curve features with toy models | astrobench_3474c47fe1_chunk_015::4.2 Extension to anisotropic orbital structures | astrobench_0deff610d0_chunk_007::1 INTRODUCTION | astrobench_3474c47fe1_chunk_007::1 INTRODUCTION | astrobench_3474c47fe1_chunk_018::4.3 Stability considerations | astrobench_d82fccf1ca_chunk_010::1 INTRODUCTION,TODO,
astro_q039,distribution_functions,method,hard,How is selection functions used when fitting Galactic dynamical models?,selection functions | survey incompleteness,astrobench_f31aa696a1 | astrobench_3474c47fe1 | astrobench_15ca427d22 | astrobench_6b026e54cb | astrobench_a877243f10,Forward-modelling Milky Way Cepheids: selection effects and physical priors in the Gaia-HST calibration | Self-consistent dynamical models with a finite extent -- V. Smooth radial truncations and phase-space consistency | A Low-mass Model of The Milky Way: The Disk Warp Resulting from A Galaxy Merger | The LEGARE Project. I. Chemical evolution model of the Nuclear Stellar Disc in a Bayesian framework | Distribution functions for spheroids,astrobench_f31aa696a1_chunk_028 | astrobench_f31aa696a1_chunk_015,astrobench_f31aa696a1_chunk_012 | astrobench_3474c47fe1_chunk_007 | astrobench_15ca427d22_chunk_000,astrobench_f31aa696a1_chunk_028 | astrobench_f31aa696a1_chunk_015 | astrobench_f31aa696a1_chunk_012 | astrobench_3474c47fe1_chunk_007 | astrobench_15ca427d22_chunk_000 | astrobench_3474c47fe1_chunk_001 | astrobench_3474c47fe1_chunk_006 | astrobench_3474c47fe1_chunk_022 | astrobench_3474c47fe1_chunk_004 | astrobench_3474c47fe1_chunk_000 | astrobench_6b026e54cb_chunk_002 | astrobench_a877243f10_chunk_000,astrobench_f31aa696a1_chunk_028::5.1 Comparison with previous approaches | astrobench_f31aa696a1_chunk_015::D3 Summary | astrobench_f31aa696a1_chunk_012::D3 Summary | astrobench_3474c47fe1_chunk_007::1 INTRODUCTION | astrobench_15ca427d22_chunk_000::2.MODEL AND SIMULATION | astrobench_3474c47fe1_chunk_001::1 INTRODUCTION | astrobench_3474c47fe1_chunk_006::3.1 The Hernquist model | astrobench_3474c47fe1_chunk_022::4.4 The distribution function as consistency diagnostic | astrobench_3474c47fe1_chunk_004::5 SUMMARY | astrobench_3474c47fe1_chunk_000::1 INTRODUCTION | astrobench_6b026e54cb_chunk_002::3.Data sample for the NSD metallicity distribution | astrobench_a877243f10_chunk_000::1 INTRODUCTION,TODO,
astro_q040,scientific_retrieval,definition,medium,What does dense retrieval mean in the setting of scientific document retrieval?,dense retrieval | section-aware chunking,astrobench_79edfd6850 | astrobench_d82fccf1ca | astrobench_15ca427d22 | astrobench_3644e67b5c | astrobench_f31aa696a1,Constraining the Galactic bar and spiral pattern speeds with the Hyades tidal stream | Stirring Things Up: Bar-induced substructures in the stellar halo of a cosmological Milky Way analogue | A Low-mass Model of The Milky Way: The Disk Warp Resulting from A Galaxy Merger | Probabilistic inference in very large universes | Forward-modelling Milky Way Cepheids: selection effects and physical priors in the Gaia-HST calibration,astrobench_79edfd6850_chunk_010 | astrobench_d82fccf1ca_chunk_031,astrobench_15ca427d22_chunk_014 | astrobench_15ca427d22_chunk_016 | astrobench_3644e67b5c_chunk_029,astrobench_79edfd6850_chunk_010 | astrobench_d82fccf1ca_chunk_031 | astrobench_15ca427d22_chunk_014 | astrobench_15ca427d22_chunk_016 | astrobench_3644e67b5c_chunk_029 | astrobench_f31aa696a1_chunk_021 | astrobench_a877243f10_chunk_020 | astrobench_0deff610d0_chunk_040 | astrobench_ef28bece42_chunk_004 | astrobench_3644e67b5c_chunk_047 | astrobench_98f72fa560_chunk_004 | astrobench_98f72fa560_chunk_018,"astrobench_79edfd6850_chunk_010::2.3.3.Proper motions | astrobench_d82fccf1ca_chunk_031::3.2 Connection to configuration space | astrobench_15ca427d22_chunk_014::3.DM HALO IN SIMULATION | astrobench_15ca427d22_chunk_016::3.DM HALO IN SIMULATION | astrobench_3644e67b5c_chunk_029::we find | astrobench_f31aa696a1_chunk_021::2 R.Stiskalek et al | astrobench_a877243f10_chunk_020::4 DFS FOR SPHERICAL MODELS | astrobench_0deff610d0_chunk_040::APPENDIX A: POPULATION RELATIONS | astrobench_ef28bece42_chunk_004::2.SAMPLE AND DATA ANALYSIS | astrobench_3644e67b5c_chunk_047::IV-B.When we evaluate theories, should we use only what we know for certain? | astrobench_98f72fa560_chunk_004::3.1.Detectability mapping | astrobench_98f72fa560_chunk_018::F.Ziparo et al.: A Selection Aware View of Black Hole–Galaxy Coevolution at High Redshift",TODO,
astro_q041,scientific_qa,definition,easy,What makes gold evidence chunks important for citation-grounded scientific QA?,gold evidence chunks | FActScore-style evaluation,astrobench_3644e67b5c | astrobench_98f72fa560 | astrobench_a36c60393b | astrobench_eb380fd57f | astrobench_3474c47fe1,Probabilistic inference in very large universes | A Selection Aware View of Black Hole-Galaxy Coevolution at High Redshift | Exploring the formation mechanisms of tidal structures in globular clusters of extragalactic origin | Phase spirals across galactic disks I: Exploring dynamical influences on winding | Self-consistent dynamical models with a finite extent -- V. Smooth radial truncations and phase-space consistency,astrobench_3644e67b5c_chunk_053 | astrobench_98f72fa560_chunk_005,astrobench_3644e67b5c_chunk_031 | astrobench_3644e67b5c_chunk_054 | astrobench_a36c60393b_chunk_038,astrobench_3644e67b5c_chunk_053 | astrobench_98f72fa560_chunk_005 | astrobench_3644e67b5c_chunk_031 | astrobench_3644e67b5c_chunk_054 | astrobench_a36c60393b_chunk_038 | astrobench_eb380fd57f_chunk_003 | astrobench_3644e67b5c_chunk_022 | astrobench_3644e67b5c_chunk_032 | astrobench_3644e67b5c_chunk_018 | astrobench_eb380fd57f_chunk_002 | astrobench_3474c47fe1_chunk_011 | astrobench_3644e67b5c_chunk_030,"astrobench_3644e67b5c_chunk_053::we find | astrobench_98f72fa560_chunk_005::3.2.Testing the recovery of local scaling relations | astrobench_3644e67b5c_chunk_031::IV-E.Use of “Old Evidence” | astrobench_3644e67b5c_chunk_054::we find | astrobench_a36c60393b_chunk_038::4.4.Environmental independence of tidal morphologies | astrobench_eb380fd57f_chunk_003::5.2.1.Toy model 1: creating a delay at the start of winding | astrobench_3644e67b5c_chunk_022::IV-B.When we evaluate theories, should we use only what we know for certain? | astrobench_3644e67b5c_chunk_032::IV-E.Use of “Old Evidence” | astrobench_3644e67b5c_chunk_018::IV-B.When we evaluate theories, should we use only what we know for certain? | astrobench_eb380fd57f_chunk_002::5.2.1.Toy model 1: creating a delay at the start of winding | astrobench_3474c47fe1_chunk_011::2.2 Implementation in SpheCow | astrobench_3644e67b5c_chunk_030::IV-E.Use of “Old Evidence”",TODO,
astro_q042,galactic_dynamics,mechanism,medium,What physical mechanisms are proposed to explain disc disequilibrium?,disc disequilibrium | satellite perturbations,astrobench_15ca427d22 | astrobench_eb380fd57f | astrobench_b7b4f9944a | astrobench_6b026e54cb | astrobench_a877243f10,"A Low-mass Model of The Milky Way: The Disk Warp Resulting from A Galaxy Merger | Phase spirals across galactic disks I: Exploring dynamical influences on winding | Quantifying the Milky Way, LMC and their interaction using all-sky kinematics of outer halo stars | The LEGARE Project. I. Chemical evolution model of the Nuclear Stellar Disc in a Bayesian framework | Distribution functions for spheroids",astrobench_15ca427d22_chunk_004 | astrobench_eb380fd57f_chunk_010,astrobench_b7b4f9944a_chunk_009 | astrobench_b7b4f9944a_chunk_016 | astrobench_6b026e54cb_chunk_020,astrobench_15ca427d22_chunk_004 | astrobench_eb380fd57f_chunk_010 | astrobench_b7b4f9944a_chunk_009 | astrobench_b7b4f9944a_chunk_016 | astrobench_6b026e54cb_chunk_020 | astrobench_a877243f10_chunk_004 | astrobench_b7b4f9944a_chunk_031 | astrobench_b7b4f9944a_chunk_011 | astrobench_eb380fd57f_chunk_023 | astrobench_a877243f10_chunk_005 | astrobench_6b026e54cb_chunk_001 | astrobench_6b026e54cb_chunk_025,astrobench_15ca427d22_chunk_004::5.3.Comparing with the flatten DM halo model | astrobench_eb380fd57f_chunk_010::5.2.Exploring individual T fit curve features with toy models | astrobench_b7b4f9944a_chunk_009::7 CONCLUSIONS & OUTLOOK | astrobench_b7b4f9944a_chunk_016::2.2.1 Radial velocities | astrobench_6b026e54cb_chunk_020::2.Chemical evolution models | astrobench_a877243f10_chunk_004::1 INTRODUCTION | astrobench_b7b4f9944a_chunk_031::6.3 The influence of the LMC on Milky Way mass inference | astrobench_b7b4f9944a_chunk_011::1 INTRODUCTION | astrobench_eb380fd57f_chunk_023::4.1.Test particle phase spiral winding | astrobench_a877243f10_chunk_005::1 INTRODUCTION | astrobench_6b026e54cb_chunk_001::2.2.The chemical evolution model for the NSD | astrobench_6b026e54cb_chunk_025::4.2.Parameter priors & MCMC Sampling Procedure,TODO,
astro_q043,action_angle_methods,definition,medium,Why are symplectic structure useful in Hamiltonian dynamics?,symplectic structure | canonical coordinates,astrobench_cc18f51e25 | astrobench_3474c47fe1 | astrobench_1e3dee4300,Laplace-Legendre expansion of the planar planetary Hamiltonian | Self-consistent dynamical models with a finite extent -- V. Smooth radial truncations and phase-space consistency | Bar Properties and Star-by-Star Bar Membership via Action Conservation,astrobench_cc18f51e25_chunk_004 | astrobench_cc18f51e25_chunk_000,astrobench_cc18f51e25_chunk_012 | astrobench_cc18f51e25_chunk_007 | astrobench_3474c47fe1_chunk_022,astrobench_cc18f51e25_chunk_004 | astrobench_cc18f51e25_chunk_000 | astrobench_cc18f51e25_chunk_012 | astrobench_cc18f51e25_chunk_007 | astrobench_3474c47fe1_chunk_022 | astrobench_cc18f51e25_chunk_001 | astrobench_cc18f51e25_chunk_003 | astrobench_1e3dee4300_chunk_000 | astrobench_3474c47fe1_chunk_002 | astrobench_3474c47fe1_chunk_005 | astrobench_cc18f51e25_chunk_008 | astrobench_3474c47fe1_chunk_006,astrobench_cc18f51e25_chunk_004::1 Introduction | astrobench_cc18f51e25_chunk_000::5 Conclusion | astrobench_cc18f51e25_chunk_012::4 Convergence of the Laplace-Legendre expansion | astrobench_cc18f51e25_chunk_007::1 Introduction | astrobench_3474c47fe1_chunk_022::4.4 The distribution function as consistency diagnostic | astrobench_cc18f51e25_chunk_001::5 Conclusion | astrobench_cc18f51e25_chunk_003::1 Introduction | astrobench_1e3dee4300_chunk_000::1.1 Background | astrobench_3474c47fe1_chunk_002::1 INTRODUCTION | astrobench_3474c47fe1_chunk_005::5 SUMMARY | astrobench_cc18f51e25_chunk_008::5 Conclusion | astrobench_3474c47fe1_chunk_006::3.1 The Hernquist model,TODO,
astro_q044,scientific_qa,method,hard,How should a QA system use unsupported claims when citing evidence?,unsupported claims | citation-faithful answering,astrobench_f31aa696a1 | astrobench_3644e67b5c | astrobench_a36c60393b | astrobench_eb380fd57f,Forward-modelling Milky Way Cepheids: selection effects and physical priors in the Gaia-HST calibration | Probabilistic inference in very large universes | Exploring the formation mechanisms of tidal structures in globular clusters of extragalactic origin | Phase spirals across galactic disks I: Exploring dynamical influences on winding,astrobench_f31aa696a1_chunk_037 | astrobench_3644e67b5c_chunk_051,astrobench_3644e67b5c_chunk_053 | astrobench_3644e67b5c_chunk_054 | astrobench_3644e67b5c_chunk_031,astrobench_f31aa696a1_chunk_037 | astrobench_3644e67b5c_chunk_051 | astrobench_3644e67b5c_chunk_053 | astrobench_3644e67b5c_chunk_054 | astrobench_3644e67b5c_chunk_031 | astrobench_3644e67b5c_chunk_055 | astrobench_3644e67b5c_chunk_030 | astrobench_3644e67b5c_chunk_032 | astrobench_a36c60393b_chunk_038 | astrobench_eb380fd57f_chunk_003 | astrobench_eb380fd57f_chunk_002 | astrobench_3644e67b5c_chunk_022,"astrobench_f31aa696a1_chunk_037::2 R.Stiskalek et al | astrobench_3644e67b5c_chunk_051::IV-C.Rejection of theories in which Boltzmann Brains dominate | astrobench_3644e67b5c_chunk_053::we find | astrobench_3644e67b5c_chunk_054::we find | astrobench_3644e67b5c_chunk_031::IV-E.Use of “Old Evidence” | astrobench_3644e67b5c_chunk_055::we find | astrobench_3644e67b5c_chunk_030::IV-E.Use of “Old Evidence” | astrobench_3644e67b5c_chunk_032::IV-E.Use of “Old Evidence” | astrobench_a36c60393b_chunk_038::4.4.Environmental independence of tidal morphologies | astrobench_eb380fd57f_chunk_003::5.2.1.Toy model 1: creating a delay at the start of winding | astrobench_eb380fd57f_chunk_002::5.2.1.Toy model 1: creating a delay at the start of winding | astrobench_3644e67b5c_chunk_022::IV-B.When we evaluate theories, should we use only what we know for certain?",TODO,
astro_q045,galactic_dynamics,comparison,hard,How does phase mixing compare with bending waves in models of the Milky Way?,phase mixing | bending waves,astrobench_15ca427d22 | astrobench_eb380fd57f | astrobench_e6b347fbf5,A Low-mass Model of The Milky Way: The Disk Warp Resulting from A Galaxy Merger | Phase spirals across galactic disks I: Exploring dynamical influences on winding | Set the Night on FIRE: Building an Empirical Local Dark Matter Velocity Distribution,astrobench_15ca427d22_chunk_010 | astrobench_eb380fd57f_chunk_039,astrobench_eb380fd57f_chunk_034 | astrobench_15ca427d22_chunk_008 | astrobench_eb380fd57f_chunk_037,astrobench_15ca427d22_chunk_010 | astrobench_eb380fd57f_chunk_039 | astrobench_eb380fd57f_chunk_034 | astrobench_15ca427d22_chunk_008 | astrobench_eb380fd57f_chunk_037 | astrobench_e6b347fbf5_chunk_003 | astrobench_eb380fd57f_chunk_017 | astrobench_eb380fd57f_chunk_012 | astrobench_eb380fd57f_chunk_022 | astrobench_eb380fd57f_chunk_032 | astrobench_eb380fd57f_chunk_026 | astrobench_eb380fd57f_chunk_000,astrobench_15ca427d22_chunk_010::4.2.Kinematic warp model | astrobench_eb380fd57f_chunk_039::5.TOWARDS UNDERSTANDING THE FEATURES IN THE N-BODY WINDING EVOLUTION | astrobench_eb380fd57f_chunk_034::2.2.Self-consistent N-body simulation | astrobench_15ca427d22_chunk_008::4.2.Kinematic warp model | astrobench_eb380fd57f_chunk_037::4.1.Test particle phase spiral winding | astrobench_e6b347fbf5_chunk_003::3.1.2.Accretion History | astrobench_eb380fd57f_chunk_017::2.2.Self-consistent N-body simulation | astrobench_eb380fd57f_chunk_012::5.2.1.Toy model 1: creating a delay at the start of winding | astrobench_eb380fd57f_chunk_022::4.1.Test particle phase spiral winding | astrobench_eb380fd57f_chunk_032::6.3.Implications for studying the Milky Way phase spirals’ origins | astrobench_eb380fd57f_chunk_026::5.3.Critical assessment | astrobench_eb380fd57f_chunk_000::5.2.1.Toy model 1: creating a delay at the start of winding,TODO,
astro_q046,distribution_functions,definition,easy,What is the role of Fokker-Planck modelling in distribution-function modelling?,Fokker-Planck modelling | distribution functions,astrobench_f31aa696a1 | astrobench_705f443da5 | astrobench_a877243f10,"Forward-modelling Milky Way Cepheids: selection effects and physical priors in the Gaia-HST calibration | Distribution function-based modelling of discrete kinematic datasets, in application to the Milky Way nuclear star cluster | Distribution functions for spheroids",astrobench_f31aa696a1_chunk_001 | astrobench_705f443da5_chunk_018,astrobench_a877243f10_chunk_001 | astrobench_a877243f10_chunk_031 | astrobench_705f443da5_chunk_028,astrobench_f31aa696a1_chunk_001 | astrobench_705f443da5_chunk_018 | astrobench_a877243f10_chunk_001 | astrobench_a877243f10_chunk_031 | astrobench_705f443da5_chunk_028 | astrobench_a877243f10_chunk_023 | astrobench_705f443da5_chunk_006 | astrobench_705f443da5_chunk_044 | astrobench_705f443da5_chunk_043 | astrobench_705f443da5_chunk_000 | astrobench_705f443da5_chunk_011 | astrobench_705f443da5_chunk_038,astrobench_f31aa696a1_chunk_001::1 INTRODUCTION | astrobench_705f443da5_chunk_018::3.4.Test on mock data | astrobench_a877243f10_chunk_001::1 INTRODUCTION | astrobench_a877243f10_chunk_031::5 OBLATE MODELS | astrobench_705f443da5_chunk_028::3.2.2.Spherical halo models | astrobench_a877243f10_chunk_023::3.3 Summary | astrobench_705f443da5_chunk_006::2.3.Construction of self-consistent models | astrobench_705f443da5_chunk_044::3.3.4.Treatment of outliers and foreground contamination | astrobench_705f443da5_chunk_043::3.3.2.Computation of velocity distributions | astrobench_705f443da5_chunk_000::2.1.Overview of methods | astrobench_705f443da5_chunk_011::3.MODEL FITTING | astrobench_705f443da5_chunk_038::3.3.4.Treatment of outliers and foreground contamination,TODO,
astro_q047,action_angle_methods,method,hard,How are symplectic structure used to describe orbital structure?,symplectic structure | action-angle coordinates,astrobench_a36c60393b | astrobench_3474c47fe1 | astrobench_1e3dee4300 | astrobench_eb380fd57f | astrobench_d82fccf1ca,Exploring the formation mechanisms of tidal structures in globular clusters of extragalactic origin | Self-consistent dynamical models with a finite extent -- V. Smooth radial truncations and phase-space consistency | Bar Properties and Star-by-Star Bar Membership via Action Conservation | Phase spirals across galactic disks I: Exploring dynamical influences on winding | Stirring Things Up: Bar-induced substructures in the stellar halo of a cosmological Milky Way analogue,astrobench_a36c60393b_chunk_010 | astrobench_a36c60393b_chunk_033,astrobench_a36c60393b_chunk_015 | astrobench_3474c47fe1_chunk_002 | astrobench_1e3dee4300_chunk_007,astrobench_a36c60393b_chunk_010 | astrobench_a36c60393b_chunk_033 | astrobench_a36c60393b_chunk_015 | astrobench_3474c47fe1_chunk_002 | astrobench_1e3dee4300_chunk_007 | astrobench_eb380fd57f_chunk_020 | astrobench_d82fccf1ca_chunk_017 | astrobench_3474c47fe1_chunk_004 | astrobench_3474c47fe1_chunk_015 | astrobench_1e3dee4300_chunk_014 | astrobench_3474c47fe1_chunk_009 | astrobench_3474c47fe1_chunk_016,astrobench_a36c60393b_chunk_010::4.3.Influence of orbital parameters on tidal feature formation | astrobench_a36c60393b_chunk_033::4.3.Influence of orbital parameters on tidal feature formation | astrobench_a36c60393b_chunk_015::4.4.Environmental independence of tidal morphologies | astrobench_3474c47fe1_chunk_002::1 INTRODUCTION | astrobench_1e3dee4300_chunk_007::1.2 Dynamical Actions | astrobench_eb380fd57f_chunk_020::3.1.2.Binning particles with a common history | astrobench_d82fccf1ca_chunk_017::3 RESONANCES IN THE STELLAR HALO | astrobench_3474c47fe1_chunk_004::5 SUMMARY | astrobench_3474c47fe1_chunk_015::4.2 Extension to anisotropic orbital structures | astrobench_1e3dee4300_chunk_014::1.2 Dynamical Actions | astrobench_3474c47fe1_chunk_009::2.2 Implementation in SpheCow | astrobench_3474c47fe1_chunk_016::4.2 Extension to anisotropic orbital structures,TODO,
astro_q048,scientific_retrieval,comparison,hard,Why might paper-first retrieval outperform evidence chunks on scientific papers?,paper-first retrieval | evidence chunks,astrobench_3644e67b5c | astrobench_3474c47fe1 | astrobench_a36c60393b | astrobench_eb380fd57f | astrobench_cc18f51e25,Probabilistic inference in very large universes | Self-consistent dynamical models with a finite extent -- V. Smooth radial truncations and phase-space consistency | Exploring the formation mechanisms of tidal structures in globular clusters of extragalactic origin | Phase spirals across galactic disks I: Exploring dynamical influences on winding | Laplace-Legendre expansion of the planar planetary Hamiltonian,astrobench_3644e67b5c_chunk_047 | astrobench_3474c47fe1_chunk_015,astrobench_3644e67b5c_chunk_030 | astrobench_3474c47fe1_chunk_007 | astrobench_3644e67b5c_chunk_031,astrobench_3644e67b5c_chunk_047 | astrobench_3474c47fe1_chunk_015 | astrobench_3644e67b5c_chunk_030 | astrobench_3474c47fe1_chunk_007 | astrobench_3644e67b5c_chunk_031 | astrobench_a36c60393b_chunk_038 | astrobench_eb380fd57f_chunk_003 | astrobench_3644e67b5c_chunk_022 | astrobench_3474c47fe1_chunk_002 | astrobench_3644e67b5c_chunk_032 | astrobench_eb380fd57f_chunk_002 | astrobench_cc18f51e25_chunk_002,"astrobench_3644e67b5c_chunk_047::IV-B.When we evaluate theories, should we use only what we know for certain? | astrobench_3474c47fe1_chunk_015::4.2 Extension to anisotropic orbital structures | astrobench_3644e67b5c_chunk_030::IV-E.Use of “Old Evidence” | astrobench_3474c47fe1_chunk_007::1 INTRODUCTION | astrobench_3644e67b5c_chunk_031::IV-E.Use of “Old Evidence” | astrobench_a36c60393b_chunk_038::4.4.Environmental independence of tidal morphologies | astrobench_eb380fd57f_chunk_003::5.2.1.Toy model 1: creating a delay at the start of winding | astrobench_3644e67b5c_chunk_022::IV-B.When we evaluate theories, should we use only what we know for certain? | astrobench_3474c47fe1_chunk_002::1 INTRODUCTION | astrobench_3644e67b5c_chunk_032::IV-E.Use of “Old Evidence” | astrobench_eb380fd57f_chunk_002::5.2.1.Toy model 1: creating a delay at the start of winding | astrobench_cc18f51e25_chunk_002::5 Conclusion",TODO,
astro_q049,galactic_dynamics,comparison,medium,How does bending waves compare with disc disequilibrium in models of the Milky Way?,bending waves | disc disequilibrium,astrobench_15ca427d22 | astrobench_b7b4f9944a | astrobench_6b026e54cb | astrobench_cbff59e329,"A Low-mass Model of The Milky Way: The Disk Warp Resulting from A Galaxy Merger | Quantifying the Milky Way, LMC and their interaction using all-sky kinematics of outer halo stars | The LEGARE Project. I. Chemical evolution model of the Nuclear Stellar Disc in a Bayesian framework | Kinematic diagnostics for non-axisymmetry in the Milky Way's nuclear stellar disc",astrobench_15ca427d22_chunk_010 | astrobench_15ca427d22_chunk_008,astrobench_b7b4f9944a_chunk_009 | astrobench_b7b4f9944a_chunk_031 | astrobench_15ca427d22_chunk_023,astrobench_15ca427d22_chunk_010 | astrobench_15ca427d22_chunk_008 | astrobench_b7b4f9944a_chunk_009 | astrobench_b7b4f9944a_chunk_031 | astrobench_15ca427d22_chunk_023 | astrobench_6b026e54cb_chunk_020 | astrobench_6b026e54cb_chunk_004 | astrobench_b7b4f9944a_chunk_016 | astrobench_15ca427d22_chunk_009 | astrobench_b7b4f9944a_chunk_011 | astrobench_cbff59e329_chunk_001 | astrobench_cbff59e329_chunk_000,astrobench_15ca427d22_chunk_010::4.2.Kinematic warp model | astrobench_15ca427d22_chunk_008::4.2.Kinematic warp model | astrobench_b7b4f9944a_chunk_009::7 CONCLUSIONS & OUTLOOK | astrobench_b7b4f9944a_chunk_031::6.3 The influence of the LMC on Milky Way mass inference | astrobench_15ca427d22_chunk_023::4.3.Perturbation from the DM halo | astrobench_6b026e54cb_chunk_020::2.Chemical evolution models | astrobench_6b026e54cb_chunk_004::5.Results for the NSD chemical evolution | astrobench_b7b4f9944a_chunk_016::2.2.1 Radial velocities | astrobench_15ca427d22_chunk_009::4.2.Kinematic warp model | astrobench_b7b4f9944a_chunk_011::1 INTRODUCTION | astrobench_cbff59e329_chunk_001::2.2.The strong and weak NSB models | astrobench_cbff59e329_chunk_000::2.1.The axisymmetric NSD model,TODO,
astro_q050,scientific_retrieval,comparison,easy,Why might section-aware chunking outperform hybrid retrieval on scientific papers?,section-aware chunking | hybrid retrieval,astrobench_3644e67b5c | astrobench_ef28bece42 | astrobench_98f72fa560 | astrobench_f31aa696a1 | astrobench_d82fccf1ca,Probabilistic inference in very large universes | Galactic disc warps from $z = 2.5$ to modern epoch: ruling out observational effects | A Selection Aware View of Black Hole-Galaxy Coevolution at High Redshift | Forward-modelling Milky Way Cepheids: selection effects and physical priors in the Gaia-HST calibration | Stirring Things Up: Bar-induced substructures in the stellar halo of a cosmological Milky Way analogue,astrobench_3644e67b5c_chunk_047 | astrobench_ef28bece42_chunk_004,astrobench_98f72fa560_chunk_024 | astrobench_98f72fa560_chunk_013 | astrobench_98f72fa560_chunk_019,astrobench_3644e67b5c_chunk_047 | astrobench_ef28bece42_chunk_004 | astrobench_98f72fa560_chunk_024 | astrobench_98f72fa560_chunk_013 | astrobench_98f72fa560_chunk_019 | astrobench_f31aa696a1_chunk_021 | astrobench_98f72fa560_chunk_017 | astrobench_d82fccf1ca_chunk_010 | astrobench_98f72fa560_chunk_010 | astrobench_6b026e54cb_chunk_020 | astrobench_a877243f10_chunk_006 | astrobench_6b026e54cb_chunk_004,"astrobench_3644e67b5c_chunk_047::IV-B.When we evaluate theories, should we use only what we know for certain? | astrobench_ef28bece42_chunk_004::2.SAMPLE AND DATA ANALYSIS | astrobench_98f72fa560_chunk_024::F.Ziparo et al.: A Selection Aware View of Black Hole–Galaxy Coevolution at High Redshift | astrobench_98f72fa560_chunk_013::F.Ziparo et al.: A Selection Aware View of Black Hole–Galaxy Coevolution at High Redshift | astrobench_98f72fa560_chunk_019::5.Comparison with previous works | astrobench_f31aa696a1_chunk_021::2 R.Stiskalek et al | astrobench_98f72fa560_chunk_017::3.3.Inferring the M BH -M⋆ relation | astrobench_d82fccf1ca_chunk_010::1 INTRODUCTION | astrobench_98f72fa560_chunk_010::F.Ziparo et al.: A Selection Aware View of Black Hole–Galaxy Coevolution at High Redshift | astrobench_6b026e54cb_chunk_020::2.Chemical evolution models | astrobench_a877243f10_chunk_006::1 INTRODUCTION | astrobench_6b026e54cb_chunk_004::5.Results for the NSD chemical evolution",TODO,
astro_q051,scientific_qa,challenge,easy,Why can abstention lead to unsupported answers in scientific QA?,abstention | citation-faithful answering,astrobench_3644e67b5c | astrobench_0deff610d0 | astrobench_a877243f10 | astrobench_cc18f51e25,Probabilistic inference in very large universes | Hierarchical bayesian inference: constraining population distribution of dark matter halo shapes via stellar streams | Distribution functions for spheroids | Laplace-Legendre expansion of the planar planetary Hamiltonian,astrobench_3644e67b5c_chunk_020 | astrobench_3644e67b5c_chunk_055,astrobench_3644e67b5c_chunk_047 | astrobench_0deff610d0_chunk_042 | astrobench_3644e67b5c_chunk_018,astrobench_3644e67b5c_chunk_020 | astrobench_3644e67b5c_chunk_055 | astrobench_3644e67b5c_chunk_047 | astrobench_0deff610d0_chunk_042 | astrobench_3644e67b5c_chunk_018 | astrobench_3644e67b5c_chunk_051 | astrobench_3644e67b5c_chunk_052 | astrobench_a877243f10_chunk_027 | astrobench_3644e67b5c_chunk_053 | astrobench_a877243f10_chunk_028 | astrobench_3644e67b5c_chunk_021 | astrobench_cc18f51e25_chunk_002,"astrobench_3644e67b5c_chunk_020::IV-B.When we evaluate theories, should we use only what we know for certain? | astrobench_3644e67b5c_chunk_055::we find | astrobench_3644e67b5c_chunk_047::IV-B.When we evaluate theories, should we use only what we know for certain? | astrobench_0deff610d0_chunk_042::APPENDIX A: POPULATION RELATIONS | astrobench_3644e67b5c_chunk_018::IV-B.When we evaluate theories, should we use only what we know for certain? | astrobench_3644e67b5c_chunk_051::IV-C.Rejection of theories in which Boltzmann Brains dominate | astrobench_3644e67b5c_chunk_052::we find | astrobench_a877243f10_chunk_027::3.2 Flattened models | astrobench_3644e67b5c_chunk_053::we find | astrobench_a877243f10_chunk_028::3.2 Flattened models | astrobench_3644e67b5c_chunk_021::IV-B.When we evaluate theories, should we use only what we know for certain? | astrobench_cc18f51e25_chunk_002::5 Conclusion",TODO,
astro_q052,distribution_functions,challenge,hard,What observational complications affect inference of Fokker-Planck modelling?,Fokker-Planck modelling | likelihood-based dynamical inference,astrobench_f31aa696a1 | astrobench_705f443da5 | astrobench_b7b4f9944a,"Forward-modelling Milky Way Cepheids: selection effects and physical priors in the Gaia-HST calibration | Distribution function-based modelling of discrete kinematic datasets, in application to the Milky Way nuclear star cluster | Quantifying the Milky Way, LMC and their interaction using all-sky kinematics of outer halo stars",astrobench_f31aa696a1_chunk_001 | astrobench_705f443da5_chunk_018,astrobench_705f443da5_chunk_037 | astrobench_f31aa696a1_chunk_028 | astrobench_b7b4f9944a_chunk_003,astrobench_f31aa696a1_chunk_001 | astrobench_705f443da5_chunk_018 | astrobench_705f443da5_chunk_037 | astrobench_f31aa696a1_chunk_028 | astrobench_b7b4f9944a_chunk_003 | astrobench_705f443da5_chunk_002 | astrobench_705f443da5_chunk_039 | astrobench_f31aa696a1_chunk_030 | astrobench_f31aa696a1_chunk_038 | astrobench_705f443da5_chunk_041 | astrobench_f31aa696a1_chunk_032 | astrobench_f31aa696a1_chunk_027,astrobench_f31aa696a1_chunk_001::1 INTRODUCTION | astrobench_705f443da5_chunk_018::3.4.Test on mock data | astrobench_705f443da5_chunk_037::3.3.2.Computation of velocity distributions | astrobench_f31aa696a1_chunk_028::5.1 Comparison with previous approaches | astrobench_b7b4f9944a_chunk_003::1 INTRODUCTION | astrobench_705f443da5_chunk_002::2.1.Overview of methods | astrobench_705f443da5_chunk_039::3.3.4.Treatment of outliers and foreground contamination | astrobench_f31aa696a1_chunk_030::18 R.Stiskalek et al | astrobench_f31aa696a1_chunk_038::12 R.Stiskalek et al | astrobench_705f443da5_chunk_041::3.2.1.1d vertical disc profile | astrobench_f31aa696a1_chunk_032::18 R.Stiskalek et al | astrobench_f31aa696a1_chunk_027::5.1 Comparison with previous approaches,TODO,
astro_q053,action_angle_methods,definition,easy,Why are orbital frequencies useful in Hamiltonian dynamics?,orbital frequencies | symplectic structure,astrobench_d82fccf1ca | astrobench_eb380fd57f | astrobench_a877243f10 | astrobench_cc18f51e25 | astrobench_3474c47fe1,Stirring Things Up: Bar-induced substructures in the stellar halo of a cosmological Milky Way analogue | Phase spirals across galactic disks I: Exploring dynamical influences on winding | Distribution functions for spheroids | Laplace-Legendre expansion of the planar planetary Hamiltonian | Self-consistent dynamical models with a finite extent -- V. Smooth radial truncations and phase-space consistency,astrobench_d82fccf1ca_chunk_041 | astrobench_eb380fd57f_chunk_020,astrobench_a877243f10_chunk_027 | astrobench_d82fccf1ca_chunk_031 | astrobench_a877243f10_chunk_035,astrobench_d82fccf1ca_chunk_041 | astrobench_eb380fd57f_chunk_020 | astrobench_a877243f10_chunk_027 | astrobench_d82fccf1ca_chunk_031 | astrobench_a877243f10_chunk_035 | astrobench_cc18f51e25_chunk_001 | astrobench_cc18f51e25_chunk_007 | astrobench_cc18f51e25_chunk_003 | astrobench_cc18f51e25_chunk_008 | astrobench_cc18f51e25_chunk_012 | astrobench_3474c47fe1_chunk_002 | astrobench_cc18f51e25_chunk_000,astrobench_d82fccf1ca_chunk_041::2.2 Calculating orbital frequencies | astrobench_eb380fd57f_chunk_020::3.1.2.Binning particles with a common history | astrobench_a877243f10_chunk_027::3.2 Flattened models | astrobench_d82fccf1ca_chunk_031::3.2 Connection to configuration space | astrobench_a877243f10_chunk_035::3 ANALYTIC CONSIDERATIONS | astrobench_cc18f51e25_chunk_001::5 Conclusion | astrobench_cc18f51e25_chunk_007::1 Introduction | astrobench_cc18f51e25_chunk_003::1 Introduction | astrobench_cc18f51e25_chunk_008::5 Conclusion | astrobench_cc18f51e25_chunk_012::4 Convergence of the Laplace-Legendre expansion | astrobench_3474c47fe1_chunk_002::1 INTRODUCTION | astrobench_cc18f51e25_chunk_000::5 Conclusion,TODO,
astro_q054,scientific_retrieval,challenge,easy,What failure modes arise when using lexical retrieval for full-text retrieval?,lexical retrieval | hybrid retrieval,astrobench_eb380fd57f | astrobench_3474c47fe1 | astrobench_3644e67b5c | astrobench_ef28bece42 | astrobench_b7b4f9944a,"Phase spirals across galactic disks I: Exploring dynamical influences on winding | Self-consistent dynamical models with a finite extent -- V. Smooth radial truncations and phase-space consistency | Probabilistic inference in very large universes | Galactic disc warps from $z = 2.5$ to modern epoch: ruling out observational effects | Quantifying the Milky Way, LMC and their interaction using all-sky kinematics of outer halo stars",astrobench_eb380fd57f_chunk_027 | astrobench_eb380fd57f_chunk_011,astrobench_3474c47fe1_chunk_019 | astrobench_3474c47fe1_chunk_025 | astrobench_3474c47fe1_chunk_012,astrobench_eb380fd57f_chunk_027 | astrobench_eb380fd57f_chunk_011 | astrobench_3474c47fe1_chunk_019 | astrobench_3474c47fe1_chunk_025 | astrobench_3474c47fe1_chunk_012 | astrobench_3474c47fe1_chunk_018 | astrobench_3644e67b5c_chunk_012 | astrobench_ef28bece42_chunk_002 | astrobench_3644e67b5c_chunk_004 | astrobench_3644e67b5c_chunk_007 | astrobench_b7b4f9944a_chunk_039 | astrobench_705f443da5_chunk_026,astrobench_eb380fd57f_chunk_027::5.3.Critical assessment | astrobench_eb380fd57f_chunk_011::5.2.Exploring individual T fit curve features with toy models | astrobench_3474c47fe1_chunk_019::4.3 Stability considerations | astrobench_3474c47fe1_chunk_025::4.3 Stability considerations | astrobench_3474c47fe1_chunk_012::4.1 Sharp versus soft truncations | astrobench_3474c47fe1_chunk_018::4.3 Stability considerations | astrobench_3644e67b5c_chunk_012::III-B.Principle of Self-Locating Indifference | astrobench_ef28bece42_chunk_002::2.SAMPLE AND DATA ANALYSIS | astrobench_3644e67b5c_chunk_004::Appendix A: Motivating the Principle of Self-Locating Indifference assuming that the model U∗ for the real universe is known | astrobench_3644e67b5c_chunk_007::Appendix A: Motivating the Principle of Self-Locating Indifference assuming that the model U∗ for the real universe is known | astrobench_b7b4f9944a_chunk_039::6.3 The influence of the LMC on Milky Way mass inference | astrobench_705f443da5_chunk_026::3.4.Test on mock data,TODO,
astro_q055,galactic_dynamics,comparison,medium,How does satellite perturbations compare with disc disequilibrium in models of the Milky Way?,satellite perturbations | disc disequilibrium,astrobench_d82fccf1ca | astrobench_eb380fd57f | astrobench_15ca427d22 | astrobench_b7b4f9944a | astrobench_6b026e54cb,"Stirring Things Up: Bar-induced substructures in the stellar halo of a cosmological Milky Way analogue | Phase spirals across galactic disks I: Exploring dynamical influences on winding | A Low-mass Model of The Milky Way: The Disk Warp Resulting from A Galaxy Merger | Quantifying the Milky Way, LMC and their interaction using all-sky kinematics of outer halo stars | The LEGARE Project. I. Chemical evolution model of the Nuclear Stellar Disc in a Bayesian framework",astrobench_d82fccf1ca_chunk_002 | astrobench_eb380fd57f_chunk_016,astrobench_eb380fd57f_chunk_030 | astrobench_15ca427d22_chunk_004 | astrobench_d82fccf1ca_chunk_014,astrobench_d82fccf1ca_chunk_002 | astrobench_eb380fd57f_chunk_016 | astrobench_eb380fd57f_chunk_030 | astrobench_15ca427d22_chunk_004 | astrobench_d82fccf1ca_chunk_014 | astrobench_eb380fd57f_chunk_017 | astrobench_b7b4f9944a_chunk_009 | astrobench_b7b4f9944a_chunk_031 | astrobench_eb380fd57f_chunk_023 | astrobench_6b026e54cb_chunk_020 | astrobench_6b026e54cb_chunk_004 | astrobench_b7b4f9944a_chunk_016,astrobench_d82fccf1ca_chunk_002::1 INTRODUCTION | astrobench_eb380fd57f_chunk_016::6.1.Connecting simulation results to the Milky Way | astrobench_eb380fd57f_chunk_030::6.2.Comparison with previous work | astrobench_15ca427d22_chunk_004::5.3.Comparing with the flatten DM halo model | astrobench_d82fccf1ca_chunk_014::5 CONCLUSIONS | astrobench_eb380fd57f_chunk_017::2.2.Self-consistent N-body simulation | astrobench_b7b4f9944a_chunk_009::7 CONCLUSIONS & OUTLOOK | astrobench_b7b4f9944a_chunk_031::6.3 The influence of the LMC on Milky Way mass inference | astrobench_eb380fd57f_chunk_023::4.1.Test particle phase spiral winding | astrobench_6b026e54cb_chunk_020::2.Chemical evolution models | astrobench_6b026e54cb_chunk_004::5.Results for the NSD chemical evolution | astrobench_b7b4f9944a_chunk_016::2.2.1 Radial velocities,TODO,
astro_q056,distribution_functions,comparison,easy,How does likelihood-based dynamical inference differ from survey incompleteness in Galactic modelling workflows?,likelihood-based dynamical inference | survey incompleteness,astrobench_98f72fa560 | astrobench_f31aa696a1 | astrobench_6b026e54cb | astrobench_705f443da5 | astrobench_b7b4f9944a,"A Selection Aware View of Black Hole-Galaxy Coevolution at High Redshift | Forward-modelling Milky Way Cepheids: selection effects and physical priors in the Gaia-HST calibration | The LEGARE Project. I. Chemical evolution model of the Nuclear Stellar Disc in a Bayesian framework | Distribution function-based modelling of discrete kinematic datasets, in application to the Milky Way nuclear star cluster | Quantifying the Milky Way, LMC and their interaction using all-sky kinematics of outer halo stars",astrobench_98f72fa560_chunk_001 | astrobench_f31aa696a1_chunk_030,astrobench_6b026e54cb_chunk_002 | astrobench_705f443da5_chunk_002 | astrobench_6b026e54cb_chunk_023,astrobench_98f72fa560_chunk_001 | astrobench_f31aa696a1_chunk_030 | astrobench_6b026e54cb_chunk_002 | astrobench_705f443da5_chunk_002 | astrobench_6b026e54cb_chunk_023 | astrobench_f31aa696a1_chunk_018 | astrobench_b7b4f9944a_chunk_004 | astrobench_a36c60393b_chunk_004 | astrobench_b7b4f9944a_chunk_045 | astrobench_b7b4f9944a_chunk_003 | astrobench_705f443da5_chunk_032 | astrobench_705f443da5_chunk_039,astrobench_98f72fa560_chunk_001::2.3.Parameter space and detectability mapping | astrobench_f31aa696a1_chunk_030::18 R.Stiskalek et al | astrobench_6b026e54cb_chunk_002::3.Data sample for the NSD metallicity distribution | astrobench_705f443da5_chunk_002::2.1.Overview of methods | astrobench_6b026e54cb_chunk_023::4.1.Likelihood definition | astrobench_f31aa696a1_chunk_018::2 R.Stiskalek et al | astrobench_b7b4f9944a_chunk_004::1 INTRODUCTION | astrobench_a36c60393b_chunk_004::3.Matched filter method | astrobench_b7b4f9944a_chunk_045::3.2 The Milky Way Stellar Halo | astrobench_b7b4f9944a_chunk_003::1 INTRODUCTION | astrobench_705f443da5_chunk_032::3.3.1.Computation of projected DF and density | astrobench_705f443da5_chunk_039::3.3.4.Treatment of outliers and foreground contamination,TODO,
astro_q057,scientific_retrieval,method,hard,How does hybrid retrieval improve scientific retrieval pipelines?,hybrid retrieval | paper-first retrieval,astrobench_3644e67b5c | astrobench_b7b4f9944a | astrobench_0deff610d0 | astrobench_3474c47fe1,"Probabilistic inference in very large universes | Quantifying the Milky Way, LMC and their interaction using all-sky kinematics of outer halo stars | Hierarchical bayesian inference: constraining population distribution of dark matter halo shapes via stellar streams | Self-consistent dynamical models with a finite extent -- V. Smooth radial truncations and phase-space consistency",astrobench_3644e67b5c_chunk_047 | astrobench_b7b4f9944a_chunk_006,astrobench_0deff610d0_chunk_032 | astrobench_b7b4f9944a_chunk_005 | astrobench_b7b4f9944a_chunk_004,astrobench_3644e67b5c_chunk_047 | astrobench_b7b4f9944a_chunk_006 | astrobench_0deff610d0_chunk_032 | astrobench_b7b4f9944a_chunk_005 | astrobench_b7b4f9944a_chunk_004 | astrobench_3474c47fe1_chunk_002 | astrobench_3474c47fe1_chunk_019 | astrobench_3644e67b5c_chunk_018 | astrobench_3644e67b5c_chunk_051 | astrobench_3644e67b5c_chunk_009 | astrobench_3644e67b5c_chunk_020 | astrobench_3644e67b5c_chunk_055,"astrobench_3644e67b5c_chunk_047::IV-B.When we evaluate theories, should we use only what we know for certain? | astrobench_b7b4f9944a_chunk_006::1 INTRODUCTION | astrobench_0deff610d0_chunk_032::2.1 Stream Generation | astrobench_b7b4f9944a_chunk_005::1 INTRODUCTION | astrobench_b7b4f9944a_chunk_004::1 INTRODUCTION | astrobench_3474c47fe1_chunk_002::1 INTRODUCTION | astrobench_3474c47fe1_chunk_019::4.3 Stability considerations | astrobench_3644e67b5c_chunk_018::IV-B.When we evaluate theories, should we use only what we know for certain? | astrobench_3644e67b5c_chunk_051::IV-C.Rejection of theories in which Boltzmann Brains dominate | astrobench_3644e67b5c_chunk_009::III.CALCULATING FIRST-PERSON PROBABILITIES IN VERY LARGE UNIVERSES | astrobench_3644e67b5c_chunk_020::IV-B.When we evaluate theories, should we use only what we know for certain? | astrobench_3644e67b5c_chunk_055::we find",TODO,
astro_q058,galactic_dynamics,mechanism,medium,What physical mechanisms are proposed to explain satellite perturbations?,satellite perturbations | phase mixing,astrobench_15ca427d22 | astrobench_eb380fd57f | astrobench_e6b347fbf5 | astrobench_d82fccf1ca,A Low-mass Model of The Milky Way: The Disk Warp Resulting from A Galaxy Merger | Phase spirals across galactic disks I: Exploring dynamical influences on winding | Set the Night on FIRE: Building an Empirical Local Dark Matter Velocity Distribution | Stirring Things Up: Bar-induced substructures in the stellar halo of a cosmological Milky Way analogue,astrobench_15ca427d22_chunk_004 | astrobench_eb380fd57f_chunk_034,astrobench_eb380fd57f_chunk_037 | astrobench_eb380fd57f_chunk_017 | astrobench_eb380fd57f_chunk_039,astrobench_15ca427d22_chunk_004 | astrobench_eb380fd57f_chunk_034 | astrobench_eb380fd57f_chunk_037 | astrobench_eb380fd57f_chunk_017 | astrobench_eb380fd57f_chunk_039 | astrobench_eb380fd57f_chunk_016 | astrobench_eb380fd57f_chunk_023 | astrobench_eb380fd57f_chunk_022 | astrobench_eb380fd57f_chunk_040 | astrobench_eb380fd57f_chunk_030 | astrobench_e6b347fbf5_chunk_003 | astrobench_d82fccf1ca_chunk_002,astrobench_15ca427d22_chunk_004::5.3.Comparing with the flatten DM halo model | astrobench_eb380fd57f_chunk_034::2.2.Self-consistent N-body simulation | astrobench_eb380fd57f_chunk_037::4.1.Test particle phase spiral winding | astrobench_eb380fd57f_chunk_017::2.2.Self-consistent N-body simulation | astrobench_eb380fd57f_chunk_039::5.TOWARDS UNDERSTANDING THE FEATURES IN THE N-BODY WINDING EVOLUTION | astrobench_eb380fd57f_chunk_016::6.1.Connecting simulation results to the Milky Way | astrobench_eb380fd57f_chunk_023::4.1.Test particle phase spiral winding | astrobench_eb380fd57f_chunk_022::4.1.Test particle phase spiral winding | astrobench_eb380fd57f_chunk_040::6.3.Implications for studying the Milky Way phase spirals’ origins | astrobench_eb380fd57f_chunk_030::6.2.Comparison with previous work | astrobench_e6b347fbf5_chunk_003::3.1.2.Accretion History | astrobench_d82fccf1ca_chunk_002::1 INTRODUCTION,TODO,
astro_q059,distribution_functions,comparison,medium,How does selection functions differ from distribution functions in Galactic modelling workflows?,selection functions | distribution functions,astrobench_f31aa696a1 | astrobench_a877243f10,Forward-modelling Milky Way Cepheids: selection effects and physical priors in the Gaia-HST calibration | Distribution functions for spheroids,astrobench_f31aa696a1_chunk_015 | astrobench_f31aa696a1_chunk_028,astrobench_a877243f10_chunk_023 | astrobench_f31aa696a1_chunk_012 | astrobench_a877243f10_chunk_027,astrobench_f31aa696a1_chunk_015 | astrobench_f31aa696a1_chunk_028 | astrobench_a877243f10_chunk_023 | astrobench_f31aa696a1_chunk_012 | astrobench_a877243f10_chunk_027 | astrobench_a877243f10_chunk_028 | astrobench_a877243f10_chunk_034 | astrobench_a877243f10_chunk_032 | astrobench_a877243f10_chunk_031 | astrobench_a877243f10_chunk_021 | astrobench_a877243f10_chunk_017 | astrobench_a877243f10_chunk_009,astrobench_f31aa696a1_chunk_015::D3 Summary | astrobench_f31aa696a1_chunk_028::5.1 Comparison with previous approaches | astrobench_a877243f10_chunk_023::3.3 Summary | astrobench_f31aa696a1_chunk_012::D3 Summary | astrobench_a877243f10_chunk_027::3.2 Flattened models | astrobench_a877243f10_chunk_028::3.2 Flattened models | astrobench_a877243f10_chunk_034::2 THE PROBLEM | astrobench_a877243f10_chunk_032::7 ADIABATIC DEFORMATION | astrobench_a877243f10_chunk_031::5 OBLATE MODELS | astrobench_a877243f10_chunk_021::5 OBLATE MODELS | astrobench_a877243f10_chunk_017::3.2 Flattened models | astrobench_a877243f10_chunk_009::6 SELF-CONSISTENT MODELS,TODO,
astro_q060,action_angle_methods,comparison,easy,How does orbital frequencies compare with Hamiltonian invariants for analysing orbits?,orbital frequencies | Hamiltonian invariants,astrobench_d82fccf1ca | astrobench_eb380fd57f | astrobench_a877243f10 | astrobench_cc18f51e25 | astrobench_f31aa696a1,Stirring Things Up: Bar-induced substructures in the stellar halo of a cosmological Milky Way analogue | Phase spirals across galactic disks I: Exploring dynamical influences on winding | Distribution functions for spheroids | Laplace-Legendre expansion of the planar planetary Hamiltonian | Forward-modelling Milky Way Cepheids: selection effects and physical priors in the Gaia-HST calibration,astrobench_d82fccf1ca_chunk_041 | astrobench_eb380fd57f_chunk_020,astrobench_a877243f10_chunk_027 | astrobench_d82fccf1ca_chunk_031 | astrobench_a877243f10_chunk_035,astrobench_d82fccf1ca_chunk_041 | astrobench_eb380fd57f_chunk_020 | astrobench_a877243f10_chunk_027 | astrobench_d82fccf1ca_chunk_031 | astrobench_a877243f10_chunk_035 | astrobench_cc18f51e25_chunk_008 | astrobench_cc18f51e25_chunk_003 | astrobench_cc18f51e25_chunk_007 | astrobench_cc18f51e25_chunk_000 | astrobench_cc18f51e25_chunk_001 | astrobench_f31aa696a1_chunk_006 | astrobench_cc18f51e25_chunk_012,astrobench_d82fccf1ca_chunk_041::2.2 Calculating orbital frequencies | astrobench_eb380fd57f_chunk_020::3.1.2.Binning particles with a common history | astrobench_a877243f10_chunk_027::3.2 Flattened models | astrobench_d82fccf1ca_chunk_031::3.2 Connection to configuration space | astrobench_a877243f10_chunk_035::3 ANALYTIC CONSIDERATIONS | astrobench_cc18f51e25_chunk_008::5 Conclusion | astrobench_cc18f51e25_chunk_003::1 Introduction | astrobench_cc18f51e25_chunk_007::1 Introduction | astrobench_cc18f51e25_chunk_000::5 Conclusion | astrobench_cc18f51e25_chunk_001::5 Conclusion | astrobench_f31aa696a1_chunk_006::4.3 Model validation | astrobench_cc18f51e25_chunk_012::4 Convergence of the Laplace-Legendre expansion,TODO,
astro_q061,scientific_retrieval,challenge,medium,What failure modes arise when using evidence chunks for full-text retrieval?,evidence chunks | reranking,astrobench_3644e67b5c | astrobench_a36c60393b | astrobench_eb380fd57f | astrobench_3474c47fe1,Probabilistic inference in very large universes | Exploring the formation mechanisms of tidal structures in globular clusters of extragalactic origin | Phase spirals across galactic disks I: Exploring dynamical influences on winding | Self-consistent dynamical models with a finite extent -- V. Smooth radial truncations and phase-space consistency,astrobench_3644e67b5c_chunk_031 | astrobench_a36c60393b_chunk_038,astrobench_eb380fd57f_chunk_040 | astrobench_eb380fd57f_chunk_003 | astrobench_3644e67b5c_chunk_032,astrobench_3644e67b5c_chunk_031 | astrobench_a36c60393b_chunk_038 | astrobench_eb380fd57f_chunk_040 | astrobench_eb380fd57f_chunk_003 | astrobench_3644e67b5c_chunk_032 | astrobench_eb380fd57f_chunk_002 | astrobench_eb380fd57f_chunk_027 | astrobench_eb380fd57f_chunk_011 | astrobench_3644e67b5c_chunk_030 | astrobench_3474c47fe1_chunk_019 | astrobench_3474c47fe1_chunk_025 | astrobench_3474c47fe1_chunk_012,astrobench_3644e67b5c_chunk_031::IV-E.Use of “Old Evidence” | astrobench_a36c60393b_chunk_038::4.4.Environmental independence of tidal morphologies | astrobench_eb380fd57f_chunk_040::6.3.Implications for studying the Milky Way phase spirals’ origins | astrobench_eb380fd57f_chunk_003::5.2.1.Toy model 1: creating a delay at the start of winding | astrobench_3644e67b5c_chunk_032::IV-E.Use of “Old Evidence” | astrobench_eb380fd57f_chunk_002::5.2.1.Toy model 1: creating a delay at the start of winding | astrobench_eb380fd57f_chunk_027::5.3.Critical assessment | astrobench_eb380fd57f_chunk_011::5.2.Exploring individual T fit curve features with toy models | astrobench_3644e67b5c_chunk_030::IV-E.Use of “Old Evidence” | astrobench_3474c47fe1_chunk_019::4.3 Stability considerations | astrobench_3474c47fe1_chunk_025::4.3 Stability considerations | astrobench_3474c47fe1_chunk_012::4.1 Sharp versus soft truncations,TODO,
astro_q062,scientific_qa,challenge,easy,Why can benchmark reproducibility lead to unsupported answers in scientific QA?,benchmark reproducibility | unsupported claims,astrobench_3644e67b5c | astrobench_0deff610d0 | astrobench_f31aa696a1 | astrobench_a877243f10,Probabilistic inference in very large universes | Hierarchical bayesian inference: constraining population distribution of dark matter halo shapes via stellar streams | Forward-modelling Milky Way Cepheids: selection effects and physical priors in the Gaia-HST calibration | Distribution functions for spheroids,astrobench_3644e67b5c_chunk_020 | astrobench_3644e67b5c_chunk_051,astrobench_3644e67b5c_chunk_053 | astrobench_3644e67b5c_chunk_054 | astrobench_3644e67b5c_chunk_047,astrobench_3644e67b5c_chunk_020 | astrobench_3644e67b5c_chunk_051 | astrobench_3644e67b5c_chunk_053 | astrobench_3644e67b5c_chunk_054 | astrobench_3644e67b5c_chunk_047 | astrobench_0deff610d0_chunk_042 | astrobench_f31aa696a1_chunk_037 | astrobench_3644e67b5c_chunk_018 | astrobench_3644e67b5c_chunk_052 | astrobench_a877243f10_chunk_027 | astrobench_a877243f10_chunk_028 | astrobench_3644e67b5c_chunk_021,"astrobench_3644e67b5c_chunk_020::IV-B.When we evaluate theories, should we use only what we know for certain? | astrobench_3644e67b5c_chunk_051::IV-C.Rejection of theories in which Boltzmann Brains dominate | astrobench_3644e67b5c_chunk_053::we find | astrobench_3644e67b5c_chunk_054::we find | astrobench_3644e67b5c_chunk_047::IV-B.When we evaluate theories, should we use only what we know for certain? | astrobench_0deff610d0_chunk_042::APPENDIX A: POPULATION RELATIONS | astrobench_f31aa696a1_chunk_037::2 R.Stiskalek et al | astrobench_3644e67b5c_chunk_018::IV-B.When we evaluate theories, should we use only what we know for certain? | astrobench_3644e67b5c_chunk_052::we find | astrobench_a877243f10_chunk_027::3.2 Flattened models | astrobench_a877243f10_chunk_028::3.2 Flattened models | astrobench_3644e67b5c_chunk_021::IV-B.When we evaluate theories, should we use only what we know for certain?",TODO,
astro_q063,galactic_dynamics,mechanism,medium,What physical mechanisms are proposed to explain orbital structure in the Milky Way?,orbital structure in the Milky Way | vertical phase-space spirals,astrobench_3474c47fe1 | astrobench_d82fccf1ca | astrobench_eb380fd57f,Self-consistent dynamical models with a finite extent -- V. Smooth radial truncations and phase-space consistency | Stirring Things Up: Bar-induced substructures in the stellar halo of a cosmological Milky Way analogue | Phase spirals across galactic disks I: Exploring dynamical influences on winding,astrobench_3474c47fe1_chunk_002 | astrobench_d82fccf1ca_chunk_017,astrobench_3474c47fe1_chunk_012 | astrobench_3474c47fe1_chunk_004 | astrobench_3474c47fe1_chunk_016,astrobench_3474c47fe1_chunk_002 | astrobench_d82fccf1ca_chunk_017 | astrobench_3474c47fe1_chunk_012 | astrobench_3474c47fe1_chunk_004 | astrobench_3474c47fe1_chunk_016 | astrobench_eb380fd57f_chunk_010 | astrobench_3474c47fe1_chunk_015 | astrobench_3474c47fe1_chunk_009 | astrobench_3474c47fe1_chunk_005 | astrobench_d82fccf1ca_chunk_022 | astrobench_eb380fd57f_chunk_021 | astrobench_eb380fd57f_chunk_020,astrobench_3474c47fe1_chunk_002::1 INTRODUCTION | astrobench_d82fccf1ca_chunk_017::3 RESONANCES IN THE STELLAR HALO | astrobench_3474c47fe1_chunk_012::4.1 Sharp versus soft truncations | astrobench_3474c47fe1_chunk_004::5 SUMMARY | astrobench_3474c47fe1_chunk_016::4.2 Extension to anisotropic orbital structures | astrobench_eb380fd57f_chunk_010::5.2.Exploring individual T fit curve features with toy models | astrobench_3474c47fe1_chunk_015::4.2 Extension to anisotropic orbital structures | astrobench_3474c47fe1_chunk_009::2.2 Implementation in SpheCow | astrobench_3474c47fe1_chunk_005::5 SUMMARY | astrobench_d82fccf1ca_chunk_022::4.4 Metallicity | astrobench_eb380fd57f_chunk_021::3.2.2.Deriving winding times | astrobench_eb380fd57f_chunk_020::3.1.2.Binning particles with a common history,TODO,
astro_q064,scientific_qa,comparison,easy,How does abstention differ from evidence attribution in scientific QA evaluation?,abstention | evidence attribution,astrobench_3644e67b5c | astrobench_a36c60393b | astrobench_eb380fd57f | astrobench_a877243f10 | astrobench_3474c47fe1,Probabilistic inference in very large universes | Exploring the formation mechanisms of tidal structures in globular clusters of extragalactic origin | Phase spirals across galactic disks I: Exploring dynamical influences on winding | Distribution functions for spheroids | Self-consistent dynamical models with a finite extent -- V. Smooth radial truncations and phase-space consistency,astrobench_3644e67b5c_chunk_031 | astrobench_a36c60393b_chunk_038,astrobench_a36c60393b_chunk_032 | astrobench_eb380fd57f_chunk_003 | astrobench_3644e67b5c_chunk_022,astrobench_3644e67b5c_chunk_031 | astrobench_a36c60393b_chunk_038 | astrobench_a36c60393b_chunk_032 | astrobench_eb380fd57f_chunk_003 | astrobench_3644e67b5c_chunk_022 | astrobench_3644e67b5c_chunk_032 | astrobench_3644e67b5c_chunk_018 | astrobench_eb380fd57f_chunk_002 | astrobench_a877243f10_chunk_011 | astrobench_3474c47fe1_chunk_011 | astrobench_3644e67b5c_chunk_030 | astrobench_a36c60393b_chunk_029,"astrobench_3644e67b5c_chunk_031::IV-E.Use of “Old Evidence” | astrobench_a36c60393b_chunk_038::4.4.Environmental independence of tidal morphologies | astrobench_a36c60393b_chunk_032::4.2.Dependence of tidal features on intrinsic properties | astrobench_eb380fd57f_chunk_003::5.2.1.Toy model 1: creating a delay at the start of winding | astrobench_3644e67b5c_chunk_022::IV-B.When we evaluate theories, should we use only what we know for certain? | astrobench_3644e67b5c_chunk_032::IV-E.Use of “Old Evidence” | astrobench_3644e67b5c_chunk_018::IV-B.When we evaluate theories, should we use only what we know for certain? | astrobench_eb380fd57f_chunk_002::5.2.1.Toy model 1: creating a delay at the start of winding | astrobench_a877243f10_chunk_011::6 SELF-CONSISTENT MODELS | astrobench_3474c47fe1_chunk_011::2.2 Implementation in SpheCow | astrobench_3644e67b5c_chunk_030::IV-E.Use of “Old Evidence” | astrobench_a36c60393b_chunk_029::Appendix A: Detailed notes on individual clusters",TODO,
astro_q065,distribution_functions,challenge,medium,What observational complications affect inference of likelihood-based dynamical inference?,likelihood-based dynamical inference | distribution functions,astrobench_705f443da5 | astrobench_a877243f10 | astrobench_0deff610d0 | astrobench_b7b4f9944a | astrobench_6b026e54cb,"Distribution function-based modelling of discrete kinematic datasets, in application to the Milky Way nuclear star cluster | Distribution functions for spheroids | Hierarchical bayesian inference: constraining population distribution of dark matter halo shapes via stellar streams | Quantifying the Milky Way, LMC and their interaction using all-sky kinematics of outer halo stars | The LEGARE Project. I. Chemical evolution model of the Nuclear Stellar Disc in a Bayesian framework",astrobench_705f443da5_chunk_037 | astrobench_705f443da5_chunk_002,astrobench_705f443da5_chunk_018 | astrobench_a877243f10_chunk_000 | astrobench_0deff610d0_chunk_037,astrobench_705f443da5_chunk_037 | astrobench_705f443da5_chunk_002 | astrobench_705f443da5_chunk_018 | astrobench_a877243f10_chunk_000 | astrobench_0deff610d0_chunk_037 | astrobench_b7b4f9944a_chunk_003 | astrobench_6b026e54cb_chunk_023 | astrobench_a877243f10_chunk_023 | astrobench_f31aa696a1_chunk_028 | astrobench_705f443da5_chunk_003 | astrobench_0deff610d0_chunk_026 | astrobench_a877243f10_chunk_034,astrobench_705f443da5_chunk_037::3.3.2.Computation of velocity distributions | astrobench_705f443da5_chunk_002::2.1.Overview of methods | astrobench_705f443da5_chunk_018::3.4.Test on mock data | astrobench_a877243f10_chunk_000::1 INTRODUCTION | astrobench_0deff610d0_chunk_037::3.2 Parameter Inference | astrobench_b7b4f9944a_chunk_003::1 INTRODUCTION | astrobench_6b026e54cb_chunk_023::4.1.Likelihood definition | astrobench_a877243f10_chunk_023::3.3 Summary | astrobench_f31aa696a1_chunk_028::5.1 Comparison with previous approaches | astrobench_705f443da5_chunk_003::2.1.Overview of methods | astrobench_0deff610d0_chunk_026::3.2 Parameter Inference | astrobench_a877243f10_chunk_034::2 THE PROBLEM,TODO,
astro_q066,action_angle_methods,comparison,medium,How does action-angle coordinates compare with orbital frequencies for analysing orbits?,action-angle coordinates | orbital frequencies,astrobench_a36c60393b | astrobench_eb380fd57f | astrobench_d82fccf1ca | astrobench_a877243f10 | astrobench_1e3dee4300,Exploring the formation mechanisms of tidal structures in globular clusters of extragalactic origin | Phase spirals across galactic disks I: Exploring dynamical influences on winding | Stirring Things Up: Bar-induced substructures in the stellar halo of a cosmological Milky Way analogue | Distribution functions for spheroids | Bar Properties and Star-by-Star Bar Membership via Action Conservation,astrobench_a36c60393b_chunk_010 | astrobench_eb380fd57f_chunk_020,astrobench_a36c60393b_chunk_033 | astrobench_a36c60393b_chunk_015 | astrobench_d82fccf1ca_chunk_041,astrobench_a36c60393b_chunk_010 | astrobench_eb380fd57f_chunk_020 | astrobench_a36c60393b_chunk_033 | astrobench_a36c60393b_chunk_015 | astrobench_d82fccf1ca_chunk_041 | astrobench_a877243f10_chunk_027 | astrobench_1e3dee4300_chunk_007 | astrobench_eb380fd57f_chunk_018 | astrobench_d82fccf1ca_chunk_031 | astrobench_1e3dee4300_chunk_014 | astrobench_1e3dee4300_chunk_006 | astrobench_15ca427d22_chunk_013,astrobench_a36c60393b_chunk_010::4.3.Influence of orbital parameters on tidal feature formation | astrobench_eb380fd57f_chunk_020::3.1.2.Binning particles with a common history | astrobench_a36c60393b_chunk_033::4.3.Influence of orbital parameters on tidal feature formation | astrobench_a36c60393b_chunk_015::4.4.Environmental independence of tidal morphologies | astrobench_d82fccf1ca_chunk_041::2.2 Calculating orbital frequencies | astrobench_a877243f10_chunk_027::3.2 Flattened models | astrobench_1e3dee4300_chunk_007::1.2 Dynamical Actions | astrobench_eb380fd57f_chunk_018::3.1.Choice of coordinate systems | astrobench_d82fccf1ca_chunk_031::3.2 Connection to configuration space | astrobench_1e3dee4300_chunk_014::1.2 Dynamical Actions | astrobench_1e3dee4300_chunk_006::1.2 Dynamical Actions | astrobench_15ca427d22_chunk_013::2.4.Orbital Parameters,TODO,
astro_q067,galactic_dynamics,comparison,hard,How does disc disequilibrium compare with orbital structure in the Milky Way in models of the Milky Way?,disc disequilibrium | orbital structure in the Milky Way,astrobench_d82fccf1ca | astrobench_3474c47fe1 | astrobench_cbff59e329 | astrobench_705f443da5 | astrobench_b7b4f9944a,"Stirring Things Up: Bar-induced substructures in the stellar halo of a cosmological Milky Way analogue | Self-consistent dynamical models with a finite extent -- V. Smooth radial truncations and phase-space consistency | Kinematic diagnostics for non-axisymmetry in the Milky Way's nuclear stellar disc | Distribution function-based modelling of discrete kinematic datasets, in application to the Milky Way nuclear star cluster | Quantifying the Milky Way, LMC and their interaction using all-sky kinematics of outer halo stars",astrobench_d82fccf1ca_chunk_017 | astrobench_3474c47fe1_chunk_002,astrobench_cbff59e329_chunk_012 | astrobench_3474c47fe1_chunk_016 | astrobench_705f443da5_chunk_005,astrobench_d82fccf1ca_chunk_017 | astrobench_3474c47fe1_chunk_002 | astrobench_cbff59e329_chunk_012 | astrobench_3474c47fe1_chunk_016 | astrobench_705f443da5_chunk_005 | astrobench_3474c47fe1_chunk_015 | astrobench_3474c47fe1_chunk_004 | astrobench_b7b4f9944a_chunk_009 | astrobench_705f443da5_chunk_031 | astrobench_3474c47fe1_chunk_009 | astrobench_705f443da5_chunk_004 | astrobench_b7b4f9944a_chunk_031,astrobench_d82fccf1ca_chunk_017::3 RESONANCES IN THE STELLAR HALO | astrobench_3474c47fe1_chunk_002::1 INTRODUCTION | astrobench_cbff59e329_chunk_012::Appendix E: Gauss-Hermite moments | astrobench_3474c47fe1_chunk_016::4.2 Extension to anisotropic orbital structures | astrobench_705f443da5_chunk_005::2.1.Overview of methods | astrobench_3474c47fe1_chunk_015::4.2 Extension to anisotropic orbital structures | astrobench_3474c47fe1_chunk_004::5 SUMMARY | astrobench_b7b4f9944a_chunk_009::7 CONCLUSIONS & OUTLOOK | astrobench_705f443da5_chunk_031::3.2.1.1d vertical disc profile | astrobench_3474c47fe1_chunk_009::2.2 Implementation in SpheCow | astrobench_705f443da5_chunk_004::2.1.Overview of methods | astrobench_b7b4f9944a_chunk_031::6.3 The influence of the LMC on Milky Way mass inference,TODO,
astro_q068,distribution_functions,method,hard,How is survey incompleteness used when fitting Galactic dynamical models?,survey incompleteness | distribution functions,astrobench_6b026e54cb | astrobench_3474c47fe1 | astrobench_a877243f10,The LEGARE Project. I. Chemical evolution model of the Nuclear Stellar Disc in a Bayesian framework | Self-consistent dynamical models with a finite extent -- V. Smooth radial truncations and phase-space consistency | Distribution functions for spheroids,astrobench_6b026e54cb_chunk_002 | astrobench_3474c47fe1_chunk_006,astrobench_3474c47fe1_chunk_022 | astrobench_3474c47fe1_chunk_004 | astrobench_a877243f10_chunk_000,astrobench_6b026e54cb_chunk_002 | astrobench_3474c47fe1_chunk_006 | astrobench_3474c47fe1_chunk_022 | astrobench_3474c47fe1_chunk_004 | astrobench_a877243f10_chunk_000 | astrobench_a877243f10_chunk_001 | astrobench_a877243f10_chunk_031 | astrobench_3474c47fe1_chunk_001 | astrobench_3474c47fe1_chunk_007 | astrobench_3474c47fe1_chunk_000 | astrobench_a877243f10_chunk_014 | astrobench_3474c47fe1_chunk_020,astrobench_6b026e54cb_chunk_002::3.Data sample for the NSD metallicity distribution | astrobench_3474c47fe1_chunk_006::3.1 The Hernquist model | astrobench_3474c47fe1_chunk_022::4.4 The distribution function as consistency diagnostic | astrobench_3474c47fe1_chunk_004::5 SUMMARY | astrobench_a877243f10_chunk_000::1 INTRODUCTION | astrobench_a877243f10_chunk_001::1 INTRODUCTION | astrobench_a877243f10_chunk_031::5 OBLATE MODELS | astrobench_3474c47fe1_chunk_001::1 INTRODUCTION | astrobench_3474c47fe1_chunk_007::1 INTRODUCTION | astrobench_3474c47fe1_chunk_000::1 INTRODUCTION | astrobench_a877243f10_chunk_014::8 CONCLUSIONS | astrobench_3474c47fe1_chunk_020::4.4 The distribution function as consistency diagnostic,TODO,
astro_q069,action_angle_methods,method,easy,How are canonical coordinates used to describe orbital structure?,canonical coordinates | integrable Hamiltonian motion,astrobench_a36c60393b | astrobench_cc18f51e25 | astrobench_3474c47fe1 | astrobench_705f443da5 | astrobench_d82fccf1ca,"Exploring the formation mechanisms of tidal structures in globular clusters of extragalactic origin | Laplace-Legendre expansion of the planar planetary Hamiltonian | Self-consistent dynamical models with a finite extent -- V. Smooth radial truncations and phase-space consistency | Distribution function-based modelling of discrete kinematic datasets, in application to the Milky Way nuclear star cluster | Stirring Things Up: Bar-induced substructures in the stellar halo of a cosmological Milky Way analogue",astrobench_a36c60393b_chunk_010 | astrobench_cc18f51e25_chunk_004,astrobench_3474c47fe1_chunk_002 | astrobench_a36c60393b_chunk_033 | astrobench_705f443da5_chunk_032,astrobench_a36c60393b_chunk_010 | astrobench_cc18f51e25_chunk_004 | astrobench_3474c47fe1_chunk_002 | astrobench_a36c60393b_chunk_033 | astrobench_705f443da5_chunk_032 | astrobench_705f443da5_chunk_034 | astrobench_d82fccf1ca_chunk_017 | astrobench_cc18f51e25_chunk_003 | astrobench_eb380fd57f_chunk_018 | astrobench_3474c47fe1_chunk_015 | astrobench_3474c47fe1_chunk_016 | astrobench_eb380fd57f_chunk_020,astrobench_a36c60393b_chunk_010::4.3.Influence of orbital parameters on tidal feature formation | astrobench_cc18f51e25_chunk_004::1 Introduction | astrobench_3474c47fe1_chunk_002::1 INTRODUCTION | astrobench_a36c60393b_chunk_033::4.3.Influence of orbital parameters on tidal feature formation | astrobench_705f443da5_chunk_032::3.3.1.Computation of projected DF and density | astrobench_705f443da5_chunk_034::3.3.2.Computation of velocity distributions | astrobench_d82fccf1ca_chunk_017::3 RESONANCES IN THE STELLAR HALO | astrobench_cc18f51e25_chunk_003::1 Introduction | astrobench_eb380fd57f_chunk_018::3.1.Choice of coordinate systems | astrobench_3474c47fe1_chunk_015::4.2 Extension to anisotropic orbital structures | astrobench_3474c47fe1_chunk_016::4.2 Extension to anisotropic orbital structures | astrobench_eb380fd57f_chunk_020::3.1.2.Binning particles with a common history,TODO,
astro_q070,scientific_retrieval,challenge,hard,What failure modes arise when using hybrid retrieval for full-text retrieval?,hybrid retrieval | section-aware chunking,astrobench_eb380fd57f | astrobench_ef28bece42 | astrobench_3474c47fe1 | astrobench_705f443da5 | astrobench_98f72fa560,"Phase spirals across galactic disks I: Exploring dynamical influences on winding | Galactic disc warps from $z = 2.5$ to modern epoch: ruling out observational effects | Self-consistent dynamical models with a finite extent -- V. Smooth radial truncations and phase-space consistency | Distribution function-based modelling of discrete kinematic datasets, in application to the Milky Way nuclear star cluster | A Selection Aware View of Black Hole-Galaxy Coevolution at High Redshift",astrobench_eb380fd57f_chunk_011 | astrobench_eb380fd57f_chunk_027,astrobench_ef28bece42_chunk_003 | astrobench_3474c47fe1_chunk_019 | astrobench_ef28bece42_chunk_004,astrobench_eb380fd57f_chunk_011 | astrobench_eb380fd57f_chunk_027 | astrobench_ef28bece42_chunk_003 | astrobench_3474c47fe1_chunk_019 | astrobench_ef28bece42_chunk_004 | astrobench_3474c47fe1_chunk_025 | astrobench_3474c47fe1_chunk_012 | astrobench_3474c47fe1_chunk_018 | astrobench_705f443da5_chunk_013 | astrobench_98f72fa560_chunk_024 | astrobench_98f72fa560_chunk_017 | astrobench_98f72fa560_chunk_013,astrobench_eb380fd57f_chunk_011::5.2.Exploring individual T fit curve features with toy models | astrobench_eb380fd57f_chunk_027::5.3.Critical assessment | astrobench_ef28bece42_chunk_003::2.SAMPLE AND DATA ANALYSIS | astrobench_3474c47fe1_chunk_019::4.3 Stability considerations | astrobench_ef28bece42_chunk_004::2.SAMPLE AND DATA ANALYSIS | astrobench_3474c47fe1_chunk_025::4.3 Stability considerations | astrobench_3474c47fe1_chunk_012::4.1 Sharp versus soft truncations | astrobench_3474c47fe1_chunk_018::4.3 Stability considerations | astrobench_705f443da5_chunk_013::3.2.2.Spherical halo models | astrobench_98f72fa560_chunk_024::F.Ziparo et al.: A Selection Aware View of Black Hole–Galaxy Coevolution at High Redshift | astrobench_98f72fa560_chunk_017::3.3.Inferring the M BH -M⋆ relation | astrobench_98f72fa560_chunk_013::F.Ziparo et al.: A Selection Aware View of Black Hole–Galaxy Coevolution at High Redshift,TODO,
astro_q071,scientific_qa,comparison,hard,How does abstention differ from FActScore-style evaluation in scientific QA evaluation?,abstention | FActScore-style evaluation,astrobench_3474c47fe1 | astrobench_3644e67b5c | astrobench_a877243f10 | astrobench_705f443da5 | astrobench_f31aa696a1,"Self-consistent dynamical models with a finite extent -- V. Smooth radial truncations and phase-space consistency | Probabilistic inference in very large universes | Distribution functions for spheroids | Distribution function-based modelling of discrete kinematic datasets, in application to the Milky Way nuclear star cluster | Forward-modelling Milky Way Cepheids: selection effects and physical priors in the Gaia-HST calibration",astrobench_3474c47fe1_chunk_011 | astrobench_3644e67b5c_chunk_018,astrobench_a877243f10_chunk_011 | astrobench_705f443da5_chunk_034 | astrobench_3474c47fe1_chunk_021,astrobench_3474c47fe1_chunk_011 | astrobench_3644e67b5c_chunk_018 | astrobench_a877243f10_chunk_011 | astrobench_705f443da5_chunk_034 | astrobench_3474c47fe1_chunk_021 | astrobench_3644e67b5c_chunk_017 | astrobench_705f443da5_chunk_037 | astrobench_705f443da5_chunk_010 | astrobench_705f443da5_chunk_009 | astrobench_f31aa696a1_chunk_010 | astrobench_705f443da5_chunk_040 | astrobench_cc18f51e25_chunk_013,"astrobench_3474c47fe1_chunk_011::2.2 Implementation in SpheCow | astrobench_3644e67b5c_chunk_018::IV-B.When we evaluate theories, should we use only what we know for certain? | astrobench_a877243f10_chunk_011::6 SELF-CONSISTENT MODELS | astrobench_705f443da5_chunk_034::3.3.2.Computation of velocity distributions | astrobench_3474c47fe1_chunk_021::4.4 The distribution function as consistency diagnostic | astrobench_3644e67b5c_chunk_017::IV-B.When we evaluate theories, should we use only what we know for certain? | astrobench_705f443da5_chunk_037::3.3.2.Computation of velocity distributions | astrobench_705f443da5_chunk_010::2.3.Construction of self-consistent models | astrobench_705f443da5_chunk_009::2.3.Construction of self-consistent models | astrobench_f31aa696a1_chunk_010::D3 Summary | astrobench_705f443da5_chunk_040::3.3.5.Parameter search | astrobench_cc18f51e25_chunk_013::4 Convergence of the Laplace-Legendre expansion",TODO,
astro_q072,distribution_functions,comparison,easy,How does phase-space density differ from likelihood-based dynamical inference in Galactic modelling workflows?,phase-space density | likelihood-based dynamical inference,astrobench_705f443da5 | astrobench_3474c47fe1 | astrobench_3644e67b5c | astrobench_a877243f10,"Distribution function-based modelling of discrete kinematic datasets, in application to the Milky Way nuclear star cluster | Self-consistent dynamical models with a finite extent -- V. Smooth radial truncations and phase-space consistency | Probabilistic inference in very large universes | Distribution functions for spheroids",astrobench_705f443da5_chunk_032 | astrobench_3474c47fe1_chunk_022,astrobench_3644e67b5c_chunk_013 | astrobench_3474c47fe1_chunk_008 | astrobench_3474c47fe1_chunk_012,astrobench_705f443da5_chunk_032 | astrobench_3474c47fe1_chunk_022 | astrobench_3644e67b5c_chunk_013 | astrobench_3474c47fe1_chunk_008 | astrobench_3474c47fe1_chunk_012 | astrobench_3474c47fe1_chunk_025 | astrobench_705f443da5_chunk_042 | astrobench_a877243f10_chunk_019 | astrobench_3474c47fe1_chunk_013 | astrobench_3474c47fe1_chunk_020 | astrobench_3474c47fe1_chunk_004 | astrobench_3474c47fe1_chunk_021,astrobench_705f443da5_chunk_032::3.3.1.Computation of projected DF and density | astrobench_3474c47fe1_chunk_022::4.4 The distribution function as consistency diagnostic | astrobench_3644e67b5c_chunk_013::III-B.Principle of Self-Locating Indifference | astrobench_3474c47fe1_chunk_008::5 SUMMARY | astrobench_3474c47fe1_chunk_012::4.1 Sharp versus soft truncations | astrobench_3474c47fe1_chunk_025::4.3 Stability considerations | astrobench_705f443da5_chunk_042::3.3.1.Computation of projected DF and density | astrobench_a877243f10_chunk_019::3.2 Flattened models | astrobench_3474c47fe1_chunk_013::4.1 Sharp versus soft truncations | astrobench_3474c47fe1_chunk_020::4.4 The distribution function as consistency diagnostic | astrobench_3474c47fe1_chunk_004::5 SUMMARY | astrobench_3474c47fe1_chunk_021::4.4 The distribution function as consistency diagnostic,TODO,
astro_q073,scientific_qa,comparison,hard,How does benchmark reproducibility differ from FActScore-style evaluation in scientific QA evaluation?,benchmark reproducibility | FActScore-style evaluation,astrobench_3474c47fe1 | astrobench_3644e67b5c | astrobench_a877243f10 | astrobench_705f443da5 | astrobench_f31aa696a1,"Self-consistent dynamical models with a finite extent -- V. Smooth radial truncations and phase-space consistency | Probabilistic inference in very large universes | Distribution functions for spheroids | Distribution function-based modelling of discrete kinematic datasets, in application to the Milky Way nuclear star cluster | Forward-modelling Milky Way Cepheids: selection effects and physical priors in the Gaia-HST calibration",astrobench_3474c47fe1_chunk_011 | astrobench_3644e67b5c_chunk_018,astrobench_a877243f10_chunk_011 | astrobench_705f443da5_chunk_034 | astrobench_3474c47fe1_chunk_021,astrobench_3474c47fe1_chunk_011 | astrobench_3644e67b5c_chunk_018 | astrobench_a877243f10_chunk_011 | astrobench_705f443da5_chunk_034 | astrobench_3474c47fe1_chunk_021 | astrobench_3644e67b5c_chunk_017 | astrobench_705f443da5_chunk_037 | astrobench_705f443da5_chunk_010 | astrobench_705f443da5_chunk_009 | astrobench_f31aa696a1_chunk_010 | astrobench_705f443da5_chunk_040 | astrobench_cc18f51e25_chunk_013,"astrobench_3474c47fe1_chunk_011::2.2 Implementation in SpheCow | astrobench_3644e67b5c_chunk_018::IV-B.When we evaluate theories, should we use only what we know for certain? | astrobench_a877243f10_chunk_011::6 SELF-CONSISTENT MODELS | astrobench_705f443da5_chunk_034::3.3.2.Computation of velocity distributions | astrobench_3474c47fe1_chunk_021::4.4 The distribution function as consistency diagnostic | astrobench_3644e67b5c_chunk_017::IV-B.When we evaluate theories, should we use only what we know for certain? | astrobench_705f443da5_chunk_037::3.3.2.Computation of velocity distributions | astrobench_705f443da5_chunk_010::2.3.Construction of self-consistent models | astrobench_705f443da5_chunk_009::2.3.Construction of self-consistent models | astrobench_f31aa696a1_chunk_010::D3 Summary | astrobench_705f443da5_chunk_040::3.3.5.Parameter search | astrobench_cc18f51e25_chunk_013::4 Convergence of the Laplace-Legendre expansion",TODO,
astro_q074,galactic_dynamics,challenge,hard,What are the main uncertainties when interpreting disc disequilibrium?,disc disequilibrium | satellite perturbations,astrobench_b7b4f9944a | astrobench_6b026e54cb | astrobench_cbff59e329 | astrobench_eb380fd57f | astrobench_15ca427d22,"Quantifying the Milky Way, LMC and their interaction using all-sky kinematics of outer halo stars | The LEGARE Project. I. Chemical evolution model of the Nuclear Stellar Disc in a Bayesian framework | Kinematic diagnostics for non-axisymmetry in the Milky Way's nuclear stellar disc | Phase spirals across galactic disks I: Exploring dynamical influences on winding | A Low-mass Model of The Milky Way: The Disk Warp Resulting from A Galaxy Merger",astrobench_b7b4f9944a_chunk_009 | astrobench_b7b4f9944a_chunk_016,astrobench_6b026e54cb_chunk_020 | astrobench_b7b4f9944a_chunk_031 | astrobench_b7b4f9944a_chunk_011,astrobench_b7b4f9944a_chunk_009 | astrobench_b7b4f9944a_chunk_016 | astrobench_6b026e54cb_chunk_020 | astrobench_b7b4f9944a_chunk_031 | astrobench_b7b4f9944a_chunk_011 | astrobench_cbff59e329_chunk_015 | astrobench_6b026e54cb_chunk_001 | astrobench_b7b4f9944a_chunk_036 | astrobench_eb380fd57f_chunk_016 | astrobench_15ca427d22_chunk_004 | astrobench_6b026e54cb_chunk_010 | astrobench_d82fccf1ca_chunk_002,astrobench_b7b4f9944a_chunk_009::7 CONCLUSIONS & OUTLOOK | astrobench_b7b4f9944a_chunk_016::2.2.1 Radial velocities | astrobench_6b026e54cb_chunk_020::2.Chemical evolution models | astrobench_b7b4f9944a_chunk_031::6.3 The influence of the LMC on Milky Way mass inference | astrobench_b7b4f9944a_chunk_011::1 INTRODUCTION | astrobench_cbff59e329_chunk_015::Appendix A: The metal-poor halo | astrobench_6b026e54cb_chunk_001::2.2.The chemical evolution model for the NSD | astrobench_b7b4f9944a_chunk_036::A2 Predictive posterior check | astrobench_eb380fd57f_chunk_016::6.1.Connecting simulation results to the Milky Way | astrobench_15ca427d22_chunk_004::5.3.Comparing with the flatten DM halo model | astrobench_6b026e54cb_chunk_010::2.1.Chemical evolution model for the inner Galactic disc | astrobench_d82fccf1ca_chunk_002::1 INTRODUCTION,TODO,
astro_q075,action_angle_methods,comparison,hard,How does integrable Hamiltonian motion compare with Hamiltonian invariants for analysing orbits?,integrable Hamiltonian motion | Hamiltonian invariants,astrobench_cc18f51e25 | astrobench_f31aa696a1,Laplace-Legendre expansion of the planar planetary Hamiltonian | Forward-modelling Milky Way Cepheids: selection effects and physical priors in the Gaia-HST calibration,astrobench_cc18f51e25_chunk_003 | astrobench_cc18f51e25_chunk_008,astrobench_cc18f51e25_chunk_000 | astrobench_cc18f51e25_chunk_012 | astrobench_cc18f51e25_chunk_007,astrobench_cc18f51e25_chunk_003 | astrobench_cc18f51e25_chunk_008 | astrobench_cc18f51e25_chunk_000 | astrobench_cc18f51e25_chunk_012 | astrobench_cc18f51e25_chunk_007 | astrobench_cc18f51e25_chunk_004 | astrobench_cc18f51e25_chunk_009 | astrobench_f31aa696a1_chunk_006 | astrobench_cc18f51e25_chunk_014 | astrobench_cc18f51e25_chunk_013 | astrobench_cc18f51e25_chunk_002 | astrobench_cc18f51e25_chunk_001,astrobench_cc18f51e25_chunk_003::1 Introduction | astrobench_cc18f51e25_chunk_008::5 Conclusion | astrobench_cc18f51e25_chunk_000::5 Conclusion | astrobench_cc18f51e25_chunk_012::4 Convergence of the Laplace-Legendre expansion | astrobench_cc18f51e25_chunk_007::1 Introduction | astrobench_cc18f51e25_chunk_004::1 Introduction | astrobench_cc18f51e25_chunk_009::5 Conclusion | astrobench_f31aa696a1_chunk_006::4.3 Model validation | astrobench_cc18f51e25_chunk_014::3.3 Generalization to arbitrary order | astrobench_cc18f51e25_chunk_013::4 Convergence of the Laplace-Legendre expansion | astrobench_cc18f51e25_chunk_002::5 Conclusion | astrobench_cc18f51e25_chunk_001::5 Conclusion,TODO,
astro_q076,scientific_retrieval,comparison,hard,Why might evidence chunks outperform dense retrieval on scientific papers?,evidence chunks | dense retrieval,astrobench_3644e67b5c | astrobench_79edfd6850 | astrobench_a36c60393b | astrobench_d82fccf1ca | astrobench_eb380fd57f,Probabilistic inference in very large universes | Constraining the Galactic bar and spiral pattern speeds with the Hyades tidal stream | Exploring the formation mechanisms of tidal structures in globular clusters of extragalactic origin | Stirring Things Up: Bar-induced substructures in the stellar halo of a cosmological Milky Way analogue | Phase spirals across galactic disks I: Exploring dynamical influences on winding,astrobench_3644e67b5c_chunk_047 | astrobench_79edfd6850_chunk_010,astrobench_3644e67b5c_chunk_031 | astrobench_a36c60393b_chunk_038 | astrobench_d82fccf1ca_chunk_031,astrobench_3644e67b5c_chunk_047 | astrobench_79edfd6850_chunk_010 | astrobench_3644e67b5c_chunk_031 | astrobench_a36c60393b_chunk_038 | astrobench_d82fccf1ca_chunk_031 | astrobench_eb380fd57f_chunk_003 | astrobench_3644e67b5c_chunk_022 | astrobench_15ca427d22_chunk_014 | astrobench_15ca427d22_chunk_016 | astrobench_3644e67b5c_chunk_032 | astrobench_eb380fd57f_chunk_002 | astrobench_3644e67b5c_chunk_030,"astrobench_3644e67b5c_chunk_047::IV-B.When we evaluate theories, should we use only what we know for certain? | astrobench_79edfd6850_chunk_010::2.3.3.Proper motions | astrobench_3644e67b5c_chunk_031::IV-E.Use of “Old Evidence” | astrobench_a36c60393b_chunk_038::4.4.Environmental independence of tidal morphologies | astrobench_d82fccf1ca_chunk_031::3.2 Connection to configuration space | astrobench_eb380fd57f_chunk_003::5.2.1.Toy model 1: creating a delay at the start of winding | astrobench_3644e67b5c_chunk_022::IV-B.When we evaluate theories, should we use only what we know for certain? | astrobench_15ca427d22_chunk_014::3.DM HALO IN SIMULATION | astrobench_15ca427d22_chunk_016::3.DM HALO IN SIMULATION | astrobench_3644e67b5c_chunk_032::IV-E.Use of “Old Evidence” | astrobench_eb380fd57f_chunk_002::5.2.1.Toy model 1: creating a delay at the start of winding | astrobench_3644e67b5c_chunk_030::IV-E.Use of “Old Evidence”",TODO,
astro_q077,scientific_qa,challenge,easy,Why can unsupported claims lead to unsupported answers in scientific QA?,unsupported claims | citation-faithful answering,astrobench_3644e67b5c | astrobench_f31aa696a1 | astrobench_0deff610d0 | astrobench_a877243f10,Probabilistic inference in very large universes | Forward-modelling Milky Way Cepheids: selection effects and physical priors in the Gaia-HST calibration | Hierarchical bayesian inference: constraining population distribution of dark matter halo shapes via stellar streams | Distribution functions for spheroids,astrobench_3644e67b5c_chunk_051 | astrobench_3644e67b5c_chunk_053,astrobench_3644e67b5c_chunk_054 | astrobench_3644e67b5c_chunk_020 | astrobench_f31aa696a1_chunk_037,astrobench_3644e67b5c_chunk_051 | astrobench_3644e67b5c_chunk_053 | astrobench_3644e67b5c_chunk_054 | astrobench_3644e67b5c_chunk_020 | astrobench_f31aa696a1_chunk_037 | astrobench_3644e67b5c_chunk_055 | astrobench_3644e67b5c_chunk_047 | astrobench_0deff610d0_chunk_042 | astrobench_3644e67b5c_chunk_018 | astrobench_3644e67b5c_chunk_052 | astrobench_a877243f10_chunk_027 | astrobench_a877243f10_chunk_028,"astrobench_3644e67b5c_chunk_051::IV-C.Rejection of theories in which Boltzmann Brains dominate | astrobench_3644e67b5c_chunk_053::we find | astrobench_3644e67b5c_chunk_054::we find | astrobench_3644e67b5c_chunk_020::IV-B.When we evaluate theories, should we use only what we know for certain? | astrobench_f31aa696a1_chunk_037::2 R.Stiskalek et al | astrobench_3644e67b5c_chunk_055::we find | astrobench_3644e67b5c_chunk_047::IV-B.When we evaluate theories, should we use only what we know for certain? | astrobench_0deff610d0_chunk_042::APPENDIX A: POPULATION RELATIONS | astrobench_3644e67b5c_chunk_018::IV-B.When we evaluate theories, should we use only what we know for certain? | astrobench_3644e67b5c_chunk_052::we find | astrobench_a877243f10_chunk_027::3.2 Flattened models | astrobench_a877243f10_chunk_028::3.2 Flattened models",TODO,
astro_q078,galactic_dynamics,definition,hard,What is disc disequilibrium in the context of Galactic dynamics?,disc disequilibrium | satellite perturbations,astrobench_6b026e54cb | astrobench_c59a82f3b2 | astrobench_b7b4f9944a | astrobench_1e3dee4300,"The LEGARE Project. I. Chemical evolution model of the Nuclear Stellar Disc in a Bayesian framework | Comparing dynamical effects of the central bar and the spiral arms in the solar neighborhood | Quantifying the Milky Way, LMC and their interaction using all-sky kinematics of outer halo stars | Bar Properties and Star-by-Star Bar Membership via Action Conservation",astrobench_6b026e54cb_chunk_023 | astrobench_c59a82f3b2_chunk_002,astrobench_b7b4f9944a_chunk_016 | astrobench_6b026e54cb_chunk_020 | astrobench_6b026e54cb_chunk_001,astrobench_6b026e54cb_chunk_023 | astrobench_c59a82f3b2_chunk_002 | astrobench_b7b4f9944a_chunk_016 | astrobench_6b026e54cb_chunk_020 | astrobench_6b026e54cb_chunk_001 | astrobench_1e3dee4300_chunk_006 | astrobench_6b026e54cb_chunk_011 | astrobench_6b026e54cb_chunk_010 | astrobench_b7b4f9944a_chunk_009 | astrobench_c59a82f3b2_chunk_001 | astrobench_1e3dee4300_chunk_007 | astrobench_b7b4f9944a_chunk_031,astrobench_6b026e54cb_chunk_023::4.1.Likelihood definition | astrobench_c59a82f3b2_chunk_002::6.DYNAMICAL VIEW OF THE MOVING GROUPS | astrobench_b7b4f9944a_chunk_016::2.2.1 Radial velocities | astrobench_6b026e54cb_chunk_020::2.Chemical evolution models | astrobench_6b026e54cb_chunk_001::2.2.The chemical evolution model for the NSD | astrobench_1e3dee4300_chunk_006::1.2 Dynamical Actions | astrobench_6b026e54cb_chunk_011::2.1.Chemical evolution model for the inner Galactic disc | astrobench_6b026e54cb_chunk_010::2.1.Chemical evolution model for the inner Galactic disc | astrobench_b7b4f9944a_chunk_009::7 CONCLUSIONS & OUTLOOK | astrobench_c59a82f3b2_chunk_001::6.DYNAMICAL VIEW OF THE MOVING GROUPS | astrobench_1e3dee4300_chunk_007::1.2 Dynamical Actions | astrobench_b7b4f9944a_chunk_031::6.3 The influence of the LMC on Milky Way mass inference,TODO,
astro_q079,distribution_functions,comparison,easy,How does uncertainty quantification differ from Fokker-Planck modelling in Galactic modelling workflows?,uncertainty quantification | Fokker-Planck modelling,astrobench_f31aa696a1 | astrobench_705f443da5 | astrobench_6b026e54cb | astrobench_b7b4f9944a,"Forward-modelling Milky Way Cepheids: selection effects and physical priors in the Gaia-HST calibration | Distribution function-based modelling of discrete kinematic datasets, in application to the Milky Way nuclear star cluster | The LEGARE Project. I. Chemical evolution model of the Nuclear Stellar Disc in a Bayesian framework | Quantifying the Milky Way, LMC and their interaction using all-sky kinematics of outer halo stars",astrobench_f31aa696a1_chunk_030 | astrobench_705f443da5_chunk_022,astrobench_f31aa696a1_chunk_001 | astrobench_6b026e54cb_chunk_001 | astrobench_705f443da5_chunk_016,astrobench_f31aa696a1_chunk_030 | astrobench_705f443da5_chunk_022 | astrobench_f31aa696a1_chunk_001 | astrobench_6b026e54cb_chunk_001 | astrobench_705f443da5_chunk_016 | astrobench_705f443da5_chunk_018 | astrobench_6b026e54cb_chunk_014 | astrobench_f31aa696a1_chunk_031 | astrobench_705f443da5_chunk_026 | astrobench_f31aa696a1_chunk_012 | astrobench_f31aa696a1_chunk_011 | astrobench_b7b4f9944a_chunk_043,astrobench_f31aa696a1_chunk_030::18 R.Stiskalek et al | astrobench_705f443da5_chunk_022::4.OBSERVATIONAL DATA | astrobench_f31aa696a1_chunk_001::1 INTRODUCTION | astrobench_6b026e54cb_chunk_001::2.2.The chemical evolution model for the NSD | astrobench_705f443da5_chunk_016::3.2.2.Spherical halo models | astrobench_705f443da5_chunk_018::3.4.Test on mock data | astrobench_6b026e54cb_chunk_014::2.2.The chemical evolution model for the NSD | astrobench_f31aa696a1_chunk_031::18 R.Stiskalek et al | astrobench_705f443da5_chunk_026::3.4.Test on mock data | astrobench_f31aa696a1_chunk_012::D3 Summary | astrobench_f31aa696a1_chunk_011::D3 Summary | astrobench_b7b4f9944a_chunk_043::2.2.1 Radial velocities,TODO,
astro_q080,scientific_retrieval,method,hard,How does dense retrieval improve scientific retrieval pipelines?,dense retrieval | evidence chunks,astrobench_79edfd6850 | astrobench_d82fccf1ca | astrobench_15ca427d22 | astrobench_3644e67b5c | astrobench_0deff610d0,Constraining the Galactic bar and spiral pattern speeds with the Hyades tidal stream | Stirring Things Up: Bar-induced substructures in the stellar halo of a cosmological Milky Way analogue | A Low-mass Model of The Milky Way: The Disk Warp Resulting from A Galaxy Merger | Probabilistic inference in very large universes | Hierarchical bayesian inference: constraining population distribution of dark matter halo shapes via stellar streams,astrobench_79edfd6850_chunk_010 | astrobench_d82fccf1ca_chunk_031,astrobench_15ca427d22_chunk_014 | astrobench_15ca427d22_chunk_016 | astrobench_3644e67b5c_chunk_022,astrobench_79edfd6850_chunk_010 | astrobench_d82fccf1ca_chunk_031 | astrobench_15ca427d22_chunk_014 | astrobench_15ca427d22_chunk_016 | astrobench_3644e67b5c_chunk_022 | astrobench_3644e67b5c_chunk_047 | astrobench_3644e67b5c_chunk_031 | astrobench_0deff610d0_chunk_032 | astrobench_a36c60393b_chunk_038 | astrobench_b7b4f9944a_chunk_005 | astrobench_eb380fd57f_chunk_003 | astrobench_b7b4f9944a_chunk_004,"astrobench_79edfd6850_chunk_010::2.3.3.Proper motions | astrobench_d82fccf1ca_chunk_031::3.2 Connection to configuration space | astrobench_15ca427d22_chunk_014::3.DM HALO IN SIMULATION | astrobench_15ca427d22_chunk_016::3.DM HALO IN SIMULATION | astrobench_3644e67b5c_chunk_022::IV-B.When we evaluate theories, should we use only what we know for certain? | astrobench_3644e67b5c_chunk_047::IV-B.When we evaluate theories, should we use only what we know for certain? | astrobench_3644e67b5c_chunk_031::IV-E.Use of “Old Evidence” | astrobench_0deff610d0_chunk_032::2.1 Stream Generation | astrobench_a36c60393b_chunk_038::4.4.Environmental independence of tidal morphologies | astrobench_b7b4f9944a_chunk_005::1 INTRODUCTION | astrobench_eb380fd57f_chunk_003::5.2.1.Toy model 1: creating a delay at the start of winding | astrobench_b7b4f9944a_chunk_004::1 INTRODUCTION",TODO,
astro_q081,galactic_dynamics,challenge,hard,What are the main uncertainties when interpreting bending waves?,bending waves | satellite perturbations,astrobench_15ca427d22 | astrobench_b7b4f9944a | astrobench_eb380fd57f | astrobench_d82fccf1ca | astrobench_3644e67b5c,"A Low-mass Model of The Milky Way: The Disk Warp Resulting from A Galaxy Merger | Quantifying the Milky Way, LMC and their interaction using all-sky kinematics of outer halo stars | Phase spirals across galactic disks I: Exploring dynamical influences on winding | Stirring Things Up: Bar-induced substructures in the stellar halo of a cosmological Milky Way analogue | Probabilistic inference in very large universes",astrobench_15ca427d22_chunk_010 | astrobench_15ca427d22_chunk_008,astrobench_15ca427d22_chunk_023 | astrobench_15ca427d22_chunk_009 | astrobench_b7b4f9944a_chunk_036,astrobench_15ca427d22_chunk_010 | astrobench_15ca427d22_chunk_008 | astrobench_15ca427d22_chunk_023 | astrobench_15ca427d22_chunk_009 | astrobench_b7b4f9944a_chunk_036 | astrobench_eb380fd57f_chunk_016 | astrobench_15ca427d22_chunk_004 | astrobench_d82fccf1ca_chunk_002 | astrobench_eb380fd57f_chunk_023 | astrobench_eb380fd57f_chunk_030 | astrobench_3644e67b5c_chunk_007 | astrobench_d82fccf1ca_chunk_014,astrobench_15ca427d22_chunk_010::4.2.Kinematic warp model | astrobench_15ca427d22_chunk_008::4.2.Kinematic warp model | astrobench_15ca427d22_chunk_023::4.3.Perturbation from the DM halo | astrobench_15ca427d22_chunk_009::4.2.Kinematic warp model | astrobench_b7b4f9944a_chunk_036::A2 Predictive posterior check | astrobench_eb380fd57f_chunk_016::6.1.Connecting simulation results to the Milky Way | astrobench_15ca427d22_chunk_004::5.3.Comparing with the flatten DM halo model | astrobench_d82fccf1ca_chunk_002::1 INTRODUCTION | astrobench_eb380fd57f_chunk_023::4.1.Test particle phase spiral winding | astrobench_eb380fd57f_chunk_030::6.2.Comparison with previous work | astrobench_3644e67b5c_chunk_007::Appendix A: Motivating the Principle of Self-Locating Indifference assuming that the model U∗ for the real universe is known | astrobench_d82fccf1ca_chunk_014::5 CONCLUSIONS,TODO,
astro_q082,distribution_functions,comparison,hard,How does Fokker-Planck modelling differ from likelihood-based dynamical inference in Galactic modelling workflows?,Fokker-Planck modelling | likelihood-based dynamical inference,astrobench_f31aa696a1 | astrobench_705f443da5 | astrobench_6b026e54cb | astrobench_b7b4f9944a,"Forward-modelling Milky Way Cepheids: selection effects and physical priors in the Gaia-HST calibration | Distribution function-based modelling of discrete kinematic datasets, in application to the Milky Way nuclear star cluster | The LEGARE Project. I. Chemical evolution model of the Nuclear Stellar Disc in a Bayesian framework | Quantifying the Milky Way, LMC and their interaction using all-sky kinematics of outer halo stars",astrobench_f31aa696a1_chunk_030 | astrobench_f31aa696a1_chunk_001,astrobench_705f443da5_chunk_002 | astrobench_705f443da5_chunk_032 | astrobench_705f443da5_chunk_039,astrobench_f31aa696a1_chunk_030 | astrobench_f31aa696a1_chunk_001 | astrobench_705f443da5_chunk_002 | astrobench_705f443da5_chunk_032 | astrobench_705f443da5_chunk_039 | astrobench_f31aa696a1_chunk_028 | astrobench_705f443da5_chunk_018 | astrobench_6b026e54cb_chunk_023 | astrobench_f31aa696a1_chunk_038 | astrobench_b7b4f9944a_chunk_003 | astrobench_705f443da5_chunk_011 | astrobench_705f443da5_chunk_010,astrobench_f31aa696a1_chunk_030::18 R.Stiskalek et al | astrobench_f31aa696a1_chunk_001::1 INTRODUCTION | astrobench_705f443da5_chunk_002::2.1.Overview of methods | astrobench_705f443da5_chunk_032::3.3.1.Computation of projected DF and density | astrobench_705f443da5_chunk_039::3.3.4.Treatment of outliers and foreground contamination | astrobench_f31aa696a1_chunk_028::5.1 Comparison with previous approaches | astrobench_705f443da5_chunk_018::3.4.Test on mock data | astrobench_6b026e54cb_chunk_023::4.1.Likelihood definition | astrobench_f31aa696a1_chunk_038::12 R.Stiskalek et al | astrobench_b7b4f9944a_chunk_003::1 INTRODUCTION | astrobench_705f443da5_chunk_011::3.MODEL FITTING | astrobench_705f443da5_chunk_010::2.3.Construction of self-consistent models,TODO,
astro_q083,scientific_retrieval,definition,hard,What does lexical retrieval mean in the setting of scientific document retrieval?,lexical retrieval | dense retrieval,astrobench_79edfd6850 | astrobench_3644e67b5c | astrobench_d82fccf1ca | astrobench_a877243f10 | astrobench_0deff610d0,Constraining the Galactic bar and spiral pattern speeds with the Hyades tidal stream | Probabilistic inference in very large universes | Stirring Things Up: Bar-induced substructures in the stellar halo of a cosmological Milky Way analogue | Distribution functions for spheroids | Hierarchical bayesian inference: constraining population distribution of dark matter halo shapes via stellar streams,astrobench_79edfd6850_chunk_010 | astrobench_3644e67b5c_chunk_029,astrobench_d82fccf1ca_chunk_031 | astrobench_a877243f10_chunk_020 | astrobench_0deff610d0_chunk_040,astrobench_79edfd6850_chunk_010 | astrobench_3644e67b5c_chunk_029 | astrobench_d82fccf1ca_chunk_031 | astrobench_a877243f10_chunk_020 | astrobench_0deff610d0_chunk_040 | astrobench_3644e67b5c_chunk_047 | astrobench_15ca427d22_chunk_014 | astrobench_15ca427d22_chunk_016 | astrobench_c4e7b8fe70_chunk_012 | astrobench_b7b4f9944a_chunk_022 | astrobench_3644e67b5c_chunk_028 | astrobench_15ca427d22_chunk_013,"astrobench_79edfd6850_chunk_010::2.3.3.Proper motions | astrobench_3644e67b5c_chunk_029::we find | astrobench_d82fccf1ca_chunk_031::3.2 Connection to configuration space | astrobench_a877243f10_chunk_020::4 DFS FOR SPHERICAL MODELS | astrobench_0deff610d0_chunk_040::APPENDIX A: POPULATION RELATIONS | astrobench_3644e67b5c_chunk_047::IV-B.When we evaluate theories, should we use only what we know for certain? | astrobench_15ca427d22_chunk_014::3.DM HALO IN SIMULATION | astrobench_15ca427d22_chunk_016::3.DM HALO IN SIMULATION | astrobench_c4e7b8fe70_chunk_012::3.1.Model Evolution | astrobench_b7b4f9944a_chunk_022::5.1 Inference set-up | astrobench_3644e67b5c_chunk_028::we find | astrobench_15ca427d22_chunk_013::2.4.Orbital Parameters",TODO,
astro_q084,galactic_dynamics,definition,easy,What is orbital structure in the Milky Way in the context of Galactic dynamics?,orbital structure in the Milky Way | vertical phase-space spirals,astrobench_3474c47fe1 | astrobench_d82fccf1ca | astrobench_eb380fd57f | astrobench_1e3dee4300,Self-consistent dynamical models with a finite extent -- V. Smooth radial truncations and phase-space consistency | Stirring Things Up: Bar-induced substructures in the stellar halo of a cosmological Milky Way analogue | Phase spirals across galactic disks I: Exploring dynamical influences on winding | Bar Properties and Star-by-Star Bar Membership via Action Conservation,astrobench_3474c47fe1_chunk_002 | astrobench_d82fccf1ca_chunk_017,astrobench_eb380fd57f_chunk_021 | astrobench_3474c47fe1_chunk_004 | astrobench_3474c47fe1_chunk_012,astrobench_3474c47fe1_chunk_002 | astrobench_d82fccf1ca_chunk_017 | astrobench_eb380fd57f_chunk_021 | astrobench_3474c47fe1_chunk_004 | astrobench_3474c47fe1_chunk_012 | astrobench_3474c47fe1_chunk_016 | astrobench_3474c47fe1_chunk_015 | astrobench_3474c47fe1_chunk_009 | astrobench_3474c47fe1_chunk_005 | astrobench_1e3dee4300_chunk_007 | astrobench_3474c47fe1_chunk_006 | astrobench_eb380fd57f_chunk_020,astrobench_3474c47fe1_chunk_002::1 INTRODUCTION | astrobench_d82fccf1ca_chunk_017::3 RESONANCES IN THE STELLAR HALO | astrobench_eb380fd57f_chunk_021::3.2.2.Deriving winding times | astrobench_3474c47fe1_chunk_004::5 SUMMARY | astrobench_3474c47fe1_chunk_012::4.1 Sharp versus soft truncations | astrobench_3474c47fe1_chunk_016::4.2 Extension to anisotropic orbital structures | astrobench_3474c47fe1_chunk_015::4.2 Extension to anisotropic orbital structures | astrobench_3474c47fe1_chunk_009::2.2 Implementation in SpheCow | astrobench_3474c47fe1_chunk_005::5 SUMMARY | astrobench_1e3dee4300_chunk_007::1.2 Dynamical Actions | astrobench_3474c47fe1_chunk_006::3.1 The Hernquist model | astrobench_eb380fd57f_chunk_020::3.1.2.Binning particles with a common history,TODO,
astro_q085,action_angle_methods,method,medium,How are orbital frequencies used to describe orbital structure?,orbital frequencies | canonical coordinates,astrobench_eb380fd57f | astrobench_d82fccf1ca | astrobench_a877243f10 | astrobench_3474c47fe1 | astrobench_a36c60393b,Phase spirals across galactic disks I: Exploring dynamical influences on winding | Stirring Things Up: Bar-induced substructures in the stellar halo of a cosmological Milky Way analogue | Distribution functions for spheroids | Self-consistent dynamical models with a finite extent -- V. Smooth radial truncations and phase-space consistency | Exploring the formation mechanisms of tidal structures in globular clusters of extragalactic origin,astrobench_eb380fd57f_chunk_020 | astrobench_d82fccf1ca_chunk_041,astrobench_a877243f10_chunk_027 | astrobench_d82fccf1ca_chunk_031 | astrobench_3474c47fe1_chunk_002,astrobench_eb380fd57f_chunk_020 | astrobench_d82fccf1ca_chunk_041 | astrobench_a877243f10_chunk_027 | astrobench_d82fccf1ca_chunk_031 | astrobench_3474c47fe1_chunk_002 | astrobench_a877243f10_chunk_035 | astrobench_a36c60393b_chunk_010 | astrobench_3474c47fe1_chunk_016 | astrobench_d82fccf1ca_chunk_017 | astrobench_3474c47fe1_chunk_015 | astrobench_eb380fd57f_chunk_018 | astrobench_3474c47fe1_chunk_004,astrobench_eb380fd57f_chunk_020::3.1.2.Binning particles with a common history | astrobench_d82fccf1ca_chunk_041::2.2 Calculating orbital frequencies | astrobench_a877243f10_chunk_027::3.2 Flattened models | astrobench_d82fccf1ca_chunk_031::3.2 Connection to configuration space | astrobench_3474c47fe1_chunk_002::1 INTRODUCTION | astrobench_a877243f10_chunk_035::3 ANALYTIC CONSIDERATIONS | astrobench_a36c60393b_chunk_010::4.3.Influence of orbital parameters on tidal feature formation | astrobench_3474c47fe1_chunk_016::4.2 Extension to anisotropic orbital structures | astrobench_d82fccf1ca_chunk_017::3 RESONANCES IN THE STELLAR HALO | astrobench_3474c47fe1_chunk_015::4.2 Extension to anisotropic orbital structures | astrobench_eb380fd57f_chunk_018::3.1.Choice of coordinate systems | astrobench_3474c47fe1_chunk_004::5 SUMMARY,TODO,
astro_q086,scientific_retrieval,method,medium,How does section-aware chunking improve scientific retrieval pipelines?,section-aware chunking | reranking,astrobench_ef28bece42 | astrobench_98f72fa560 | astrobench_f31aa696a1 | astrobench_d82fccf1ca | astrobench_6b026e54cb,Galactic disc warps from $z = 2.5$ to modern epoch: ruling out observational effects | A Selection Aware View of Black Hole-Galaxy Coevolution at High Redshift | Forward-modelling Milky Way Cepheids: selection effects and physical priors in the Gaia-HST calibration | Stirring Things Up: Bar-induced substructures in the stellar halo of a cosmological Milky Way analogue | The LEGARE Project. I. Chemical evolution model of the Nuclear Stellar Disc in a Bayesian framework,astrobench_ef28bece42_chunk_004 | astrobench_98f72fa560_chunk_024,astrobench_98f72fa560_chunk_013 | astrobench_98f72fa560_chunk_019 | astrobench_f31aa696a1_chunk_021,astrobench_ef28bece42_chunk_004 | astrobench_98f72fa560_chunk_024 | astrobench_98f72fa560_chunk_013 | astrobench_98f72fa560_chunk_019 | astrobench_f31aa696a1_chunk_021 | astrobench_98f72fa560_chunk_017 | astrobench_d82fccf1ca_chunk_010 | astrobench_98f72fa560_chunk_010 | astrobench_6b026e54cb_chunk_020 | astrobench_a877243f10_chunk_006 | astrobench_6b026e54cb_chunk_004 | astrobench_d82fccf1ca_chunk_035,astrobench_ef28bece42_chunk_004::2.SAMPLE AND DATA ANALYSIS | astrobench_98f72fa560_chunk_024::F.Ziparo et al.: A Selection Aware View of Black Hole–Galaxy Coevolution at High Redshift | astrobench_98f72fa560_chunk_013::F.Ziparo et al.: A Selection Aware View of Black Hole–Galaxy Coevolution at High Redshift | astrobench_98f72fa560_chunk_019::5.Comparison with previous works | astrobench_f31aa696a1_chunk_021::2 R.Stiskalek et al | astrobench_98f72fa560_chunk_017::3.3.Inferring the M BH -M⋆ relation | astrobench_d82fccf1ca_chunk_010::1 INTRODUCTION | astrobench_98f72fa560_chunk_010::F.Ziparo et al.: A Selection Aware View of Black Hole–Galaxy Coevolution at High Redshift | astrobench_6b026e54cb_chunk_020::2.Chemical evolution models | astrobench_a877243f10_chunk_006::1 INTRODUCTION | astrobench_6b026e54cb_chunk_004::5.Results for the NSD chemical evolution | astrobench_d82fccf1ca_chunk_035::4 ORBITAL SCATTERING AT THE RESONANCES,TODO,
astro_q087,scientific_qa,comparison,medium,How does citation-faithful answering differ from abstention in scientific QA evaluation?,citation-faithful answering | abstention,astrobench_3644e67b5c | astrobench_a877243f10 | astrobench_3474c47fe1 | astrobench_a36c60393b | astrobench_f31aa696a1,Probabilistic inference in very large universes | Distribution functions for spheroids | Self-consistent dynamical models with a finite extent -- V. Smooth radial truncations and phase-space consistency | Exploring the formation mechanisms of tidal structures in globular clusters of extragalactic origin | Forward-modelling Milky Way Cepheids: selection effects and physical priors in the Gaia-HST calibration,astrobench_3644e67b5c_chunk_055 | astrobench_3644e67b5c_chunk_018,astrobench_a877243f10_chunk_011 | astrobench_3474c47fe1_chunk_011 | astrobench_3644e67b5c_chunk_047,astrobench_3644e67b5c_chunk_055 | astrobench_3644e67b5c_chunk_018 | astrobench_a877243f10_chunk_011 | astrobench_3474c47fe1_chunk_011 | astrobench_3644e67b5c_chunk_047 | astrobench_a36c60393b_chunk_032 | astrobench_f31aa696a1_chunk_030 | astrobench_705f443da5_chunk_034 | astrobench_3474c47fe1_chunk_021 | astrobench_e6b347fbf5_chunk_006 | astrobench_3644e67b5c_chunk_051 | astrobench_3644e67b5c_chunk_020,"astrobench_3644e67b5c_chunk_055::we find | astrobench_3644e67b5c_chunk_018::IV-B.When we evaluate theories, should we use only what we know for certain? | astrobench_a877243f10_chunk_011::6 SELF-CONSISTENT MODELS | astrobench_3474c47fe1_chunk_011::2.2 Implementation in SpheCow | astrobench_3644e67b5c_chunk_047::IV-B.When we evaluate theories, should we use only what we know for certain? | astrobench_a36c60393b_chunk_032::4.2.Dependence of tidal features on intrinsic properties | astrobench_f31aa696a1_chunk_030::18 R.Stiskalek et al | astrobench_705f443da5_chunk_034::3.3.2.Computation of velocity distributions | astrobench_3474c47fe1_chunk_021::4.4 The distribution function as consistency diagnostic | astrobench_e6b347fbf5_chunk_006::3.1.4.Matching stellar velocity distribution with DM | astrobench_3644e67b5c_chunk_051::IV-C.Rejection of theories in which Boltzmann Brains dominate | astrobench_3644e67b5c_chunk_020::IV-B.When we evaluate theories, should we use only what we know for certain?",TODO,
astro_q088,distribution_functions,challenge,medium,What observational complications affect inference of survey incompleteness?,survey incompleteness | Fokker-Planck modelling,astrobench_98f72fa560 | astrobench_b7b4f9944a | astrobench_a36c60393b | astrobench_f31aa696a1 | astrobench_6b026e54cb,"A Selection Aware View of Black Hole-Galaxy Coevolution at High Redshift | Quantifying the Milky Way, LMC and their interaction using all-sky kinematics of outer halo stars | Exploring the formation mechanisms of tidal structures in globular clusters of extragalactic origin | Forward-modelling Milky Way Cepheids: selection effects and physical priors in the Gaia-HST calibration | The LEGARE Project. I. Chemical evolution model of the Nuclear Stellar Disc in a Bayesian framework",astrobench_98f72fa560_chunk_001 | astrobench_b7b4f9944a_chunk_019,astrobench_a36c60393b_chunk_004 | astrobench_a36c60393b_chunk_006 | astrobench_b7b4f9944a_chunk_045,astrobench_98f72fa560_chunk_001 | astrobench_b7b4f9944a_chunk_019 | astrobench_a36c60393b_chunk_004 | astrobench_a36c60393b_chunk_006 | astrobench_b7b4f9944a_chunk_045 | astrobench_a36c60393b_chunk_007 | astrobench_b7b4f9944a_chunk_004 | astrobench_a36c60393b_chunk_018 | astrobench_f31aa696a1_chunk_001 | astrobench_6b026e54cb_chunk_002 | astrobench_b7b4f9944a_chunk_042 | astrobench_98f72fa560_chunk_017,astrobench_98f72fa560_chunk_001::2.3.Parameter space and detectability mapping | astrobench_b7b4f9944a_chunk_019::3.2 The Milky Way Stellar Halo | astrobench_a36c60393b_chunk_004::3.Matched filter method | astrobench_a36c60393b_chunk_006::2.Observational material | astrobench_b7b4f9944a_chunk_045::3.2 The Milky Way Stellar Halo | astrobench_a36c60393b_chunk_007::2.Observational material | astrobench_b7b4f9944a_chunk_004::1 INTRODUCTION | astrobench_a36c60393b_chunk_018::4.5.Limitations in the detection of tidal structures | astrobench_f31aa696a1_chunk_001::1 INTRODUCTION | astrobench_6b026e54cb_chunk_002::3.Data sample for the NSD metallicity distribution | astrobench_b7b4f9944a_chunk_042::2.1.3 MagE | astrobench_98f72fa560_chunk_017::3.3.Inferring the M BH -M⋆ relation,TODO,
astro_q089,scientific_retrieval,definition,medium,What does paper-first retrieval mean in the setting of scientific document retrieval?,paper-first retrieval | section-aware chunking,astrobench_d82fccf1ca | astrobench_3644e67b5c | astrobench_3474c47fe1 | astrobench_0deff610d0 | astrobench_f31aa696a1,Stirring Things Up: Bar-induced substructures in the stellar halo of a cosmological Milky Way analogue | Probabilistic inference in very large universes | Self-consistent dynamical models with a finite extent -- V. Smooth radial truncations and phase-space consistency | Hierarchical bayesian inference: constraining population distribution of dark matter halo shapes via stellar streams | Forward-modelling Milky Way Cepheids: selection effects and physical priors in the Gaia-HST calibration,astrobench_d82fccf1ca_chunk_010 | astrobench_3644e67b5c_chunk_047,astrobench_3474c47fe1_chunk_002 | astrobench_0deff610d0_chunk_008 | astrobench_3644e67b5c_chunk_029,astrobench_d82fccf1ca_chunk_010 | astrobench_3644e67b5c_chunk_047 | astrobench_3474c47fe1_chunk_002 | astrobench_0deff610d0_chunk_008 | astrobench_3644e67b5c_chunk_029 | astrobench_f31aa696a1_chunk_021 | astrobench_1e3dee4300_chunk_010 | astrobench_a877243f10_chunk_020 | astrobench_0deff610d0_chunk_040 | astrobench_3474c47fe1_chunk_015 | astrobench_ef28bece42_chunk_004 | astrobench_3474c47fe1_chunk_019,"astrobench_d82fccf1ca_chunk_010::1 INTRODUCTION | astrobench_3644e67b5c_chunk_047::IV-B.When we evaluate theories, should we use only what we know for certain? | astrobench_3474c47fe1_chunk_002::1 INTRODUCTION | astrobench_0deff610d0_chunk_008::1 INTRODUCTION | astrobench_3644e67b5c_chunk_029::we find | astrobench_f31aa696a1_chunk_021::2 R.Stiskalek et al | astrobench_1e3dee4300_chunk_010::1.2 Dynamical Actions | astrobench_a877243f10_chunk_020::4 DFS FOR SPHERICAL MODELS | astrobench_0deff610d0_chunk_040::APPENDIX A: POPULATION RELATIONS | astrobench_3474c47fe1_chunk_015::4.2 Extension to anisotropic orbital structures | astrobench_ef28bece42_chunk_004::2.SAMPLE AND DATA ANALYSIS | astrobench_3474c47fe1_chunk_019::4.3 Stability considerations",TODO,
astro_q090,distribution_functions,definition,hard,What is the role of uncertainty quantification in distribution-function modelling?,uncertainty quantification | phase-space density,astrobench_3474c47fe1 | astrobench_705f443da5 | astrobench_3644e67b5c | astrobench_a877243f10,"Self-consistent dynamical models with a finite extent -- V. Smooth radial truncations and phase-space consistency | Distribution function-based modelling of discrete kinematic datasets, in application to the Milky Way nuclear star cluster | Probabilistic inference in very large universes | Distribution functions for spheroids",astrobench_3474c47fe1_chunk_020 | astrobench_3474c47fe1_chunk_022,astrobench_3474c47fe1_chunk_008 | astrobench_3474c47fe1_chunk_017 | astrobench_3474c47fe1_chunk_013,astrobench_3474c47fe1_chunk_020 | astrobench_3474c47fe1_chunk_022 | astrobench_3474c47fe1_chunk_008 | astrobench_3474c47fe1_chunk_017 | astrobench_3474c47fe1_chunk_013 | astrobench_3474c47fe1_chunk_021 | astrobench_705f443da5_chunk_016 | astrobench_3474c47fe1_chunk_012 | astrobench_705f443da5_chunk_032 | astrobench_705f443da5_chunk_018 | astrobench_3644e67b5c_chunk_013 | astrobench_a877243f10_chunk_019,astrobench_3474c47fe1_chunk_020::4.4 The distribution function as consistency diagnostic | astrobench_3474c47fe1_chunk_022::4.4 The distribution function as consistency diagnostic | astrobench_3474c47fe1_chunk_008::5 SUMMARY | astrobench_3474c47fe1_chunk_017::4.3 Stability considerations | astrobench_3474c47fe1_chunk_013::4.1 Sharp versus soft truncations | astrobench_3474c47fe1_chunk_021::4.4 The distribution function as consistency diagnostic | astrobench_705f443da5_chunk_016::3.2.2.Spherical halo models | astrobench_3474c47fe1_chunk_012::4.1 Sharp versus soft truncations | astrobench_705f443da5_chunk_032::3.3.1.Computation of projected DF and density | astrobench_705f443da5_chunk_018::3.4.Test on mock data | astrobench_3644e67b5c_chunk_013::III-B.Principle of Self-Locating Indifference | astrobench_a877243f10_chunk_019::3.2 Flattened models,TODO,
astro_q091,action_angle_methods,definition,easy,Why are trajectory-based coordinate learning useful in Hamiltonian dynamics?,trajectory-based coordinate learning | symplectic structure,astrobench_705f443da5 | astrobench_eb380fd57f | astrobench_b7b4f9944a | astrobench_0deff610d0 | astrobench_3474c47fe1,"Distribution function-based modelling of discrete kinematic datasets, in application to the Milky Way nuclear star cluster | Phase spirals across galactic disks I: Exploring dynamical influences on winding | Quantifying the Milky Way, LMC and their interaction using all-sky kinematics of outer halo stars | Hierarchical bayesian inference: constraining population distribution of dark matter halo shapes via stellar streams | Self-consistent dynamical models with a finite extent -- V. Smooth radial truncations and phase-space consistency",astrobench_705f443da5_chunk_011 | astrobench_eb380fd57f_chunk_033,astrobench_705f443da5_chunk_012 | astrobench_eb380fd57f_chunk_018 | astrobench_b7b4f9944a_chunk_007,astrobench_705f443da5_chunk_011 | astrobench_eb380fd57f_chunk_033 | astrobench_705f443da5_chunk_012 | astrobench_eb380fd57f_chunk_018 | astrobench_b7b4f9944a_chunk_007 | astrobench_0deff610d0_chunk_009 | astrobench_3474c47fe1_chunk_022 | astrobench_e6b347fbf5_chunk_008 | astrobench_f31aa696a1_chunk_028 | astrobench_1e3dee4300_chunk_003 | astrobench_3644e67b5c_chunk_009 | astrobench_705f443da5_chunk_018,astrobench_705f443da5_chunk_011::3.MODEL FITTING | astrobench_eb380fd57f_chunk_033::2.1.Test Particle Simulation | astrobench_705f443da5_chunk_012::3.MODEL FITTING | astrobench_eb380fd57f_chunk_018::3.1.Choice of coordinate systems | astrobench_b7b4f9944a_chunk_007::1 INTRODUCTION | astrobench_0deff610d0_chunk_009::2 METHODS | astrobench_3474c47fe1_chunk_022::4.4 The distribution function as consistency diagnostic | astrobench_e6b347fbf5_chunk_008::B.2.Subhalo-subhalo mergers | astrobench_f31aa696a1_chunk_028::5.1 Comparison with previous approaches | astrobench_1e3dee4300_chunk_003::1.1 Background | astrobench_3644e67b5c_chunk_009::III.CALCULATING FIRST-PERSON PROBABILITIES IN VERY LARGE UNIVERSES | astrobench_705f443da5_chunk_018::3.4.Test on mock data,TODO,
astro_q092,scientific_retrieval,comparison,medium,Why might lexical retrieval outperform reranking on scientific papers?,lexical retrieval | reranking,astrobench_3644e67b5c | astrobench_cc18f51e25 | astrobench_3474c47fe1 | astrobench_c4e7b8fe70,"Probabilistic inference in very large universes | Laplace-Legendre expansion of the planar planetary Hamiltonian | Self-consistent dynamical models with a finite extent -- V. Smooth radial truncations and phase-space consistency | Scattering, Migration, Re-circularization and Relaxation to Build Out Galaxy Disks with Exponential Profiles",astrobench_3644e67b5c_chunk_047 | astrobench_cc18f51e25_chunk_002,astrobench_3474c47fe1_chunk_015 | astrobench_c4e7b8fe70_chunk_000 | astrobench_3474c47fe1_chunk_007,astrobench_3644e67b5c_chunk_047 | astrobench_cc18f51e25_chunk_002 | astrobench_3474c47fe1_chunk_015 | astrobench_c4e7b8fe70_chunk_000 | astrobench_3474c47fe1_chunk_007 | astrobench_3644e67b5c_chunk_018 | astrobench_3644e67b5c_chunk_051 | astrobench_3644e67b5c_chunk_020 | astrobench_3644e67b5c_chunk_052 | astrobench_3644e67b5c_chunk_053 | astrobench_3644e67b5c_chunk_021 | astrobench_3644e67b5c_chunk_022,"astrobench_3644e67b5c_chunk_047::IV-B.When we evaluate theories, should we use only what we know for certain? | astrobench_cc18f51e25_chunk_002::5 Conclusion | astrobench_3474c47fe1_chunk_015::4.2 Extension to anisotropic orbital structures | astrobench_c4e7b8fe70_chunk_000::2.1.Numerical Disk Model | astrobench_3474c47fe1_chunk_007::1 INTRODUCTION | astrobench_3644e67b5c_chunk_018::IV-B.When we evaluate theories, should we use only what we know for certain? | astrobench_3644e67b5c_chunk_051::IV-C.Rejection of theories in which Boltzmann Brains dominate | astrobench_3644e67b5c_chunk_020::IV-B.When we evaluate theories, should we use only what we know for certain? | astrobench_3644e67b5c_chunk_052::we find | astrobench_3644e67b5c_chunk_053::we find | astrobench_3644e67b5c_chunk_021::IV-B.When we evaluate theories, should we use only what we know for certain? | astrobench_3644e67b5c_chunk_022::IV-B.When we evaluate theories, should we use only what we know for certain?",TODO,
astro_q093,scientific_qa,method,medium,How should a QA system use abstention when citing evidence?,abstention | FActScore-style evaluation,astrobench_3474c47fe1 | astrobench_3644e67b5c | astrobench_a36c60393b | astrobench_705f443da5 | astrobench_eb380fd57f,"Self-consistent dynamical models with a finite extent -- V. Smooth radial truncations and phase-space consistency | Probabilistic inference in very large universes | Exploring the formation mechanisms of tidal structures in globular clusters of extragalactic origin | Distribution function-based modelling of discrete kinematic datasets, in application to the Milky Way nuclear star cluster | Phase spirals across galactic disks I: Exploring dynamical influences on winding",astrobench_3474c47fe1_chunk_011 | astrobench_3644e67b5c_chunk_031,astrobench_3644e67b5c_chunk_030 | astrobench_3644e67b5c_chunk_017 | astrobench_3644e67b5c_chunk_032,astrobench_3474c47fe1_chunk_011 | astrobench_3644e67b5c_chunk_031 | astrobench_3644e67b5c_chunk_030 | astrobench_3644e67b5c_chunk_017 | astrobench_3644e67b5c_chunk_032 | astrobench_a36c60393b_chunk_038 | astrobench_705f443da5_chunk_040 | astrobench_705f443da5_chunk_034 | astrobench_a36c60393b_chunk_029 | astrobench_3644e67b5c_chunk_018 | astrobench_eb380fd57f_chunk_003 | astrobench_eb380fd57f_chunk_002,"astrobench_3474c47fe1_chunk_011::2.2 Implementation in SpheCow | astrobench_3644e67b5c_chunk_031::IV-E.Use of “Old Evidence” | astrobench_3644e67b5c_chunk_030::IV-E.Use of “Old Evidence” | astrobench_3644e67b5c_chunk_017::IV-B.When we evaluate theories, should we use only what we know for certain? | astrobench_3644e67b5c_chunk_032::IV-E.Use of “Old Evidence” | astrobench_a36c60393b_chunk_038::4.4.Environmental independence of tidal morphologies | astrobench_705f443da5_chunk_040::3.3.5.Parameter search | astrobench_705f443da5_chunk_034::3.3.2.Computation of velocity distributions | astrobench_a36c60393b_chunk_029::Appendix A: Detailed notes on individual clusters | astrobench_3644e67b5c_chunk_018::IV-B.When we evaluate theories, should we use only what we know for certain? | astrobench_eb380fd57f_chunk_003::5.2.1.Toy model 1: creating a delay at the start of winding | astrobench_eb380fd57f_chunk_002::5.2.1.Toy model 1: creating a delay at the start of winding",TODO,
astro_q094,distribution_functions,definition,hard,What is the role of survey incompleteness in distribution-function modelling?,survey incompleteness | selection functions,astrobench_98f72fa560 | astrobench_f31aa696a1 | astrobench_a36c60393b | astrobench_705f443da5 | astrobench_6b026e54cb,"A Selection Aware View of Black Hole-Galaxy Coevolution at High Redshift | Forward-modelling Milky Way Cepheids: selection effects and physical priors in the Gaia-HST calibration | Exploring the formation mechanisms of tidal structures in globular clusters of extragalactic origin | Distribution function-based modelling of discrete kinematic datasets, in application to the Milky Way nuclear star cluster | The LEGARE Project. I. Chemical evolution model of the Nuclear Stellar Disc in a Bayesian framework",astrobench_98f72fa560_chunk_001 | astrobench_f31aa696a1_chunk_028,astrobench_f31aa696a1_chunk_015 | astrobench_f31aa696a1_chunk_012 | astrobench_a36c60393b_chunk_004,astrobench_98f72fa560_chunk_001 | astrobench_f31aa696a1_chunk_028 | astrobench_f31aa696a1_chunk_015 | astrobench_f31aa696a1_chunk_012 | astrobench_a36c60393b_chunk_004 | astrobench_98f72fa560_chunk_017 | astrobench_f31aa696a1_chunk_018 | astrobench_705f443da5_chunk_020 | astrobench_a36c60393b_chunk_006 | astrobench_705f443da5_chunk_025 | astrobench_6b026e54cb_chunk_002 | astrobench_705f443da5_chunk_018,astrobench_98f72fa560_chunk_001::2.3.Parameter space and detectability mapping | astrobench_f31aa696a1_chunk_028::5.1 Comparison with previous approaches | astrobench_f31aa696a1_chunk_015::D3 Summary | astrobench_f31aa696a1_chunk_012::D3 Summary | astrobench_a36c60393b_chunk_004::3.Matched filter method | astrobench_98f72fa560_chunk_017::3.3.Inferring the M BH -M⋆ relation | astrobench_f31aa696a1_chunk_018::2 R.Stiskalek et al | astrobench_705f443da5_chunk_020::4.OBSERVATIONAL DATA | astrobench_a36c60393b_chunk_006::2.Observational material | astrobench_705f443da5_chunk_025::3.2.2.Spherical halo models | astrobench_6b026e54cb_chunk_002::3.Data sample for the NSD metallicity distribution | astrobench_705f443da5_chunk_018::3.4.Test on mock data,TODO,
astro_q095,galactic_dynamics,definition,medium,What is satellite perturbations in the context of Galactic dynamics?,satellite perturbations | bending waves,astrobench_15ca427d22 | astrobench_eb380fd57f | astrobench_d82fccf1ca | astrobench_c59a82f3b2 | astrobench_6b026e54cb,A Low-mass Model of The Milky Way: The Disk Warp Resulting from A Galaxy Merger | Phase spirals across galactic disks I: Exploring dynamical influences on winding | Stirring Things Up: Bar-induced substructures in the stellar halo of a cosmological Milky Way analogue | Comparing dynamical effects of the central bar and the spiral arms in the solar neighborhood | The LEGARE Project. I. Chemical evolution model of the Nuclear Stellar Disc in a Bayesian framework,astrobench_15ca427d22_chunk_010 | astrobench_eb380fd57f_chunk_016,astrobench_eb380fd57f_chunk_023 | astrobench_eb380fd57f_chunk_030 | astrobench_15ca427d22_chunk_004,astrobench_15ca427d22_chunk_010 | astrobench_eb380fd57f_chunk_016 | astrobench_eb380fd57f_chunk_023 | astrobench_eb380fd57f_chunk_030 | astrobench_15ca427d22_chunk_004 | astrobench_d82fccf1ca_chunk_002 | astrobench_c59a82f3b2_chunk_002 | astrobench_6b026e54cb_chunk_023 | astrobench_15ca427d22_chunk_008 | astrobench_eb380fd57f_chunk_024 | astrobench_d82fccf1ca_chunk_014 | astrobench_c59a82f3b2_chunk_008,"astrobench_15ca427d22_chunk_010::4.2.Kinematic warp model | astrobench_eb380fd57f_chunk_016::6.1.Connecting simulation results to the Milky Way | astrobench_eb380fd57f_chunk_023::4.1.Test particle phase spiral winding | astrobench_eb380fd57f_chunk_030::6.2.Comparison with previous work | astrobench_15ca427d22_chunk_004::5.3.Comparing with the flatten DM halo model | astrobench_d82fccf1ca_chunk_002::1 INTRODUCTION | astrobench_c59a82f3b2_chunk_002::6.DYNAMICAL VIEW OF THE MOVING GROUPS | astrobench_6b026e54cb_chunk_023::4.1.Likelihood definition | astrobench_15ca427d22_chunk_008::4.2.Kinematic warp model | astrobench_eb380fd57f_chunk_024::4.2.N-body phase spiral winding | astrobench_d82fccf1ca_chunk_014::5 CONCLUSIONS | astrobench_c59a82f3b2_chunk_008::5.HAMILTONIAN TOPOLOGY, COROTATION ZONES AND LINDBLAD RESONANCES",TODO,
astro_q096,scientific_retrieval,challenge,easy,What failure modes arise when using section-aware chunking for full-text retrieval?,section-aware chunking | hybrid retrieval,astrobench_eb380fd57f | astrobench_ef28bece42 | astrobench_98f72fa560 | astrobench_f31aa696a1 | astrobench_d82fccf1ca,Phase spirals across galactic disks I: Exploring dynamical influences on winding | Galactic disc warps from $z = 2.5$ to modern epoch: ruling out observational effects | A Selection Aware View of Black Hole-Galaxy Coevolution at High Redshift | Forward-modelling Milky Way Cepheids: selection effects and physical priors in the Gaia-HST calibration | Stirring Things Up: Bar-induced substructures in the stellar halo of a cosmological Milky Way analogue,astrobench_eb380fd57f_chunk_011 | astrobench_ef28bece42_chunk_004,astrobench_98f72fa560_chunk_024 | astrobench_98f72fa560_chunk_013 | astrobench_98f72fa560_chunk_019,astrobench_eb380fd57f_chunk_011 | astrobench_ef28bece42_chunk_004 | astrobench_98f72fa560_chunk_024 | astrobench_98f72fa560_chunk_013 | astrobench_98f72fa560_chunk_019 | astrobench_98f72fa560_chunk_017 | astrobench_ef28bece42_chunk_003 | astrobench_f31aa696a1_chunk_021 | astrobench_eb380fd57f_chunk_027 | astrobench_d82fccf1ca_chunk_010 | astrobench_98f72fa560_chunk_010 | astrobench_6b026e54cb_chunk_020,astrobench_eb380fd57f_chunk_011::5.2.Exploring individual T fit curve features with toy models | astrobench_ef28bece42_chunk_004::2.SAMPLE AND DATA ANALYSIS | astrobench_98f72fa560_chunk_024::F.Ziparo et al.: A Selection Aware View of Black Hole–Galaxy Coevolution at High Redshift | astrobench_98f72fa560_chunk_013::F.Ziparo et al.: A Selection Aware View of Black Hole–Galaxy Coevolution at High Redshift | astrobench_98f72fa560_chunk_019::5.Comparison with previous works | astrobench_98f72fa560_chunk_017::3.3.Inferring the M BH -M⋆ relation | astrobench_ef28bece42_chunk_003::2.SAMPLE AND DATA ANALYSIS | astrobench_f31aa696a1_chunk_021::2 R.Stiskalek et al | astrobench_eb380fd57f_chunk_027::5.3.Critical assessment | astrobench_d82fccf1ca_chunk_010::1 INTRODUCTION | astrobench_98f72fa560_chunk_010::F.Ziparo et al.: A Selection Aware View of Black Hole–Galaxy Coevolution at High Redshift | astrobench_6b026e54cb_chunk_020::2.Chemical evolution models,TODO,
astro_q097,scientific_qa,comparison,easy,How does gold evidence chunks differ from unsupported claims in scientific QA evaluation?,gold evidence chunks | unsupported claims,astrobench_3644e67b5c | astrobench_f31aa696a1 | astrobench_98f72fa560 | astrobench_a36c60393b | astrobench_eb380fd57f,Probabilistic inference in very large universes | Forward-modelling Milky Way Cepheids: selection effects and physical priors in the Gaia-HST calibration | A Selection Aware View of Black Hole-Galaxy Coevolution at High Redshift | Exploring the formation mechanisms of tidal structures in globular clusters of extragalactic origin | Phase spirals across galactic disks I: Exploring dynamical influences on winding,astrobench_3644e67b5c_chunk_051 | astrobench_3644e67b5c_chunk_053,astrobench_f31aa696a1_chunk_037 | astrobench_3644e67b5c_chunk_054 | astrobench_98f72fa560_chunk_005,astrobench_3644e67b5c_chunk_051 | astrobench_3644e67b5c_chunk_053 | astrobench_f31aa696a1_chunk_037 | astrobench_3644e67b5c_chunk_054 | astrobench_98f72fa560_chunk_005 | astrobench_3644e67b5c_chunk_031 | astrobench_a36c60393b_chunk_038 | astrobench_a36c60393b_chunk_032 | astrobench_eb380fd57f_chunk_003 | astrobench_3644e67b5c_chunk_022 | astrobench_3644e67b5c_chunk_032 | astrobench_3644e67b5c_chunk_018,"astrobench_3644e67b5c_chunk_051::IV-C.Rejection of theories in which Boltzmann Brains dominate | astrobench_3644e67b5c_chunk_053::we find | astrobench_f31aa696a1_chunk_037::2 R.Stiskalek et al | astrobench_3644e67b5c_chunk_054::we find | astrobench_98f72fa560_chunk_005::3.2.Testing the recovery of local scaling relations | astrobench_3644e67b5c_chunk_031::IV-E.Use of “Old Evidence” | astrobench_a36c60393b_chunk_038::4.4.Environmental independence of tidal morphologies | astrobench_a36c60393b_chunk_032::4.2.Dependence of tidal features on intrinsic properties | astrobench_eb380fd57f_chunk_003::5.2.1.Toy model 1: creating a delay at the start of winding | astrobench_3644e67b5c_chunk_022::IV-B.When we evaluate theories, should we use only what we know for certain? | astrobench_3644e67b5c_chunk_032::IV-E.Use of “Old Evidence” | astrobench_3644e67b5c_chunk_018::IV-B.When we evaluate theories, should we use only what we know for certain?",TODO,
astro_q098,distribution_functions,definition,easy,What is the role of likelihood-based dynamical inference in distribution-function modelling?,likelihood-based dynamical inference | Fokker-Planck modelling,astrobench_705f443da5 | astrobench_3474c47fe1,"Distribution function-based modelling of discrete kinematic datasets, in application to the Milky Way nuclear star cluster | Self-consistent dynamical models with a finite extent -- V. Smooth radial truncations and phase-space consistency",astrobench_705f443da5_chunk_018 | astrobench_705f443da5_chunk_002,astrobench_705f443da5_chunk_040 | astrobench_3474c47fe1_chunk_022 | astrobench_705f443da5_chunk_039,astrobench_705f443da5_chunk_018 | astrobench_705f443da5_chunk_002 | astrobench_705f443da5_chunk_040 | astrobench_3474c47fe1_chunk_022 | astrobench_705f443da5_chunk_039 | astrobench_705f443da5_chunk_011 | astrobench_705f443da5_chunk_028 | astrobench_705f443da5_chunk_003 | astrobench_705f443da5_chunk_006 | astrobench_705f443da5_chunk_044 | astrobench_705f443da5_chunk_010 | astrobench_705f443da5_chunk_043,astrobench_705f443da5_chunk_018::3.4.Test on mock data | astrobench_705f443da5_chunk_002::2.1.Overview of methods | astrobench_705f443da5_chunk_040::3.3.5.Parameter search | astrobench_3474c47fe1_chunk_022::4.4 The distribution function as consistency diagnostic | astrobench_705f443da5_chunk_039::3.3.4.Treatment of outliers and foreground contamination | astrobench_705f443da5_chunk_011::3.MODEL FITTING | astrobench_705f443da5_chunk_028::3.2.2.Spherical halo models | astrobench_705f443da5_chunk_003::2.1.Overview of methods | astrobench_705f443da5_chunk_006::2.3.Construction of self-consistent models | astrobench_705f443da5_chunk_044::3.3.4.Treatment of outliers and foreground contamination | astrobench_705f443da5_chunk_010::2.3.Construction of self-consistent models | astrobench_705f443da5_chunk_043::3.3.2.Computation of velocity distributions,TODO,
astro_q099,action_angle_methods,comparison,hard,How does action-angle coordinates compare with trajectory-based coordinate learning for analysing orbits?,action-angle coordinates | trajectory-based coordinate learning,astrobench_a36c60393b | astrobench_eb380fd57f | astrobench_1e3dee4300 | astrobench_705f443da5 | astrobench_0deff610d0,"Exploring the formation mechanisms of tidal structures in globular clusters of extragalactic origin | Phase spirals across galactic disks I: Exploring dynamical influences on winding | Bar Properties and Star-by-Star Bar Membership via Action Conservation | Distribution function-based modelling of discrete kinematic datasets, in application to the Milky Way nuclear star cluster | Hierarchical bayesian inference: constraining population distribution of dark matter halo shapes via stellar streams",astrobench_a36c60393b_chunk_010 | astrobench_a36c60393b_chunk_033,astrobench_a36c60393b_chunk_015 | astrobench_eb380fd57f_chunk_018 | astrobench_1e3dee4300_chunk_007,astrobench_a36c60393b_chunk_010 | astrobench_a36c60393b_chunk_033 | astrobench_a36c60393b_chunk_015 | astrobench_eb380fd57f_chunk_018 | astrobench_1e3dee4300_chunk_007 | astrobench_1e3dee4300_chunk_014 | astrobench_1e3dee4300_chunk_006 | astrobench_eb380fd57f_chunk_020 | astrobench_705f443da5_chunk_011 | astrobench_eb380fd57f_chunk_019 | astrobench_0deff610d0_chunk_035 | astrobench_79edfd6850_chunk_008,"astrobench_a36c60393b_chunk_010::4.3.Influence of orbital parameters on tidal feature formation | astrobench_a36c60393b_chunk_033::4.3.Influence of orbital parameters on tidal feature formation | astrobench_a36c60393b_chunk_015::4.4.Environmental independence of tidal morphologies | astrobench_eb380fd57f_chunk_018::3.1.Choice of coordinate systems | astrobench_1e3dee4300_chunk_007::1.2 Dynamical Actions | astrobench_1e3dee4300_chunk_014::1.2 Dynamical Actions | astrobench_1e3dee4300_chunk_006::1.2 Dynamical Actions | astrobench_eb380fd57f_chunk_020::3.1.2.Binning particles with a common history | astrobench_705f443da5_chunk_011::3.MODEL FITTING | astrobench_eb380fd57f_chunk_019::3.1.1.Using ( θz, Jz ) to simplify phase spiral morphology | astrobench_0deff610d0_chunk_035::2.2 Track Extraction | astrobench_79edfd6850_chunk_008::2.3.1.Stream Morphology",TODO,
astro_q100,scientific_retrieval,definition,easy,What does evidence chunks mean in the setting of scientific document retrieval?,evidence chunks | paper-first retrieval,astrobench_3644e67b5c | astrobench_a36c60393b | astrobench_eb380fd57f | astrobench_a877243f10 | astrobench_0deff610d0,Probabilistic inference in very large universes | Exploring the formation mechanisms of tidal structures in globular clusters of extragalactic origin | Phase spirals across galactic disks I: Exploring dynamical influences on winding | Distribution functions for spheroids | Hierarchical bayesian inference: constraining population distribution of dark matter halo shapes via stellar streams,astrobench_3644e67b5c_chunk_031 | astrobench_a36c60393b_chunk_038,astrobench_3644e67b5c_chunk_030 | astrobench_eb380fd57f_chunk_003 | astrobench_3644e67b5c_chunk_022,astrobench_3644e67b5c_chunk_031 | astrobench_a36c60393b_chunk_038 | astrobench_3644e67b5c_chunk_030 | astrobench_eb380fd57f_chunk_003 | astrobench_3644e67b5c_chunk_022 | astrobench_3644e67b5c_chunk_047 | astrobench_3644e67b5c_chunk_032 | astrobench_eb380fd57f_chunk_002 | astrobench_3644e67b5c_chunk_029 | astrobench_a877243f10_chunk_020 | astrobench_0deff610d0_chunk_040 | astrobench_3644e67b5c_chunk_038,"astrobench_3644e67b5c_chunk_031::IV-E.Use of “Old Evidence” | astrobench_a36c60393b_chunk_038::4.4.Environmental independence of tidal morphologies | astrobench_3644e67b5c_chunk_030::IV-E.Use of “Old Evidence” | astrobench_eb380fd57f_chunk_003::5.2.1.Toy model 1: creating a delay at the start of winding | astrobench_3644e67b5c_chunk_022::IV-B.When we evaluate theories, should we use only what we know for certain? | astrobench_3644e67b5c_chunk_047::IV-B.When we evaluate theories, should we use only what we know for certain? | astrobench_3644e67b5c_chunk_032::IV-E.Use of “Old Evidence” | astrobench_eb380fd57f_chunk_002::5.2.1.Toy model 1: creating a delay at the start of winding | astrobench_3644e67b5c_chunk_029::we find | astrobench_a877243f10_chunk_020::4 DFS FOR SPHERICAL MODELS | astrobench_0deff610d0_chunk_040::APPENDIX A: POPULATION RELATIONS | astrobench_3644e67b5c_chunk_038::In Ref.[20], Hartle and Srednicki wrote",TODO,
